2026/05/21 02:07:56.812, 0, 0, 0
2026/05/21 02:07:56.813, 1, 0, 0
2026/05/21 02:07:56.813, 2, 0, 0
2026/05/21 02:07:56.813, 3, 0, 0
2026/05/21 02:07:56.814, 4, 0, 0
2026/05/21 02:07:56.814, 5, 0, 0
2026/05/21 02:07:56.814, 6, 0, 0
2026/05/21 02:07:56.814, 7, 0, 0
2026/05/21 02:07:57.503, 0, 0, 4
2026/05/21 02:07:57.503, 1, 0, 4
2026/05/21 02:07:57.503, 2, 0, 4
2026/05/21 02:07:57.503, 3, 0, 4
2026/05/21 02:07:57.504, 4, 0, 4
2026/05/21 02:07:57.504, 5, 0, 4
2026/05/21 02:07:57.504, 6, 0, 4
2026/05/21 02:07:57.504, 7, 0, 4
2026/05/21 02:07:58.510, 0, 0, 16
2026/05/21 02:07:58.512, 1, 0, 16
2026/05/21 02:07:58.518, 2, 0, 16
2026/05/21 02:07:58.520, 3, 0, 16
2026/05/21 02:07:58.523, 4, 0, 16
2026/05/21 02:07:58.526, 5, 0, 16
2026/05/21 02:07:58.528, 6, 0, 16
2026/05/21 02:07:58.538, 7, 0, 16
2026/05/21 02:07:59.270, 0, 1, 312
2026/05/21 02:07:59.271, 1, 0, 312
2026/05/21 02:07:59.271, 2, 1, 20812
2026/05/21 02:07:59.272, 3, 7, 20812
2026/05/21 02:07:59.273, 4, 7, 20812
2026/05/21 02:07:59.273, 5, 1, 312
2026/05/21 02:07:59.274, 6, 1, 17386
2026/05/21 02:07:59.275, 7, 0, 312
2026/05/21 02:07:59.868, 0, 4, 21794
2026/05/21 02:07:59.869, 1, 25, 20812
2026/05/21 02:07:59.869, 2, 19, 20812
2026/05/21 02:07:59.869, 3, 27, 20812
2026/05/21 02:07:59.869, 4, 29, 20812
2026/05/21 02:07:59.870, 5, 31, 17406
2026/05/21 02:07:59.870, 6, 26, 17386
2026/05/21 02:07:59.870, 7, 8, 11582
2026/05/21 02:08:00.477, 0, 5, 21794
2026/05/21 02:08:00.477, 1, 4, 20812
2026/05/21 02:08:00.477, 2, 5, 20812
2026/05/21 02:08:00.478, 3, 28, 20812
2026/05/21 02:08:00.478, 4, 27, 20812
2026/05/21 02:08:00.478, 5, 8, 17406
2026/05/21 02:08:00.478, 6, 35, 17386
2026/05/21 02:08:00.479, 7, 8, 11582
2026/05/21 02:08:01.068, 0, 3, 21794
2026/05/21 02:08:01.069, 1, 3, 20812
2026/05/21 02:08:01.069, 2, 2, 20812
2026/05/21 02:08:01.069, 3, 9, 20812
2026/05/21 02:08:01.070, 4, 31, 20812
2026/05/21 02:08:01.070, 5, 13, 17406
2026/05/21 02:08:01.071, 6, 5, 17386
2026/05/21 02:08:01.071, 7, 4, 11582
2026/05/21 02:08:01.715, 0, 3, 21794
2026/05/21 02:08:01.715, 1, 3, 20812
2026/05/21 02:08:01.716, 2, 3, 20812
2026/05/21 02:08:01.716, 3, 3, 20812
2026/05/21 02:08:01.716, 4, 34, 20812
2026/05/21 02:08:01.717, 5, 39, 17406
2026/05/21 02:08:01.717, 6, 2, 17386
2026/05/21 02:08:01.717, 7, 8, 11582
2026/05/21 02:08:02.322, 0, 2, 21794
2026/05/21 02:08:02.322, 1, 2, 20812
2026/05/21 02:08:02.323, 2, 7, 20812
2026/05/21 02:08:02.323, 3, 3, 20812
2026/05/21 02:08:02.324, 4, 3, 20812
2026/05/21 02:08:02.325, 5, 16, 17406
2026/05/21 02:08:02.325, 6, 4, 17386
2026/05/21 02:08:02.325, 7, 13, 11582
2026/05/21 02:08:02.909, 0, 2, 21794
2026/05/21 02:08:02.909, 1, 2, 20812
2026/05/21 02:08:02.910, 2, 2, 20812
2026/05/21 02:08:02.910, 3, 2, 20812
2026/05/21 02:08:02.910, 4, 3, 20812
2026/05/21 02:08:02.911, 5, 2, 17406
2026/05/21 02:08:02.911, 6, 2, 17386
2026/05/21 02:08:02.911, 7, 4, 11582
2026/05/21 02:08:03.510, 0, 2, 21794
2026/05/21 02:08:03.510, 1, 2, 20812
2026/05/21 02:08:03.511, 2, 2, 20812
2026/05/21 02:08:03.511, 3, 2, 20812
2026/05/21 02:08:03.511, 4, 3, 20812
2026/05/21 02:08:03.511, 5, 6, 17406
2026/05/21 02:08:03.512, 6, 2, 17386
2026/05/21 02:08:03.512, 7, 3, 11582
2026/05/21 02:08:04.104, 0, 2, 21794
2026/05/21 02:08:04.104, 1, 2, 20812
2026/05/21 02:08:04.104, 2, 2, 20812
2026/05/21 02:08:04.105, 3, 2, 20812
2026/05/21 02:08:04.105, 4, 3, 20812
2026/05/21 02:08:04.105, 5, 3, 17406
2026/05/21 02:08:04.105, 6, 2, 17386
2026/05/21 02:08:04.105, 7, 6, 11582
2026/05/21 02:08:04.731, 0, 3, 21794
2026/05/21 02:08:04.732, 1, 2, 20812
2026/05/21 02:08:04.732, 2, 2, 20812
2026/05/21 02:08:04.732, 3, 3, 20812
2026/05/21 02:08:04.732, 4, 16, 20812
2026/05/21 02:08:04.733, 5, 5, 17406
2026/05/21 02:08:04.733, 6, 3, 17386
2026/05/21 02:08:04.733, 7, 4, 11582
2026/05/21 02:08:05.336, 0, 11, 21794
2026/05/21 02:08:05.336, 1, 3, 20812
2026/05/21 02:08:05.336, 2, 2, 20812
2026/05/21 02:08:05.336, 3, 2, 20812
2026/05/21 02:08:05.337, 4, 24, 20812
2026/05/21 02:08:05.337, 5, 3, 17406
2026/05/21 02:08:05.337, 6, 3, 17386
2026/05/21 02:08:05.337, 7, 4, 11582
2026/05/21 02:08:05.945, 0, 3, 21794
2026/05/21 02:08:05.946, 1, 3, 20812
2026/05/21 02:08:05.946, 2, 3, 20812
2026/05/21 02:08:05.946, 3, 20, 20812
2026/05/21 02:08:05.947, 4, 3, 20812
2026/05/21 02:08:05.947, 5, 3, 17406
2026/05/21 02:08:05.947, 6, 3, 17386
2026/05/21 02:08:05.947, 7, 4, 11582
2026/05/21 02:08:06.570, 0, 2, 21794
2026/05/21 02:08:06.571, 1, 2, 20812
2026/05/21 02:08:06.571, 2, 3, 20812
2026/05/21 02:08:06.572, 3, 9, 20812
2026/05/21 02:08:06.572, 4, 3, 20812
2026/05/21 02:08:06.572, 5, 3, 17406
2026/05/21 02:08:06.573, 6, 3, 17386
2026/05/21 02:08:06.573, 7, 4, 11582
2026/05/21 02:08:07.155, 0, 2, 21794
2026/05/21 02:08:07.155, 1, 2, 20812
2026/05/21 02:08:07.155, 2, 3, 20812
2026/05/21 02:08:07.156, 3, 3, 20812
2026/05/21 02:08:07.156, 4, 2, 20812
2026/05/21 02:08:07.156, 5, 2, 17406
2026/05/21 02:08:07.157, 6, 3, 17386
2026/05/21 02:08:07.157, 7, 4, 11582
2026/05/21 02:08:07.754, 0, 2, 21794
2026/05/21 02:08:07.754, 1, 2, 20812
2026/05/21 02:08:07.755, 2, 2, 20812
2026/05/21 02:08:07.755, 3, 3, 20812
2026/05/21 02:08:07.755, 4, 2, 20812
2026/05/21 02:08:07.755, 5, 2, 17406
2026/05/21 02:08:07.755, 6, 2, 17386
2026/05/21 02:08:07.756, 7, 3, 11582
2026/05/21 02:08:08.346, 0, 2, 21794
2026/05/21 02:08:08.346, 1, 2, 20812
2026/05/21 02:08:08.346, 2, 2, 20812
2026/05/21 02:08:08.346, 3, 2, 20812
2026/05/21 02:08:08.347, 4, 3, 20812
2026/05/21 02:08:08.347, 5, 2, 17406
2026/05/21 02:08:08.347, 6, 2, 17386
2026/05/21 02:08:08.347, 7, 4, 11582
2026/05/21 02:08:08.919, 0, 2, 21794
2026/05/21 02:08:08.919, 1, 2, 20812
2026/05/21 02:08:08.920, 2, 2, 20812
2026/05/21 02:08:08.920, 3, 3, 20812
2026/05/21 02:08:08.920, 4, 2, 20812
2026/05/21 02:08:08.920, 5, 2, 17406
2026/05/21 02:08:08.921, 6, 2, 17386
2026/05/21 02:08:08.921, 7, 4, 11582
2026/05/21 02:08:09.512, 0, 2, 21794
2026/05/21 02:08:09.512, 1, 2, 20812
2026/05/21 02:08:09.512, 2, 2, 20812
2026/05/21 02:08:09.513, 3, 3, 20812
2026/05/21 02:08:09.513, 4, 3, 20812
2026/05/21 02:08:09.513, 5, 3, 17406
2026/05/21 02:08:09.514, 6, 2, 17386
2026/05/21 02:08:09.514, 7, 11, 11582
2026/05/21 02:08:10.107, 0, 3, 21794
2026/05/21 02:08:10.108, 1, 3, 20812
2026/05/21 02:08:10.108, 2, 11, 20812
2026/05/21 02:08:10.109, 3, 18, 20812
2026/05/21 02:08:10.109, 4, 3, 20812
2026/05/21 02:08:10.109, 5, 3, 17406
2026/05/21 02:08:10.110, 6, 3, 17386
2026/05/21 02:08:10.110, 7, 4, 11582
2026/05/21 02:08:10.689, 0, 3, 21794
2026/05/21 02:08:10.690, 1, 3, 20812
2026/05/21 02:08:10.690, 2, 2, 20812
2026/05/21 02:08:10.691, 3, 2, 20812
2026/05/21 02:08:10.691, 4, 2, 20812
2026/05/21 02:08:10.691, 5, 3, 17406
2026/05/21 02:08:10.692, 6, 2, 17386
2026/05/21 02:08:10.692, 7, 4, 11582
2026/05/21 02:08:11.291, 0, 2, 21794
2026/05/21 02:08:11.292, 1, 3, 20812
2026/05/21 02:08:11.292, 2, 3, 20812
2026/05/21 02:08:11.292, 3, 3, 20812
2026/05/21 02:08:11.292, 4, 5, 20812
2026/05/21 02:08:11.293, 5, 12, 17406
2026/05/21 02:08:11.293, 6, 3, 17386
2026/05/21 02:08:11.293, 7, 4, 11582
2026/05/21 02:08:11.888, 0, 3, 21794
2026/05/21 02:08:11.888, 1, 2, 20812
2026/05/21 02:08:11.888, 2, 3, 20812
2026/05/21 02:08:11.888, 3, 18, 20812
2026/05/21 02:08:11.889, 4, 5, 20812
2026/05/21 02:08:11.889, 5, 3, 17406
2026/05/21 02:08:11.889, 6, 3, 17386
2026/05/21 02:08:11.889, 7, 4, 11582
2026/05/21 02:08:12.497, 0, 2, 21794
2026/05/21 02:08:12.498, 1, 3, 20812
2026/05/21 02:08:12.498, 2, 3, 20812
2026/05/21 02:08:12.498, 3, 5, 20812
2026/05/21 02:08:12.499, 4, 2, 20812
2026/05/21 02:08:12.499, 5, 3, 17406
2026/05/21 02:08:12.499, 6, 2, 17386
2026/05/21 02:08:12.499, 7, 4, 11582
2026/05/21 02:08:13.091, 0, 2, 21794
2026/05/21 02:08:13.092, 1, 4, 20812
2026/05/21 02:08:13.092, 2, 3, 20812
2026/05/21 02:08:13.092, 3, 6, 20812
2026/05/21 02:08:13.093, 4, 10, 20812
2026/05/21 02:08:13.093, 5, 10, 17406
2026/05/21 02:08:13.093, 6, 3, 17386
2026/05/21 02:08:13.093, 7, 23, 11582
2026/05/21 02:08:13.686, 0, 3, 21794
2026/05/21 02:08:13.686, 1, 2, 20812
2026/05/21 02:08:13.687, 2, 3, 20812
2026/05/21 02:08:13.687, 3, 2, 20812
2026/05/21 02:08:13.687, 4, 2, 20812
2026/05/21 02:08:13.688, 5, 13, 17406
2026/05/21 02:08:13.688, 6, 3, 17386
2026/05/21 02:08:13.688, 7, 1, 11592
2026/05/21 02:08:14.268, 0, 2, 21794
2026/05/21 02:08:14.268, 1, 2, 20812
2026/05/21 02:08:14.269, 2, 2, 20812
2026/05/21 02:08:14.269, 3, 4, 20812
2026/05/21 02:08:14.269, 4, 3, 20812
2026/05/21 02:08:14.270, 5, 9, 17406
2026/05/21 02:08:14.270, 6, 2, 17386
2026/05/21 02:08:14.270, 7, 0, 11592
2026/05/21 02:08:14.849, 0, 2, 21794
2026/05/21 02:08:14.850, 1, 2, 20812
2026/05/21 02:08:14.850, 2, 3, 20812
2026/05/21 02:08:14.850, 3, 6, 20812
2026/05/21 02:08:14.850, 4, 8, 20812
2026/05/21 02:08:14.851, 5, 2, 17406
2026/05/21 02:08:14.851, 6, 2, 17386
2026/05/21 02:08:14.851, 7, 0, 11592
2026/05/21 02:08:15.446, 0, 23, 21794
2026/05/21 02:08:15.447, 1, 1, 20812
2026/05/21 02:08:15.447, 2, 3, 20812
2026/05/21 02:08:15.447, 3, 6, 20812
2026/05/21 02:08:15.447, 4, 14, 20812
2026/05/21 02:08:15.447, 5, 3, 17406
2026/05/21 02:08:15.448, 6, 3, 17386
2026/05/21 02:08:15.448, 7, 0, 11592
2026/05/21 02:08:16.058, 0, 2, 21794
2026/05/21 02:08:16.058, 1, 2, 20812
2026/05/21 02:08:16.058, 2, 3, 20812
2026/05/21 02:08:16.059, 3, 5, 20812
2026/05/21 02:08:16.059, 4, 3, 20812
2026/05/21 02:08:16.059, 5, 4, 17406
2026/05/21 02:08:16.059, 6, 2, 17386
2026/05/21 02:08:16.059, 7, 0, 11592
2026/05/21 02:08:16.671, 0, 3, 21794
2026/05/21 02:08:16.671, 1, 4, 20812
2026/05/21 02:08:16.671, 2, 3, 20812
2026/05/21 02:08:16.672, 3, 32, 20812
2026/05/21 02:08:16.672, 4, 3, 20812
2026/05/21 02:08:16.672, 5, 3, 17406
2026/05/21 02:08:16.672, 6, 3, 17386
2026/05/21 02:08:16.672, 7, 0, 11592
2026/05/21 02:08:17.269, 0, 3, 21794
2026/05/21 02:08:17.270, 1, 2, 20812
2026/05/21 02:08:17.270, 2, 3, 20812
2026/05/21 02:08:17.271, 3, 1, 20812
2026/05/21 02:08:17.271, 4, 2, 20812
2026/05/21 02:08:17.271, 5, 3, 17406
2026/05/21 02:08:17.271, 6, 7, 17386
2026/05/21 02:08:17.272, 7, 0, 11592
2026/05/21 02:08:17.860, 0, 5, 21794
2026/05/21 02:08:17.860, 1, 3, 20812
2026/05/21 02:08:17.861, 2, 3, 20812
2026/05/21 02:08:17.861, 3, 1, 20812
2026/05/21 02:08:17.861, 4, 3, 20812
2026/05/21 02:08:17.861, 5, 3, 17406
2026/05/21 02:08:17.861, 6, 6, 17386
2026/05/21 02:08:17.862, 7, 0, 11592
2026/05/21 02:08:18.467, 0, 4, 21794
2026/05/21 02:08:18.468, 1, 3, 20812
2026/05/21 02:08:18.468, 2, 10, 20812
2026/05/21 02:08:18.468, 3, 2, 20812
2026/05/21 02:08:18.468, 4, 3, 20812
2026/05/21 02:08:18.469, 5, 4, 17406
2026/05/21 02:08:18.469, 6, 5, 17386
2026/05/21 02:08:18.469, 7, 0, 11592
2026/05/21 02:08:19.062, 0, 4, 21794
2026/05/21 02:08:19.062, 1, 1, 20812
2026/05/21 02:08:19.063, 2, 6, 20812
2026/05/21 02:08:19.063, 3, 2, 20812
2026/05/21 02:08:19.063, 4, 3, 20812
2026/05/21 02:08:19.064, 5, 4, 17406
2026/05/21 02:08:19.064, 6, 6, 17386
2026/05/21 02:08:19.064, 7, 0, 11592
2026/05/21 02:08:19.655, 0, 4, 21794
2026/05/21 02:08:19.655, 1, 1, 20812
2026/05/21 02:08:19.655, 2, 12, 20812
2026/05/21 02:08:19.656, 3, 27, 20812
2026/05/21 02:08:19.656, 4, 4, 20812
2026/05/21 02:08:19.656, 5, 4, 17406
2026/05/21 02:08:19.657, 6, 3, 17386
2026/05/21 02:08:19.657, 7, 0, 11592
2026/05/21 02:08:20.295, 0, 3, 21794
2026/05/21 02:08:20.296, 1, 2, 20812
2026/05/21 02:08:20.296, 2, 3, 20812
2026/05/21 02:08:20.296, 3, 3, 20812
2026/05/21 02:08:20.297, 4, 3, 20812
2026/05/21 02:08:20.297, 5, 2, 17406
2026/05/21 02:08:20.297, 6, 2, 17386
2026/05/21 02:08:20.297, 7, 0, 11592
2026/05/21 02:08:20.909, 0, 3, 21794
2026/05/21 02:08:20.909, 1, 1, 20812
2026/05/21 02:08:20.909, 2, 4, 20812
2026/05/21 02:08:20.909, 3, 13, 20812
2026/05/21 02:08:20.910, 4, 4, 20812
2026/05/21 02:08:20.910, 5, 3, 17406
2026/05/21 02:08:20.910, 6, 3, 17386
2026/05/21 02:08:20.910, 7, 0, 11592
2026/05/21 02:08:21.497, 0, 2, 21794
2026/05/21 02:08:21.497, 1, 6, 20812
2026/05/21 02:08:21.498, 2, 4, 20812
2026/05/21 02:08:21.498, 3, 11, 20812
2026/05/21 02:08:21.498, 4, 14, 20812
2026/05/21 02:08:21.498, 5, 4, 17406
2026/05/21 02:08:21.499, 6, 9, 17386
2026/05/21 02:08:21.499, 7, 0, 11592
2026/05/21 02:08:22.107, 0, 3, 21794
2026/05/21 02:08:22.108, 1, 2, 20812
2026/05/21 02:08:22.108, 2, 3, 20812
2026/05/21 02:08:22.108, 3, 1, 20812
2026/05/21 02:08:22.108, 4, 8, 20812
2026/05/21 02:08:22.109, 5, 3, 17406
2026/05/21 02:08:22.109, 6, 3, 17386
2026/05/21 02:08:22.109, 7, 0, 11592
2026/05/21 02:08:22.676, 0, 3, 21794
2026/05/21 02:08:22.676, 1, 4, 20812
2026/05/21 02:08:22.676, 2, 5, 20812
2026/05/21 02:08:22.677, 3, 32, 20812
2026/05/21 02:08:22.677, 4, 3, 20812
2026/05/21 02:08:22.677, 5, 3, 17406
2026/05/21 02:08:22.677, 6, 3, 17386
2026/05/21 02:08:22.678, 7, 0, 11592
2026/05/21 02:08:23.265, 0, 4, 21794
2026/05/21 02:08:23.265, 1, 4, 20812
2026/05/21 02:08:23.266, 2, 4, 20812
2026/05/21 02:08:23.266, 3, 0, 20832
2026/05/21 02:08:23.266, 4, 4, 20812
2026/05/21 02:08:23.266, 5, 4, 17406
2026/05/21 02:08:23.267, 6, 3, 17386
2026/05/21 02:08:23.267, 7, 0, 11592
2026/05/21 02:08:23.856, 0, 4, 21794
2026/05/21 02:08:23.857, 1, 4, 20812
2026/05/21 02:08:23.857, 2, 3, 20812
2026/05/21 02:08:23.857, 3, 0, 20832
2026/05/21 02:08:23.857, 4, 4, 20812
2026/05/21 02:08:23.858, 5, 11, 17406
2026/05/21 02:08:23.858, 6, 3, 17386
2026/05/21 02:08:23.858, 7, 0, 11592
2026/05/21 02:08:24.470, 0, 4, 21794
2026/05/21 02:08:24.470, 1, 4, 20812
2026/05/21 02:08:24.471, 2, 4, 20812
2026/05/21 02:08:24.471, 3, 0, 20832
2026/05/21 02:08:24.471, 4, 4, 20812
2026/05/21 02:08:24.471, 5, 0, 17422
2026/05/21 02:08:24.472, 6, 4, 17386
2026/05/21 02:08:24.472, 7, 0, 11592
2026/05/21 02:08:25.154, 0, 2, 21794
2026/05/21 02:08:25.155, 1, 3, 20812
2026/05/21 02:08:25.155, 2, 3, 20812
2026/05/21 02:08:25.155, 3, 0, 20832
2026/05/21 02:08:25.155, 4, 2, 20812
2026/05/21 02:08:25.155, 5, 0, 17422
2026/05/21 02:08:25.156, 6, 1, 17386
2026/05/21 02:08:25.156, 7, 0, 11592
2026/05/21 02:08:25.761, 0, 3, 21794
2026/05/21 02:08:25.762, 1, 3, 20812
2026/05/21 02:08:25.762, 2, 3, 20812
2026/05/21 02:08:25.763, 3, 0, 20832
2026/05/21 02:08:25.763, 4, 3, 20812
2026/05/21 02:08:25.764, 5, 0, 17422
2026/05/21 02:08:25.764, 6, 3, 17386
2026/05/21 02:08:25.765, 7, 0, 11592
2026/05/21 02:08:26.363, 0, 3, 21794
2026/05/21 02:08:26.364, 1, 3, 20812
2026/05/21 02:08:26.364, 2, 3, 20812
2026/05/21 02:08:26.364, 3, 0, 20832
2026/05/21 02:08:26.365, 4, 13, 20812
2026/05/21 02:08:26.365, 5, 0, 17422
2026/05/21 02:08:26.365, 6, 3, 17386
2026/05/21 02:08:26.365, 7, 0, 11592
2026/05/21 02:08:26.985, 0, 4, 21794
2026/05/21 02:08:26.985, 1, 4, 20812
2026/05/21 02:08:26.986, 2, 3, 20812
2026/05/21 02:08:26.986, 3, 0, 20832
2026/05/21 02:08:26.986, 4, 6, 20812
2026/05/21 02:08:26.987, 5, 0, 17422
2026/05/21 02:08:26.987, 6, 3, 17386
2026/05/21 02:08:26.987, 7, 0, 11592
2026/05/21 02:08:27.578, 0, 4, 21794
2026/05/21 02:08:27.578, 1, 4, 20812
2026/05/21 02:08:27.579, 2, 3, 20812
2026/05/21 02:08:27.580, 3, 0, 20832
2026/05/21 02:08:27.580, 4, 0, 20832
2026/05/21 02:08:27.580, 5, 0, 17422
2026/05/21 02:08:27.582, 6, 4, 17386
2026/05/21 02:08:27.582, 7, 0, 11592
2026/05/21 02:08:28.166, 0, 4, 21794
2026/05/21 02:08:28.167, 1, 3, 20812
2026/05/21 02:08:28.167, 2, 4, 20812
2026/05/21 02:08:28.167, 3, 0, 20832
2026/05/21 02:08:28.167, 4, 0, 20832
2026/05/21 02:08:28.167, 5, 0, 17422
2026/05/21 02:08:28.168, 6, 4, 17386
2026/05/21 02:08:28.168, 7, 0, 11592
2026/05/21 02:08:28.760, 0, 4, 21794
2026/05/21 02:08:28.761, 1, 4, 20812
2026/05/21 02:08:28.761, 2, 4, 20812
2026/05/21 02:08:28.761, 3, 0, 20832
2026/05/21 02:08:28.762, 4, 0, 20832
2026/05/21 02:08:28.762, 5, 0, 17422
2026/05/21 02:08:28.762, 6, 5, 17386
2026/05/21 02:08:28.762, 7, 0, 11592
2026/05/21 02:08:29.351, 0, 4, 21794
2026/05/21 02:08:29.352, 1, 4, 20812
2026/05/21 02:08:29.352, 2, 4, 20812
2026/05/21 02:08:29.352, 3, 0, 20832
2026/05/21 02:08:29.352, 4, 0, 20832
2026/05/21 02:08:29.352, 5, 0, 17422
2026/05/21 02:08:29.353, 6, 4, 17386
2026/05/21 02:08:29.353, 7, 0, 11592
2026/05/21 02:08:29.962, 0, 4, 21794
2026/05/21 02:08:29.962, 1, 4, 20812
2026/05/21 02:08:29.962, 2, 4, 20812
2026/05/21 02:08:29.963, 3, 0, 20832
2026/05/21 02:08:29.963, 4, 0, 20832
2026/05/21 02:08:29.963, 5, 0, 17422
2026/05/21 02:08:29.963, 6, 4, 17386
2026/05/21 02:08:29.964, 7, 0, 11592
2026/05/21 02:08:30.535, 0, 8, 21794
2026/05/21 02:08:30.536, 1, 4, 20812
2026/05/21 02:08:30.536, 2, 4, 20812
2026/05/21 02:08:30.536, 3, 0, 20832
2026/05/21 02:08:30.536, 4, 0, 20832
2026/05/21 02:08:30.537, 5, 0, 17422
2026/05/21 02:08:30.537, 6, 3, 17386
2026/05/21 02:08:30.537, 7, 0, 11592
2026/05/21 02:08:31.108, 0, 3, 21794
2026/05/21 02:08:31.108, 1, 3, 20812
2026/05/21 02:08:31.108, 2, 3, 20812
2026/05/21 02:08:31.109, 3, 0, 20832
2026/05/21 02:08:31.109, 4, 0, 20832
2026/05/21 02:08:31.109, 5, 0, 17422
2026/05/21 02:08:31.109, 6, 3, 17386
2026/05/21 02:08:31.110, 7, 0, 11592
2026/05/21 02:08:31.719, 0, 4, 21794
2026/05/21 02:08:31.719, 1, 3, 20812
2026/05/21 02:08:31.720, 2, 3, 20812
2026/05/21 02:08:31.720, 3, 0, 20832
2026/05/21 02:08:31.720, 4, 0, 20832
2026/05/21 02:08:31.721, 5, 0, 17422
2026/05/21 02:08:31.721, 6, 3, 17386
2026/05/21 02:08:31.722, 7, 0, 11592
2026/05/21 02:08:32.315, 0, 3, 21794
2026/05/21 02:08:32.316, 1, 3, 20812
2026/05/21 02:08:32.316, 2, 3, 20812
2026/05/21 02:08:32.316, 3, 0, 20832
2026/05/21 02:08:32.317, 4, 0, 20832
2026/05/21 02:08:32.317, 5, 0, 17422
2026/05/21 02:08:32.317, 6, 3, 17386
2026/05/21 02:08:32.318, 7, 0, 11592
2026/05/21 02:08:32.922, 0, 3, 21794
2026/05/21 02:08:32.922, 1, 3, 20812
2026/05/21 02:08:32.922, 2, 3, 20812
2026/05/21 02:08:32.923, 3, 0, 20832
2026/05/21 02:08:32.923, 4, 0, 20832
2026/05/21 02:08:32.923, 5, 0, 17422
2026/05/21 02:08:32.923, 6, 3, 17386
2026/05/21 02:08:32.924, 7, 0, 11592
2026/05/21 02:08:33.515, 0, 3, 21794
2026/05/21 02:08:33.516, 1, 3, 20812
2026/05/21 02:08:33.516, 2, 3, 20812
2026/05/21 02:08:33.516, 3, 0, 20832
2026/05/21 02:08:33.516, 4, 0, 20832
2026/05/21 02:08:33.517, 5, 0, 17422
2026/05/21 02:08:33.517, 6, 3, 17386
2026/05/21 02:08:33.517, 7, 0, 11592
2026/05/21 02:08:34.105, 0, 3, 21794
2026/05/21 02:08:34.105, 1, 3, 20812
2026/05/21 02:08:34.105, 2, 3, 20812
2026/05/21 02:08:34.106, 3, 0, 20832
2026/05/21 02:08:34.106, 4, 0, 20832
2026/05/21 02:08:34.106, 5, 0, 17422
2026/05/21 02:08:34.106, 6, 3, 17386
2026/05/21 02:08:34.106, 7, 0, 11592
2026/05/21 02:08:34.741, 0, 3, 21794
2026/05/21 02:08:34.742, 1, 3, 20812
2026/05/21 02:08:34.742, 2, 3, 20812
2026/05/21 02:08:34.742, 3, 0, 20832
2026/05/21 02:08:34.743, 4, 0, 20832
2026/05/21 02:08:34.743, 5, 0, 17422
2026/05/21 02:08:34.743, 6, 2, 17386
2026/05/21 02:08:34.744, 7, 0, 11592
2026/05/21 02:08:35.335, 0, 3, 21794
2026/05/21 02:08:35.336, 1, 4, 20812
2026/05/21 02:08:35.336, 2, 4, 20812
2026/05/21 02:08:35.336, 3, 0, 20832
2026/05/21 02:08:35.336, 4, 0, 20832
2026/05/21 02:08:35.337, 5, 0, 17422
2026/05/21 02:08:35.337, 6, 0, 17404
2026/05/21 02:08:35.337, 7, 0, 11592
2026/05/21 02:08:35.906, 0, 4, 21794
2026/05/21 02:08:35.906, 1, 5, 20812
2026/05/21 02:08:35.906, 2, 4, 20812
2026/05/21 02:08:35.906, 3, 0, 20832
2026/05/21 02:08:35.907, 4, 0, 20832
2026/05/21 02:08:35.907, 5, 0, 17422
2026/05/21 02:08:35.907, 6, 0, 17404
2026/05/21 02:08:35.907, 7, 0, 11592
2026/05/21 02:08:36.518, 0, 4, 21794
2026/05/21 02:08:36.518, 1, 4, 20812
2026/05/21 02:08:36.519, 2, 4, 20812
2026/05/21 02:08:36.519, 3, 0, 20832
2026/05/21 02:08:36.519, 4, 0, 20832
2026/05/21 02:08:36.519, 5, 0, 17422
2026/05/21 02:08:36.520, 6, 0, 17404
2026/05/21 02:08:36.520, 7, 0, 11592
2026/05/21 02:08:37.122, 0, 4, 21794
2026/05/21 02:08:37.122, 1, 3, 20812
2026/05/21 02:08:37.123, 2, 4, 20812
2026/05/21 02:08:37.123, 3, 0, 20832
2026/05/21 02:08:37.123, 4, 0, 20832
2026/05/21 02:08:37.124, 5, 0, 17422
2026/05/21 02:08:37.124, 6, 0, 17404
2026/05/21 02:08:37.124, 7, 0, 11592
2026/05/21 02:08:37.720, 0, 4, 21794
2026/05/21 02:08:37.721, 1, 4, 20812
2026/05/21 02:08:37.721, 2, 4, 20812
2026/05/21 02:08:37.721, 3, 0, 20832
2026/05/21 02:08:37.721, 4, 0, 20832
2026/05/21 02:08:37.722, 5, 0, 17422
2026/05/21 02:08:37.722, 6, 0, 17404
2026/05/21 02:08:37.722, 7, 0, 11592
2026/05/21 02:08:38.311, 0, 3, 21794
2026/05/21 02:08:38.312, 1, 4, 20812
2026/05/21 02:08:38.312, 2, 4, 20812
2026/05/21 02:08:38.312, 3, 0, 20832
2026/05/21 02:08:38.312, 4, 0, 20832
2026/05/21 02:08:38.313, 5, 0, 17422
2026/05/21 02:08:38.313, 6, 0, 17404
2026/05/21 02:08:38.313, 7, 0, 11592
2026/05/21 02:08:38.902, 0, 4, 21794
2026/05/21 02:08:38.902, 1, 4, 20812
2026/05/21 02:08:38.903, 2, 5, 20812
2026/05/21 02:08:38.903, 3, 0, 20832
2026/05/21 02:08:38.903, 4, 0, 20832
2026/05/21 02:08:38.903, 5, 0, 17422
2026/05/21 02:08:38.904, 6, 0, 17404
2026/05/21 02:08:38.904, 7, 0, 11592
2026/05/21 02:08:39.501, 0, 4, 21794
2026/05/21 02:08:39.502, 1, 4, 20812
2026/05/21 02:08:39.502, 2, 4, 20812
2026/05/21 02:08:39.502, 3, 0, 20832
2026/05/21 02:08:39.503, 4, 0, 20832
2026/05/21 02:08:39.503, 5, 0, 17422
2026/05/21 02:08:39.503, 6, 0, 17404
2026/05/21 02:08:39.504, 7, 0, 11592
2026/05/21 02:08:40.111, 0, 4, 21794
2026/05/21 02:08:40.111, 1, 4, 20812
2026/05/21 02:08:40.111, 2, 4, 20812
2026/05/21 02:08:40.112, 3, 0, 20832
2026/05/21 02:08:40.112, 4, 0, 20832
2026/05/21 02:08:40.112, 5, 0, 17422
2026/05/21 02:08:40.113, 6, 0, 17404
2026/05/21 02:08:40.113, 7, 0, 11592
2026/05/21 02:08:40.714, 0, 5, 21794
2026/05/21 02:08:40.715, 1, 4, 20812
2026/05/21 02:08:40.715, 2, 4, 20812
2026/05/21 02:08:40.715, 3, 0, 20832
2026/05/21 02:08:40.716, 4, 0, 20832
2026/05/21 02:08:40.716, 5, 0, 17422
2026/05/21 02:08:40.716, 6, 0, 17404
2026/05/21 02:08:40.716, 7, 0, 11592
2026/05/21 02:08:41.324, 0, 4, 21794
2026/05/21 02:08:41.324, 1, 4, 20812
2026/05/21 02:08:41.325, 2, 4, 20812
2026/05/21 02:08:41.325, 3, 0, 20832
2026/05/21 02:08:41.325, 4, 0, 20832
2026/05/21 02:08:41.325, 5, 0, 17422
2026/05/21 02:08:41.326, 6, 0, 17404
2026/05/21 02:08:41.326, 7, 0, 11592
2026/05/21 02:08:41.915, 0, 5, 21794
2026/05/21 02:08:41.916, 1, 4, 20812
2026/05/21 02:08:41.916, 2, 4, 20812
2026/05/21 02:08:41.916, 3, 0, 20832
2026/05/21 02:08:41.917, 4, 0, 20832
2026/05/21 02:08:41.917, 5, 0, 17422
2026/05/21 02:08:41.917, 6, 0, 17404
2026/05/21 02:08:41.917, 7, 0, 11592
2026/05/21 02:08:42.511, 0, 4, 21794
2026/05/21 02:08:42.512, 1, 4, 20812
2026/05/21 02:08:42.512, 2, 4, 20812
2026/05/21 02:08:42.512, 3, 0, 20832
2026/05/21 02:08:42.513, 4, 0, 20832
2026/05/21 02:08:42.513, 5, 0, 17422
2026/05/21 02:08:42.514, 6, 0, 17404
2026/05/21 02:08:42.514, 7, 0, 11592
2026/05/21 02:08:43.093, 0, 3, 21794
2026/05/21 02:08:43.093, 1, 4, 20812
2026/05/21 02:08:43.094, 2, 3, 20812
2026/05/21 02:08:43.094, 3, 0, 20832
2026/05/21 02:08:43.094, 4, 0, 20832
2026/05/21 02:08:43.094, 5, 0, 17422
2026/05/21 02:08:43.095, 6, 0, 17404
2026/05/21 02:08:43.095, 7, 0, 11592
2026/05/21 02:08:43.688, 0, 4, 21794
2026/05/21 02:08:43.689, 1, 4, 20812
2026/05/21 02:08:43.689, 2, 4, 20812
2026/05/21 02:08:43.689, 3, 0, 20832
2026/05/21 02:08:43.689, 4, 0, 20832
2026/05/21 02:08:43.690, 5, 0, 17422
2026/05/21 02:08:43.690, 6, 0, 17404
2026/05/21 02:08:43.690, 7, 0, 11592
2026/05/21 02:08:44.259, 0, 4, 21794
2026/05/21 02:08:44.259, 1, 4, 20812
2026/05/21 02:08:44.259, 2, 4, 20812
2026/05/21 02:08:44.259, 3, 0, 20832
2026/05/21 02:08:44.260, 4, 0, 20832
2026/05/21 02:08:44.260, 5, 0, 17422
2026/05/21 02:08:44.260, 6, 0, 17404
2026/05/21 02:08:44.260, 7, 0, 11592
2026/05/21 02:08:44.835, 0, 4, 21794
2026/05/21 02:08:44.836, 1, 4, 20812
2026/05/21 02:08:44.836, 2, 4, 20812
2026/05/21 02:08:44.837, 3, 0, 20832
2026/05/21 02:08:44.837, 4, 0, 20832
2026/05/21 02:08:44.837, 5, 0, 17422
2026/05/21 02:08:44.838, 6, 0, 17404
2026/05/21 02:08:44.838, 7, 0, 11592
2026/05/21 02:08:45.444, 0, 4, 21794
2026/05/21 02:08:45.444, 1, 4, 20812
2026/05/21 02:08:45.445, 2, 17, 20812
2026/05/21 02:08:45.445, 3, 0, 20832
2026/05/21 02:08:45.445, 4, 0, 20832
2026/05/21 02:08:45.445, 5, 0, 17422
2026/05/21 02:08:45.446, 6, 0, 17404
2026/05/21 02:08:45.446, 7, 0, 11592
2026/05/21 02:08:46.067, 0, 4, 21794
2026/05/21 02:08:46.067, 1, 4, 20812
2026/05/21 02:08:46.068, 2, 3, 20832
2026/05/21 02:08:46.068, 3, 0, 20832
2026/05/21 02:08:46.068, 4, 0, 20832
2026/05/21 02:08:46.069, 5, 0, 17422
2026/05/21 02:08:46.069, 6, 0, 17404
2026/05/21 02:08:46.069, 7, 0, 11592
2026/05/21 02:08:46.681, 0, 4, 21794
2026/05/21 02:08:46.681, 1, 4, 20812
2026/05/21 02:08:46.681, 2, 0, 20832
2026/05/21 02:08:46.681, 3, 0, 20832
2026/05/21 02:08:46.682, 4, 0, 20832
2026/05/21 02:08:46.682, 5, 0, 17422
2026/05/21 02:08:46.682, 6, 0, 17404
2026/05/21 02:08:46.682, 7, 0, 11592
2026/05/21 02:08:47.252, 0, 5, 21794
2026/05/21 02:08:47.253, 1, 3, 20812
2026/05/21 02:08:47.253, 2, 0, 20832
2026/05/21 02:08:47.253, 3, 0, 20832
2026/05/21 02:08:47.253, 4, 0, 20832
2026/05/21 02:08:47.254, 5, 0, 17422
2026/05/21 02:08:47.254, 6, 0, 17404
2026/05/21 02:08:47.254, 7, 0, 11592
2026/05/21 02:08:47.861, 0, 7, 21794
2026/05/21 02:08:47.862, 1, 4, 20812
2026/05/21 02:08:47.862, 2, 0, 20832
2026/05/21 02:08:47.862, 3, 0, 20832
2026/05/21 02:08:47.862, 4, 0, 20832
2026/05/21 02:08:47.863, 5, 0, 17422
2026/05/21 02:08:47.863, 6, 0, 17404
2026/05/21 02:08:47.863, 7, 0, 11592
2026/05/21 02:08:48.467, 0, 4, 21794
2026/05/21 02:08:48.468, 1, 5, 20812
2026/05/21 02:08:48.468, 2, 0, 20832
2026/05/21 02:08:48.469, 3, 0, 20832
2026/05/21 02:08:48.469, 4, 0, 20832
2026/05/21 02:08:48.469, 5, 0, 17422
2026/05/21 02:08:48.470, 6, 0, 17404
2026/05/21 02:08:48.470, 7, 0, 11592
2026/05/21 02:08:49.080, 0, 5, 21794
2026/05/21 02:08:49.081, 1, 6, 20812
2026/05/21 02:08:49.081, 2, 0, 20832
2026/05/21 02:08:49.081, 3, 0, 20832
2026/05/21 02:08:49.081, 4, 0, 20832
2026/05/21 02:08:49.082, 5, 0, 17422
2026/05/21 02:08:49.082, 6, 0, 17404
2026/05/21 02:08:49.082, 7, 0, 11592
2026/05/21 02:08:49.672, 0, 11, 21810
2026/05/21 02:08:49.672, 1, 5, 20812
2026/05/21 02:08:49.672, 2, 0, 20832
2026/05/21 02:08:49.673, 3, 0, 20832
2026/05/21 02:08:49.673, 4, 0, 20832
2026/05/21 02:08:49.673, 5, 0, 17422
2026/05/21 02:08:49.673, 6, 0, 17404
2026/05/21 02:08:49.673, 7, 0, 11592
2026/05/21 02:08:50.296, 0, 0, 21810
2026/05/21 02:08:50.296, 1, 5, 20812
2026/05/21 02:08:50.296, 2, 0, 20832
2026/05/21 02:08:50.297, 3, 0, 20832
2026/05/21 02:08:50.297, 4, 0, 20832
2026/05/21 02:08:50.297, 5, 0, 17422
2026/05/21 02:08:50.298, 6, 0, 17404
2026/05/21 02:08:50.298, 7, 0, 11592
2026/05/21 02:08:50.888, 0, 0, 21810
2026/05/21 02:08:50.889, 1, 5, 20812
2026/05/21 02:08:50.889, 2, 0, 20832
2026/05/21 02:08:50.889, 3, 0, 20832
2026/05/21 02:08:50.890, 4, 0, 20832
2026/05/21 02:08:50.890, 5, 0, 17422
2026/05/21 02:08:50.890, 6, 0, 17404
2026/05/21 02:08:50.890, 7, 0, 11592
2026/05/21 02:08:51.486, 0, 0, 23604
2026/05/21 02:08:51.487, 1, 2, 20834
2026/05/21 02:08:51.487, 2, 0, 20834
2026/05/21 02:08:51.487, 3, 0, 20834
2026/05/21 02:08:51.488, 4, 0, 20834
2026/05/21 02:08:51.488, 5, 0, 17424
2026/05/21 02:08:51.488, 6, 0, 17406
2026/05/21 02:08:51.488, 7, 0, 11592
2026/05/21 02:08:52.119, 0, 16, 23606
2026/05/21 02:08:52.119, 1, 0, 20834
2026/05/21 02:08:52.119, 2, 0, 20834
2026/05/21 02:08:52.120, 3, 0, 20834
2026/05/21 02:08:52.120, 4, 0, 20834
2026/05/21 02:08:52.120, 5, 0, 17424
2026/05/21 02:08:52.121, 6, 0, 17406
2026/05/21 02:08:52.121, 7, 0, 11594
2026/05/21 02:08:52.735, 0, 13, 23874
2026/05/21 02:08:52.735, 1, 14, 22896
2026/05/21 02:08:52.735, 2, 14, 22896
2026/05/21 02:08:52.736, 3, 14, 22896
2026/05/21 02:08:52.736, 4, 13, 22896
2026/05/21 02:08:52.736, 5, 11, 19486
2026/05/21 02:08:52.737, 6, 11, 19468
2026/05/21 02:08:52.737, 7, 9, 13658
2026/05/21 02:08:53.334, 0, 14, 23874
2026/05/21 02:08:53.335, 1, 14, 22896
2026/05/21 02:08:53.335, 2, 14, 22896
2026/05/21 02:08:53.335, 3, 14, 22896
2026/05/21 02:08:53.335, 4, 13, 22896
2026/05/21 02:08:53.335, 5, 11, 19486
2026/05/21 02:08:53.336, 6, 12, 19468
2026/05/21 02:08:53.336, 7, 7, 13658
2026/05/21 02:08:53.944, 0, 13, 23874
2026/05/21 02:08:53.945, 1, 14, 22896
2026/05/21 02:08:53.945, 2, 14, 22896
2026/05/21 02:08:53.945, 3, 14, 22896
2026/05/21 02:08:53.945, 4, 13, 22896
2026/05/21 02:08:53.946, 5, 12, 19486
2026/05/21 02:08:53.946, 6, 11, 19468
2026/05/21 02:08:53.946, 7, 9, 13658
2026/05/21 02:08:54.535, 0, 13, 23874
2026/05/21 02:08:54.535, 1, 13, 22896
2026/05/21 02:08:54.535, 2, 10, 22896
2026/05/21 02:08:54.535, 3, 14, 22896
2026/05/21 02:08:54.536, 4, 14, 22896
2026/05/21 02:08:54.536, 5, 11, 19486
2026/05/21 02:08:54.536, 6, 11, 19468
2026/05/21 02:08:54.536, 7, 11, 13658
2026/05/21 02:08:55.152, 0, 36, 23874
2026/05/21 02:08:55.152, 1, 36, 22896
2026/05/21 02:08:55.152, 2, 36, 22896
2026/05/21 02:08:55.153, 3, 38, 22896
2026/05/21 02:08:55.153, 4, 38, 22896
2026/05/21 02:08:55.153, 5, 32, 19486
2026/05/21 02:08:55.153, 6, 31, 19468
2026/05/21 02:08:55.153, 7, 20, 13658
2026/05/21 02:08:55.778, 0, 37, 23874
2026/05/21 02:08:55.779, 1, 36, 22896
2026/05/21 02:08:55.779, 2, 36, 22896
2026/05/21 02:08:55.779, 3, 36, 22896
2026/05/21 02:08:55.779, 4, 37, 22896
2026/05/21 02:08:55.779, 5, 31, 19486
2026/05/21 02:08:55.780, 6, 30, 19468
2026/05/21 02:08:55.780, 7, 18, 13658
2026/05/21 02:08:56.394, 0, 35, 23874
2026/05/21 02:08:56.394, 1, 33, 22896
2026/05/21 02:08:56.395, 2, 33, 22896
2026/05/21 02:08:56.395, 3, 33, 22896
2026/05/21 02:08:56.395, 4, 36, 22896
2026/05/21 02:08:56.395, 5, 30, 19486
2026/05/21 02:08:56.396, 6, 27, 19468
2026/05/21 02:08:56.396, 7, 20, 13658
2026/05/21 02:08:56.980, 0, 25, 23874
2026/05/21 02:08:56.980, 1, 36, 22896
2026/05/21 02:08:56.981, 2, 37, 22896
2026/05/21 02:08:56.981, 3, 36, 22896
2026/05/21 02:08:56.982, 4, 32, 22896
2026/05/21 02:08:56.983, 5, 31, 19486
2026/05/21 02:08:56.983, 6, 30, 19468
2026/05/21 02:08:56.983, 7, 22, 13658
2026/05/21 02:08:57.584, 0, 30, 23874
2026/05/21 02:08:57.585, 1, 36, 22896
2026/05/21 02:08:57.585, 2, 36, 22896
2026/05/21 02:08:57.585, 3, 36, 22896
2026/05/21 02:08:57.585, 4, 36, 22896
2026/05/21 02:08:57.586, 5, 31, 19486
2026/05/21 02:08:57.586, 6, 30, 19468
2026/05/21 02:08:57.586, 7, 28, 13658
