2026/05/21 16:01:04.270, 0, 67, 0
2026/05/21 16:01:04.271, 1, 100, 0
2026/05/21 16:01:04.271, 2, 100, 0
2026/05/21 16:01:04.273, 3, 100, 0
2026/05/21 16:01:04.273, 4, 100, 0
2026/05/21 16:01:04.273, 5, 100, 0
2026/05/21 16:01:04.274, 6, 100, 0
2026/05/21 16:01:04.274, 7, 71, 0
2026/05/21 16:01:04.938, 0, 34, 4
2026/05/21 16:01:04.938, 1, 1, 4
2026/05/21 16:01:04.938, 2, 0, 4
2026/05/21 16:01:04.939, 3, 1, 4
2026/05/21 16:01:04.939, 4, 0, 4
2026/05/21 16:01:04.939, 5, 0, 4
2026/05/21 16:01:04.939, 6, 0, 4
2026/05/21 16:01:04.940, 7, 0, 0
2026/05/21 16:01:06.157, 0, 0, 16
2026/05/21 16:01:06.167, 1, 0, 16
2026/05/21 16:01:06.180, 2, 0, 16
2026/05/21 16:01:06.181, 3, 0, 16
2026/05/21 16:01:06.183, 4, 0, 16
2026/05/21 16:01:06.189, 5, 0, 16
2026/05/21 16:01:06.193, 6, 0, 16
2026/05/21 16:01:06.199, 7, 0, 16
2026/05/21 16:01:06.918, 0, 0, 62
2026/05/21 16:01:06.918, 1, 0, 62
2026/05/21 16:01:06.918, 2, 0, 312
2026/05/21 16:01:06.919, 3, 0, 28
2026/05/21 16:01:06.919, 4, 0, 312
2026/05/21 16:01:06.919, 5, 1, 30
2026/05/21 16:01:06.919, 6, 1, 30
2026/05/21 16:01:06.920, 7, 0, 312
2026/05/21 16:01:07.557, 0, 2, 21794
2026/05/21 16:01:07.557, 1, 2, 20812
2026/05/21 16:01:07.557, 2, 2, 20812
2026/05/21 16:01:07.558, 3, 2, 20812
2026/05/21 16:01:07.558, 4, 2, 20812
2026/05/21 16:01:07.558, 5, 2, 17406
2026/05/21 16:01:07.558, 6, 2, 17386
2026/05/21 16:01:07.559, 7, 3, 11582
2026/05/21 16:01:08.173, 0, 3, 21794
2026/05/21 16:01:08.174, 1, 2, 20812
2026/05/21 16:01:08.174, 2, 3, 20812
2026/05/21 16:01:08.174, 3, 2, 20812
2026/05/21 16:01:08.174, 4, 2, 20812
2026/05/21 16:01:08.175, 5, 2, 17406
2026/05/21 16:01:08.175, 6, 2, 17386
2026/05/21 16:01:08.175, 7, 3, 11582
2026/05/21 16:01:08.772, 0, 3, 21794
2026/05/21 16:01:08.772, 1, 3, 20812
2026/05/21 16:01:08.772, 2, 3, 20812
2026/05/21 16:01:08.772, 3, 3, 20812
2026/05/21 16:01:08.773, 4, 3, 20812
2026/05/21 16:01:08.773, 5, 2, 17406
2026/05/21 16:01:08.773, 6, 2, 17386
2026/05/21 16:01:08.773, 7, 2, 11582
2026/05/21 16:01:09.372, 0, 3, 21794
2026/05/21 16:01:09.372, 1, 3, 20812
2026/05/21 16:01:09.373, 2, 3, 20812
2026/05/21 16:01:09.373, 3, 3, 20812
2026/05/21 16:01:09.373, 4, 3, 20812
2026/05/21 16:01:09.373, 5, 3, 17406
2026/05/21 16:01:09.373, 6, 2, 17386
2026/05/21 16:01:09.374, 7, 3, 11582
2026/05/21 16:01:09.976, 0, 3, 21794
2026/05/21 16:01:09.976, 1, 3, 20812
2026/05/21 16:01:09.976, 2, 3, 20812
2026/05/21 16:01:09.976, 3, 3, 20812
2026/05/21 16:01:09.977, 4, 3, 20812
2026/05/21 16:01:09.977, 5, 3, 17406
2026/05/21 16:01:09.977, 6, 3, 17386
2026/05/21 16:01:09.978, 7, 3, 11582
2026/05/21 16:01:10.571, 0, 2, 21794
2026/05/21 16:01:10.572, 1, 3, 20812
2026/05/21 16:01:10.572, 2, 3, 20812
2026/05/21 16:01:10.572, 3, 3, 20812
2026/05/21 16:01:10.572, 4, 3, 20812
2026/05/21 16:01:10.572, 5, 2, 17406
2026/05/21 16:01:10.573, 6, 3, 17386
2026/05/21 16:01:10.573, 7, 3, 11582
2026/05/21 16:01:11.168, 0, 3, 21794
2026/05/21 16:01:11.169, 1, 3, 20812
2026/05/21 16:01:11.169, 2, 2, 20812
2026/05/21 16:01:11.169, 3, 3, 20812
2026/05/21 16:01:11.170, 4, 3, 20812
2026/05/21 16:01:11.170, 5, 3, 17406
2026/05/21 16:01:11.171, 6, 3, 17386
2026/05/21 16:01:11.171, 7, 4, 11582
2026/05/21 16:01:11.822, 0, 3, 21794
2026/05/21 16:01:11.822, 1, 3, 20812
2026/05/21 16:01:11.822, 2, 3, 20812
2026/05/21 16:01:11.823, 3, 3, 20812
2026/05/21 16:01:11.823, 4, 3, 20812
2026/05/21 16:01:11.823, 5, 2, 17406
2026/05/21 16:01:11.823, 6, 3, 17386
2026/05/21 16:01:11.824, 7, 3, 11582
2026/05/21 16:01:12.418, 0, 3, 21794
2026/05/21 16:01:12.418, 1, 3, 20812
2026/05/21 16:01:12.418, 2, 3, 20812
2026/05/21 16:01:12.419, 3, 3, 20812
2026/05/21 16:01:12.419, 4, 3, 20812
2026/05/21 16:01:12.419, 5, 2, 17406
2026/05/21 16:01:12.419, 6, 2, 17386
2026/05/21 16:01:12.419, 7, 3, 11582
2026/05/21 16:01:13.037, 0, 3, 21794
2026/05/21 16:01:13.038, 1, 3, 20812
2026/05/21 16:01:13.038, 2, 3, 20812
2026/05/21 16:01:13.038, 3, 3, 20812
2026/05/21 16:01:13.038, 4, 3, 20812
2026/05/21 16:01:13.039, 5, 3, 17406
2026/05/21 16:01:13.039, 6, 3, 17386
2026/05/21 16:01:13.039, 7, 3, 11582
2026/05/21 16:01:13.616, 0, 3, 21794
2026/05/21 16:01:13.616, 1, 3, 20812
2026/05/21 16:01:13.617, 2, 3, 20812
2026/05/21 16:01:13.617, 3, 3, 20812
2026/05/21 16:01:13.617, 4, 3, 20812
2026/05/21 16:01:13.618, 5, 2, 17406
2026/05/21 16:01:13.618, 6, 2, 17386
2026/05/21 16:01:13.618, 7, 3, 11582
2026/05/21 16:01:14.205, 0, 2, 21794
2026/05/21 16:01:14.205, 1, 3, 20812
2026/05/21 16:01:14.206, 2, 3, 20812
2026/05/21 16:01:14.206, 3, 3, 20812
2026/05/21 16:01:14.206, 4, 3, 20812
2026/05/21 16:01:14.207, 5, 3, 17406
2026/05/21 16:01:14.207, 6, 3, 17386
2026/05/21 16:01:14.207, 7, 3, 11582
2026/05/21 16:01:14.784, 0, 3, 21794
2026/05/21 16:01:14.785, 1, 3, 20812
2026/05/21 16:01:14.785, 2, 3, 20812
2026/05/21 16:01:14.785, 3, 3, 20812
2026/05/21 16:01:14.785, 4, 3, 20812
2026/05/21 16:01:14.785, 5, 3, 17406
2026/05/21 16:01:14.786, 6, 3, 17386
2026/05/21 16:01:14.786, 7, 3, 11582
2026/05/21 16:01:15.381, 0, 3, 21794
2026/05/21 16:01:15.381, 1, 3, 20812
2026/05/21 16:01:15.382, 2, 3, 20812
2026/05/21 16:01:15.382, 3, 3, 20812
2026/05/21 16:01:15.382, 4, 3, 20812
2026/05/21 16:01:15.382, 5, 3, 17406
2026/05/21 16:01:15.383, 6, 3, 17386
2026/05/21 16:01:15.383, 7, 3, 11582
2026/05/21 16:01:15.997, 0, 3, 21794
2026/05/21 16:01:15.997, 1, 3, 20812
2026/05/21 16:01:15.998, 2, 3, 20812
2026/05/21 16:01:15.999, 3, 3, 20812
2026/05/21 16:01:15.999, 4, 3, 20812
2026/05/21 16:01:16.000, 5, 1, 17406
2026/05/21 16:01:16.000, 6, 3, 17386
2026/05/21 16:01:16.000, 7, 3, 11582
2026/05/21 16:01:16.602, 0, 3, 21794
2026/05/21 16:01:16.602, 1, 3, 20812
2026/05/21 16:01:16.603, 2, 3, 20812
2026/05/21 16:01:16.603, 3, 3, 20812
2026/05/21 16:01:16.603, 4, 3, 20812
2026/05/21 16:01:16.604, 5, 2, 17406
2026/05/21 16:01:16.604, 6, 3, 17386
2026/05/21 16:01:16.605, 7, 3, 11582
2026/05/21 16:01:17.217, 0, 3, 21794
2026/05/21 16:01:17.217, 1, 3, 20812
2026/05/21 16:01:17.217, 2, 3, 20812
2026/05/21 16:01:17.218, 3, 3, 20812
2026/05/21 16:01:17.218, 4, 3, 20812
2026/05/21 16:01:17.218, 5, 2, 17406
2026/05/21 16:01:17.218, 6, 3, 17386
2026/05/21 16:01:17.219, 7, 3, 11582
2026/05/21 16:01:17.816, 0, 3, 21794
2026/05/21 16:01:17.817, 1, 3, 20812
2026/05/21 16:01:17.817, 2, 3, 20812
2026/05/21 16:01:17.817, 3, 3, 20812
2026/05/21 16:01:17.818, 4, 3, 20812
2026/05/21 16:01:17.818, 5, 2, 17406
2026/05/21 16:01:17.818, 6, 2, 17386
2026/05/21 16:01:17.818, 7, 3, 11582
2026/05/21 16:01:18.413, 0, 3, 21794
2026/05/21 16:01:18.413, 1, 2, 20812
2026/05/21 16:01:18.414, 2, 2, 20812
2026/05/21 16:01:18.414, 3, 2, 20812
2026/05/21 16:01:18.414, 4, 2, 20812
2026/05/21 16:01:18.414, 5, 3, 17406
2026/05/21 16:01:18.415, 6, 3, 17386
2026/05/21 16:01:18.415, 7, 4, 11582
2026/05/21 16:01:19.029, 0, 3, 21794
2026/05/21 16:01:19.030, 1, 2, 20812
2026/05/21 16:01:19.030, 2, 3, 20812
2026/05/21 16:01:19.030, 3, 3, 20812
2026/05/21 16:01:19.030, 4, 3, 20812
2026/05/21 16:01:19.030, 5, 3, 17406
2026/05/21 16:01:19.031, 6, 2, 17386
2026/05/21 16:01:19.031, 7, 4, 11582
2026/05/21 16:01:19.664, 0, 3, 21794
2026/05/21 16:01:19.664, 1, 2, 20812
2026/05/21 16:01:19.665, 2, 3, 20812
2026/05/21 16:01:19.665, 3, 3, 20812
2026/05/21 16:01:19.665, 4, 3, 20812
2026/05/21 16:01:19.665, 5, 3, 17406
2026/05/21 16:01:19.666, 6, 3, 17386
2026/05/21 16:01:19.666, 7, 3, 11582
2026/05/21 16:01:20.283, 0, 2, 21794
2026/05/21 16:01:20.283, 1, 3, 20812
2026/05/21 16:01:20.283, 2, 3, 20812
2026/05/21 16:01:20.284, 3, 3, 20812
2026/05/21 16:01:20.284, 4, 3, 20812
2026/05/21 16:01:20.284, 5, 3, 17406
2026/05/21 16:01:20.285, 6, 2, 17386
2026/05/21 16:01:20.285, 7, 4, 11582
2026/05/21 16:01:20.892, 0, 2, 21794
2026/05/21 16:01:20.892, 1, 3, 20812
2026/05/21 16:01:20.893, 2, 3, 20812
2026/05/21 16:01:20.894, 3, 3, 20812
2026/05/21 16:01:20.894, 4, 3, 20812
2026/05/21 16:01:20.895, 5, 3, 17406
2026/05/21 16:01:20.895, 6, 2, 17386
2026/05/21 16:01:20.896, 7, 3, 11582
2026/05/21 16:01:21.513, 0, 2, 21794
2026/05/21 16:01:21.513, 1, 3, 20812
2026/05/21 16:01:21.513, 2, 3, 20812
2026/05/21 16:01:21.513, 3, 3, 20812
2026/05/21 16:01:21.514, 4, 3, 20812
2026/05/21 16:01:21.514, 5, 3, 17406
2026/05/21 16:01:21.514, 6, 3, 17386
2026/05/21 16:01:21.514, 7, 4, 11582
2026/05/21 16:01:22.103, 0, 3, 21794
2026/05/21 16:01:22.103, 1, 3, 20812
2026/05/21 16:01:22.104, 2, 3, 20812
2026/05/21 16:01:22.104, 3, 2, 20812
2026/05/21 16:01:22.104, 4, 3, 20812
2026/05/21 16:01:22.104, 5, 3, 17406
2026/05/21 16:01:22.104, 6, 2, 17386
2026/05/21 16:01:22.104, 7, 3, 11582
2026/05/21 16:01:22.715, 0, 3, 21794
2026/05/21 16:01:22.716, 1, 2, 20812
2026/05/21 16:01:22.716, 2, 3, 20812
2026/05/21 16:01:22.716, 3, 2, 20812
2026/05/21 16:01:22.717, 4, 2, 20812
2026/05/21 16:01:22.717, 5, 3, 17406
2026/05/21 16:01:22.717, 6, 3, 17386
2026/05/21 16:01:22.718, 7, 3, 11582
2026/05/21 16:01:23.325, 0, 2, 21794
2026/05/21 16:01:23.326, 1, 3, 20812
2026/05/21 16:01:23.326, 2, 3, 20812
2026/05/21 16:01:23.327, 3, 3, 20812
2026/05/21 16:01:23.327, 4, 3, 20812
2026/05/21 16:01:23.327, 5, 6, 17406
2026/05/21 16:01:23.328, 6, 3, 17386
2026/05/21 16:01:23.328, 7, 3, 11582
2026/05/21 16:01:23.952, 0, 5, 21794
2026/05/21 16:01:23.952, 1, 3, 20812
2026/05/21 16:01:23.952, 2, 6, 20812
2026/05/21 16:01:23.953, 3, 3, 20812
2026/05/21 16:01:23.953, 4, 3, 20812
2026/05/21 16:01:23.953, 5, 3, 17406
2026/05/21 16:01:23.953, 6, 3, 17386
2026/05/21 16:01:23.954, 7, 3, 11582
2026/05/21 16:01:24.532, 0, 7, 21794
2026/05/21 16:01:24.532, 1, 6, 20812
2026/05/21 16:01:24.532, 2, 6, 20812
2026/05/21 16:01:24.533, 3, 7, 20812
2026/05/21 16:01:24.533, 4, 4, 20812
2026/05/21 16:01:24.533, 5, 4, 17406
2026/05/21 16:01:24.533, 6, 3, 17386
2026/05/21 16:01:24.534, 7, 3, 11582
2026/05/21 16:01:25.132, 0, 8, 21794
2026/05/21 16:01:25.132, 1, 6, 20812
2026/05/21 16:01:25.133, 2, 7, 20812
2026/05/21 16:01:25.133, 3, 5, 20812
2026/05/21 16:01:25.133, 4, 8, 20812
2026/05/21 16:01:25.133, 5, 5, 17406
2026/05/21 16:01:25.134, 6, 3, 17386
2026/05/21 16:01:25.134, 7, 8, 11582
2026/05/21 16:01:25.753, 0, 3, 21794
2026/05/21 16:01:25.753, 1, 8, 20812
2026/05/21 16:01:25.754, 2, 7, 20812
2026/05/21 16:01:25.754, 3, 7, 20812
2026/05/21 16:01:25.754, 4, 9, 20812
2026/05/21 16:01:25.754, 5, 4, 17406
2026/05/21 16:01:25.755, 6, 8, 17386
2026/05/21 16:01:25.755, 7, 2, 11582
2026/05/21 16:01:26.380, 0, 3, 21794
2026/05/21 16:01:26.380, 1, 6, 20812
2026/05/21 16:01:26.380, 2, 6, 20812
2026/05/21 16:01:26.381, 3, 10, 20812
2026/05/21 16:01:26.381, 4, 6, 20812
2026/05/21 16:01:26.382, 5, 6, 17406
2026/05/21 16:01:26.382, 6, 5, 17386
2026/05/21 16:01:26.382, 7, 7, 11582
2026/05/21 16:01:27.035, 0, 3, 21794
2026/05/21 16:01:27.035, 1, 11, 20812
2026/05/21 16:01:27.036, 2, 4, 20812
2026/05/21 16:01:27.036, 3, 7, 20812
2026/05/21 16:01:27.036, 4, 9, 20812
2026/05/21 16:01:27.036, 5, 3, 17406
2026/05/21 16:01:27.037, 6, 6, 17386
2026/05/21 16:01:27.037, 7, 4, 11582
2026/05/21 16:01:27.649, 0, 21, 21794
2026/05/21 16:01:27.650, 1, 6, 20812
2026/05/21 16:01:27.650, 2, 3, 20812
2026/05/21 16:01:27.650, 3, 5, 20812
2026/05/21 16:01:27.651, 4, 5, 20812
2026/05/21 16:01:27.651, 5, 4, 17406
2026/05/21 16:01:27.651, 6, 5, 17386
2026/05/21 16:01:27.651, 7, 6, 11582
2026/05/21 16:01:28.276, 0, 3, 21794
2026/05/21 16:01:28.276, 1, 3, 20812
2026/05/21 16:01:28.277, 2, 2, 20812
2026/05/21 16:01:28.277, 3, 1, 20812
2026/05/21 16:01:28.277, 4, 4, 20812
2026/05/21 16:01:28.278, 5, 2, 17406
2026/05/21 16:01:28.278, 6, 4, 17386
2026/05/21 16:01:28.279, 7, 3, 11582
2026/05/21 16:01:28.870, 0, 2, 21794
2026/05/21 16:01:28.871, 1, 2, 20812
2026/05/21 16:01:28.871, 2, 3, 20812
2026/05/21 16:01:28.871, 3, 2, 20812
2026/05/21 16:01:28.872, 4, 3, 20812
2026/05/21 16:01:28.872, 5, 2, 17406
2026/05/21 16:01:28.873, 6, 3, 17386
2026/05/21 16:01:28.873, 7, 3, 11582
2026/05/21 16:01:29.452, 0, 3, 21794
2026/05/21 16:01:29.453, 1, 3, 20812
2026/05/21 16:01:29.453, 2, 3, 20812
2026/05/21 16:01:29.453, 3, 3, 20812
2026/05/21 16:01:29.454, 4, 3, 20812
2026/05/21 16:01:29.454, 5, 2, 17406
2026/05/21 16:01:29.454, 6, 1, 17386
2026/05/21 16:01:29.455, 7, 8, 11582
2026/05/21 16:01:30.082, 0, 3, 21794
2026/05/21 16:01:30.082, 1, 3, 20812
2026/05/21 16:01:30.083, 2, 3, 20812
2026/05/21 16:01:30.083, 3, 3, 20812
2026/05/21 16:01:30.083, 4, 3, 20812
2026/05/21 16:01:30.083, 5, 3, 17406
2026/05/21 16:01:30.084, 6, 8, 17386
2026/05/21 16:01:30.084, 7, 4, 11582
2026/05/21 16:01:30.701, 0, 3, 21794
2026/05/21 16:01:30.701, 1, 3, 20812
2026/05/21 16:01:30.701, 2, 3, 20812
2026/05/21 16:01:30.702, 3, 3, 20812
2026/05/21 16:01:30.702, 4, 3, 20812
2026/05/21 16:01:30.702, 5, 3, 17406
2026/05/21 16:01:30.702, 6, 4, 17386
2026/05/21 16:01:30.703, 7, 4, 11582
2026/05/21 16:01:31.314, 0, 2, 21794
2026/05/21 16:01:31.314, 1, 2, 20812
2026/05/21 16:01:31.314, 2, 2, 20812
2026/05/21 16:01:31.315, 3, 2, 20812
2026/05/21 16:01:31.315, 4, 3, 20812
2026/05/21 16:01:31.315, 5, 2, 17406
2026/05/21 16:01:31.315, 6, 3, 17386
2026/05/21 16:01:31.316, 7, 3, 11582
2026/05/21 16:01:31.912, 0, 2, 21794
2026/05/21 16:01:31.912, 1, 2, 20812
2026/05/21 16:01:31.912, 2, 2, 20812
2026/05/21 16:01:31.913, 3, 2, 20812
2026/05/21 16:01:31.913, 4, 2, 20812
2026/05/21 16:01:31.913, 5, 2, 17406
2026/05/21 16:01:31.913, 6, 2, 17386
2026/05/21 16:01:31.914, 7, 6, 11582
2026/05/21 16:01:32.488, 0, 3, 21794
2026/05/21 16:01:32.488, 1, 3, 20812
2026/05/21 16:01:32.488, 2, 3, 20812
2026/05/21 16:01:32.488, 3, 3, 20812
2026/05/21 16:01:32.489, 4, 3, 20812
2026/05/21 16:01:32.489, 5, 3, 17406
2026/05/21 16:01:32.489, 6, 2, 17386
2026/05/21 16:01:32.489, 7, 3, 11582
2026/05/21 16:01:33.101, 0, 3, 21794
2026/05/21 16:01:33.101, 1, 3, 20812
2026/05/21 16:01:33.101, 2, 4, 20812
2026/05/21 16:01:33.102, 3, 3, 20812
2026/05/21 16:01:33.102, 4, 3, 20812
2026/05/21 16:01:33.102, 5, 2, 17406
2026/05/21 16:01:33.102, 6, 3, 17386
2026/05/21 16:01:33.103, 7, 3, 11582
2026/05/21 16:01:34.052, 0, 0, 21794
2026/05/21 16:01:34.086, 1, 1, 20812
2026/05/21 16:01:34.086, 2, 0, 20812
2026/05/21 16:01:34.086, 3, 0, 20812
2026/05/21 16:01:34.086, 4, 0, 20812
2026/05/21 16:01:34.087, 5, 1, 17406
2026/05/21 16:01:34.087, 6, 1, 17386
2026/05/21 16:01:34.087, 7, 0, 11582
2026/05/21 16:01:34.698, 0, 2, 21794
2026/05/21 16:01:34.699, 1, 3, 20812
2026/05/21 16:01:34.699, 2, 3, 20812
2026/05/21 16:01:34.699, 3, 3, 20812
2026/05/21 16:01:34.700, 4, 3, 20812
2026/05/21 16:01:34.700, 5, 3, 17406
2026/05/21 16:01:34.700, 6, 3, 17386
2026/05/21 16:01:34.701, 7, 3, 11582
2026/05/21 16:01:35.352, 0, 3, 21794
2026/05/21 16:01:35.352, 1, 2, 20812
2026/05/21 16:01:35.352, 2, 3, 20812
2026/05/21 16:01:35.352, 3, 3, 20812
2026/05/21 16:01:35.353, 4, 2, 20812
2026/05/21 16:01:35.353, 5, 3, 17406
2026/05/21 16:01:35.353, 6, 3, 17386
2026/05/21 16:01:35.354, 7, 3, 11582
2026/05/21 16:01:35.950, 0, 1, 21794
2026/05/21 16:01:35.951, 1, 1, 20812
2026/05/21 16:01:35.951, 2, 1, 20812
2026/05/21 16:01:35.951, 3, 1, 20812
2026/05/21 16:01:35.952, 4, 1, 20812
2026/05/21 16:01:35.952, 5, 2, 17406
2026/05/21 16:01:35.952, 6, 2, 17386
2026/05/21 16:01:35.953, 7, 2, 11582
2026/05/21 16:01:36.551, 0, 3, 21794
2026/05/21 16:01:36.552, 1, 3, 20812
2026/05/21 16:01:36.552, 2, 3, 20812
2026/05/21 16:01:36.552, 3, 2, 20812
2026/05/21 16:01:36.552, 4, 3, 20812
2026/05/21 16:01:36.553, 5, 3, 17406
2026/05/21 16:01:36.553, 6, 3, 17386
2026/05/21 16:01:36.554, 7, 4, 11582
2026/05/21 16:01:37.181, 0, 3, 21794
2026/05/21 16:01:37.182, 1, 2, 20812
2026/05/21 16:01:37.182, 2, 3, 20812
2026/05/21 16:01:37.182, 3, 3, 20812
2026/05/21 16:01:37.182, 4, 3, 20812
2026/05/21 16:01:37.183, 5, 3, 17406
2026/05/21 16:01:37.183, 6, 3, 17386
2026/05/21 16:01:37.183, 7, 0, 11838
2026/05/21 16:01:37.791, 0, 3, 21794
2026/05/21 16:01:37.791, 1, 2, 20812
2026/05/21 16:01:37.791, 2, 3, 20812
2026/05/21 16:01:37.791, 3, 3, 20812
2026/05/21 16:01:37.792, 4, 3, 20812
2026/05/21 16:01:37.792, 5, 3, 17406
2026/05/21 16:01:37.792, 6, 3, 17386
2026/05/21 16:01:37.792, 7, 0, 11838
2026/05/21 16:01:38.383, 0, 2, 21794
2026/05/21 16:01:38.383, 1, 2, 20812
2026/05/21 16:01:38.383, 2, 3, 20812
2026/05/21 16:01:38.383, 3, 2, 20812
2026/05/21 16:01:38.384, 4, 2, 20812
2026/05/21 16:01:38.384, 5, 3, 17406
2026/05/21 16:01:38.384, 6, 2, 17386
2026/05/21 16:01:38.384, 7, 0, 11838
2026/05/21 16:01:39.009, 0, 3, 21794
2026/05/21 16:01:39.010, 1, 3, 20812
2026/05/21 16:01:39.010, 2, 3, 20812
2026/05/21 16:01:39.010, 3, 3, 20812
2026/05/21 16:01:39.010, 4, 3, 20812
2026/05/21 16:01:39.010, 5, 3, 17406
2026/05/21 16:01:39.011, 6, 3, 17386
2026/05/21 16:01:39.011, 7, 0, 11838
2026/05/21 16:01:39.600, 0, 2, 21794
2026/05/21 16:01:39.600, 1, 3, 20812
2026/05/21 16:01:39.601, 2, 3, 20812
2026/05/21 16:01:39.601, 3, 3, 20812
2026/05/21 16:01:39.601, 4, 2, 20812
2026/05/21 16:01:39.602, 5, 3, 17406
2026/05/21 16:01:39.602, 6, 3, 17386
2026/05/21 16:01:39.602, 7, 0, 11838
2026/05/21 16:01:40.197, 0, 2, 21794
2026/05/21 16:01:40.198, 1, 2, 20812
2026/05/21 16:01:40.198, 2, 3, 20812
2026/05/21 16:01:40.198, 3, 2, 20812
2026/05/21 16:01:40.198, 4, 2, 20812
2026/05/21 16:01:40.199, 5, 3, 17406
2026/05/21 16:01:40.199, 6, 3, 17386
2026/05/21 16:01:40.199, 7, 0, 11838
2026/05/21 16:01:40.811, 0, 3, 21794
2026/05/21 16:01:40.811, 1, 3, 20812
2026/05/21 16:01:40.811, 2, 3, 20812
2026/05/21 16:01:40.812, 3, 2, 20812
2026/05/21 16:01:40.812, 4, 3, 20812
2026/05/21 16:01:40.813, 5, 3, 17406
2026/05/21 16:01:40.813, 6, 3, 17386
2026/05/21 16:01:40.813, 7, 0, 11838
2026/05/21 16:01:41.435, 0, 2, 21794
2026/05/21 16:01:41.436, 1, 2, 20812
2026/05/21 16:01:41.436, 2, 3, 20812
2026/05/21 16:01:41.436, 3, 2, 20812
2026/05/21 16:01:41.437, 4, 3, 20812
2026/05/21 16:01:41.437, 5, 3, 17406
2026/05/21 16:01:41.437, 6, 2, 17386
2026/05/21 16:01:41.437, 7, 0, 11838
2026/05/21 16:01:42.029, 0, 3, 21794
2026/05/21 16:01:42.030, 1, 2, 20812
2026/05/21 16:01:42.030, 2, 3, 20812
2026/05/21 16:01:42.030, 3, 2, 20812
2026/05/21 16:01:42.031, 4, 3, 20812
2026/05/21 16:01:42.031, 5, 2, 17406
2026/05/21 16:01:42.031, 6, 2, 17386
2026/05/21 16:01:42.032, 7, 0, 11838
2026/05/21 16:01:42.611, 0, 2, 21794
2026/05/21 16:01:42.611, 1, 2, 20812
2026/05/21 16:01:42.611, 2, 2, 20812
2026/05/21 16:01:42.612, 3, 3, 20812
2026/05/21 16:01:42.612, 4, 2, 20812
2026/05/21 16:01:42.612, 5, 2, 17406
2026/05/21 16:01:42.612, 6, 2, 17386
2026/05/21 16:01:42.613, 7, 0, 11838
2026/05/21 16:01:43.215, 0, 3, 21794
2026/05/21 16:01:43.216, 1, 3, 20812
2026/05/21 16:01:43.216, 2, 2, 20812
2026/05/21 16:01:43.216, 3, 3, 20812
2026/05/21 16:01:43.217, 4, 3, 20812
2026/05/21 16:01:43.217, 5, 2, 17406
2026/05/21 16:01:43.217, 6, 3, 17386
2026/05/21 16:01:43.217, 7, 0, 11838
2026/05/21 16:01:43.826, 0, 2, 21794
2026/05/21 16:01:43.826, 1, 3, 20812
2026/05/21 16:01:43.826, 2, 3, 20812
2026/05/21 16:01:43.826, 3, 3, 20812
2026/05/21 16:01:43.827, 4, 3, 20812
2026/05/21 16:01:43.827, 5, 3, 17406
2026/05/21 16:01:43.827, 6, 3, 17386
2026/05/21 16:01:43.827, 7, 0, 11838
2026/05/21 16:01:44.402, 0, 3, 21794
2026/05/21 16:01:44.403, 1, 3, 20812
2026/05/21 16:01:44.403, 2, 3, 20812
2026/05/21 16:01:44.403, 3, 3, 20812
2026/05/21 16:01:44.404, 4, 3, 20812
2026/05/21 16:01:44.404, 5, 3, 17406
2026/05/21 16:01:44.404, 6, 2, 17386
2026/05/21 16:01:44.404, 7, 0, 11838
2026/05/21 16:01:45.003, 0, 3, 21794
2026/05/21 16:01:45.004, 1, 3, 20812
2026/05/21 16:01:45.004, 2, 3, 20812
2026/05/21 16:01:45.005, 3, 3, 20812
2026/05/21 16:01:45.005, 4, 3, 20812
2026/05/21 16:01:45.006, 5, 3, 17406
2026/05/21 16:01:45.006, 6, 3, 17386
2026/05/21 16:01:45.007, 7, 0, 11838
2026/05/21 16:01:45.640, 0, 3, 21794
2026/05/21 16:01:45.641, 1, 3, 20812
2026/05/21 16:01:45.641, 2, 3, 20812
2026/05/21 16:01:45.641, 3, 3, 20812
2026/05/21 16:01:45.641, 4, 3, 20812
2026/05/21 16:01:45.641, 5, 3, 17406
2026/05/21 16:01:45.642, 6, 3, 17386
2026/05/21 16:01:45.642, 7, 0, 11838
2026/05/21 16:01:46.246, 0, 3, 21794
2026/05/21 16:01:46.246, 1, 3, 20812
2026/05/21 16:01:46.246, 2, 3, 20812
2026/05/21 16:01:46.246, 3, 3, 20812
2026/05/21 16:01:46.247, 4, 3, 20812
2026/05/21 16:01:46.247, 5, 3, 17406
2026/05/21 16:01:46.247, 6, 3, 17386
2026/05/21 16:01:46.247, 7, 0, 11838
2026/05/21 16:01:46.815, 0, 3, 21794
2026/05/21 16:01:46.815, 1, 3, 20812
2026/05/21 16:01:46.815, 2, 2, 20812
2026/05/21 16:01:46.816, 3, 3, 20812
2026/05/21 16:01:46.816, 4, 3, 20812
2026/05/21 16:01:46.816, 5, 3, 17406
2026/05/21 16:01:46.816, 6, 3, 17386
2026/05/21 16:01:46.817, 7, 0, 11838
2026/05/21 16:01:47.391, 0, 3, 21794
2026/05/21 16:01:47.391, 1, 3, 20812
2026/05/21 16:01:47.392, 2, 3, 20812
2026/05/21 16:01:47.392, 3, 3, 20812
2026/05/21 16:01:47.392, 4, 3, 20812
2026/05/21 16:01:47.392, 5, 3, 17406
2026/05/21 16:01:47.393, 6, 3, 17386
2026/05/21 16:01:47.393, 7, 0, 11838
2026/05/21 16:01:47.974, 0, 3, 21794
2026/05/21 16:01:47.974, 1, 3, 20812
2026/05/21 16:01:47.975, 2, 3, 20812
2026/05/21 16:01:47.975, 3, 2, 20812
2026/05/21 16:01:47.976, 4, 3, 20812
2026/05/21 16:01:47.976, 5, 3, 17406
2026/05/21 16:01:47.976, 6, 3, 17386
2026/05/21 16:01:47.976, 7, 0, 11838
2026/05/21 16:01:48.578, 0, 3, 21794
2026/05/21 16:01:48.579, 1, 3, 20812
2026/05/21 16:01:48.579, 2, 3, 20812
2026/05/21 16:01:48.579, 3, 3, 20812
2026/05/21 16:01:48.580, 4, 3, 20812
2026/05/21 16:01:48.580, 5, 2, 17406
2026/05/21 16:01:48.581, 6, 3, 17386
2026/05/21 16:01:48.581, 7, 0, 11838
2026/05/21 16:01:49.165, 0, 3, 21794
2026/05/21 16:01:49.165, 1, 2, 20812
2026/05/21 16:01:49.165, 2, 3, 20812
2026/05/21 16:01:49.165, 3, 3, 20812
2026/05/21 16:01:49.166, 4, 3, 20812
2026/05/21 16:01:49.166, 5, 3, 17406
2026/05/21 16:01:49.166, 6, 3, 17386
2026/05/21 16:01:49.166, 7, 0, 11838
2026/05/21 16:01:49.754, 0, 2, 21794
2026/05/21 16:01:49.754, 1, 2, 20812
2026/05/21 16:01:49.755, 2, 3, 20812
2026/05/21 16:01:49.755, 3, 3, 20812
2026/05/21 16:01:49.755, 4, 2, 20812
2026/05/21 16:01:49.755, 5, 2, 17406
2026/05/21 16:01:49.755, 6, 2, 17386
2026/05/21 16:01:49.756, 7, 0, 11838
2026/05/21 16:01:50.340, 0, 2, 21794
2026/05/21 16:01:50.341, 1, 2, 20812
2026/05/21 16:01:50.341, 2, 3, 20812
2026/05/21 16:01:50.341, 3, 2, 20812
2026/05/21 16:01:50.342, 4, 2, 20812
2026/05/21 16:01:50.342, 5, 2, 17406
2026/05/21 16:01:50.342, 6, 2, 17386
2026/05/21 16:01:50.342, 7, 0, 11838
2026/05/21 16:01:50.914, 0, 3, 21794
2026/05/21 16:01:50.914, 1, 2, 20812
2026/05/21 16:01:50.915, 2, 2, 20812
2026/05/21 16:01:50.915, 3, 2, 20812
2026/05/21 16:01:50.915, 4, 2, 20812
2026/05/21 16:01:50.916, 5, 3, 17406
2026/05/21 16:01:50.916, 6, 2, 17386
2026/05/21 16:01:50.916, 7, 0, 11838
2026/05/21 16:01:51.512, 0, 3, 21794
2026/05/21 16:01:51.512, 1, 2, 20812
2026/05/21 16:01:51.513, 2, 2, 20812
2026/05/21 16:01:51.513, 3, 2, 20812
2026/05/21 16:01:51.513, 4, 2, 20812
2026/05/21 16:01:51.513, 5, 2, 17406
2026/05/21 16:01:51.513, 6, 2, 17386
2026/05/21 16:01:51.514, 7, 0, 11838
2026/05/21 16:01:52.118, 0, 2, 21794
2026/05/21 16:01:52.118, 1, 2, 20812
2026/05/21 16:01:52.118, 2, 3, 20812
2026/05/21 16:01:52.118, 3, 3, 20812
2026/05/21 16:01:52.119, 4, 2, 20812
2026/05/21 16:01:52.119, 5, 3, 17406
2026/05/21 16:01:52.119, 6, 3, 17386
2026/05/21 16:01:52.119, 7, 0, 11838
2026/05/21 16:01:52.727, 0, 2, 21794
2026/05/21 16:01:52.727, 1, 3, 20812
2026/05/21 16:01:52.727, 2, 2, 20812
2026/05/21 16:01:52.728, 3, 3, 20812
2026/05/21 16:01:52.728, 4, 2, 20812
2026/05/21 16:01:52.728, 5, 2, 17406
2026/05/21 16:01:52.728, 6, 2, 17386
2026/05/21 16:01:52.728, 7, 0, 11838
2026/05/21 16:01:53.354, 0, 2, 21794
2026/05/21 16:01:53.354, 1, 2, 20812
2026/05/21 16:01:53.354, 2, 2, 20812
2026/05/21 16:01:53.355, 3, 2, 20812
2026/05/21 16:01:53.355, 4, 2, 20812
2026/05/21 16:01:53.355, 5, 2, 17406
2026/05/21 16:01:53.355, 6, 2, 17386
2026/05/21 16:01:53.356, 7, 0, 11838
2026/05/21 16:01:53.967, 0, 2, 21794
2026/05/21 16:01:53.967, 1, 2, 20812
2026/05/21 16:01:53.968, 2, 3, 20812
2026/05/21 16:01:53.968, 3, 3, 20812
2026/05/21 16:01:53.968, 4, 2, 20812
2026/05/21 16:01:53.968, 5, 3, 17406
2026/05/21 16:01:53.969, 6, 2, 17386
2026/05/21 16:01:53.969, 7, 0, 11838
2026/05/21 16:01:54.578, 0, 2, 21794
2026/05/21 16:01:54.578, 1, 2, 20812
2026/05/21 16:01:54.579, 2, 3, 20812
2026/05/21 16:01:54.579, 3, 3, 20812
2026/05/21 16:01:54.579, 4, 2, 20812
2026/05/21 16:01:54.579, 5, 2, 17406
2026/05/21 16:01:54.579, 6, 2, 17386
2026/05/21 16:01:54.580, 7, 0, 11838
2026/05/21 16:01:55.189, 0, 2, 21794
2026/05/21 16:01:55.189, 1, 2, 20812
2026/05/21 16:01:55.189, 2, 2, 20812
2026/05/21 16:01:55.189, 3, 2, 20812
2026/05/21 16:01:55.190, 4, 2, 20812
2026/05/21 16:01:55.190, 5, 1, 17406
2026/05/21 16:01:55.190, 6, 2, 17386
2026/05/21 16:01:55.190, 7, 0, 11838
2026/05/21 16:01:55.780, 0, 2, 21794
2026/05/21 16:01:55.780, 1, 2, 20812
2026/05/21 16:01:55.780, 2, 2, 20812
2026/05/21 16:01:55.781, 3, 2, 20812
2026/05/21 16:01:55.781, 4, 2, 20812
2026/05/21 16:01:55.781, 5, 2, 17406
2026/05/21 16:01:55.781, 6, 2, 17386
2026/05/21 16:01:55.782, 7, 0, 11838
2026/05/21 16:01:56.370, 0, 3, 21794
2026/05/21 16:01:56.370, 1, 3, 20812
2026/05/21 16:01:56.371, 2, 3, 20812
2026/05/21 16:01:56.371, 3, 3, 20812
2026/05/21 16:01:56.371, 4, 3, 20812
2026/05/21 16:01:56.371, 5, 3, 17406
2026/05/21 16:01:56.372, 6, 3, 17386
2026/05/21 16:01:56.372, 7, 0, 11838
2026/05/21 16:01:56.960, 0, 3, 21794
2026/05/21 16:01:56.960, 1, 2, 20812
2026/05/21 16:01:56.961, 2, 3, 20812
2026/05/21 16:01:56.961, 3, 3, 20812
2026/05/21 16:01:56.961, 4, 3, 20812
2026/05/21 16:01:56.961, 5, 3, 17406
2026/05/21 16:01:56.961, 6, 3, 17386
2026/05/21 16:01:56.962, 7, 0, 11838
2026/05/21 16:01:57.589, 0, 3, 21794
2026/05/21 16:01:57.589, 1, 3, 20812
2026/05/21 16:01:57.590, 2, 3, 20812
2026/05/21 16:01:57.590, 3, 3, 20812
2026/05/21 16:01:57.590, 4, 3, 20812
2026/05/21 16:01:57.590, 5, 3, 17406
2026/05/21 16:01:57.591, 6, 3, 17386
2026/05/21 16:01:57.591, 7, 0, 11838
2026/05/21 16:01:58.177, 0, 3, 21794
2026/05/21 16:01:58.178, 1, 2, 20812
2026/05/21 16:01:58.178, 2, 3, 20812
2026/05/21 16:01:58.178, 3, 3, 20812
2026/05/21 16:01:58.179, 4, 3, 20812
2026/05/21 16:01:58.179, 5, 3, 17406
2026/05/21 16:01:58.179, 6, 3, 17386
2026/05/21 16:01:58.179, 7, 0, 11838
2026/05/21 16:01:58.767, 0, 3, 21794
2026/05/21 16:01:58.768, 1, 2, 20812
2026/05/21 16:01:58.768, 2, 2, 20812
2026/05/21 16:01:58.768, 3, 3, 20812
2026/05/21 16:01:58.768, 4, 2, 20812
2026/05/21 16:01:58.769, 5, 3, 17406
2026/05/21 16:01:58.769, 6, 3, 17386
2026/05/21 16:01:58.769, 7, 0, 11838
2026/05/21 16:01:59.360, 0, 2, 21794
2026/05/21 16:01:59.360, 1, 1, 20812
2026/05/21 16:01:59.361, 2, 1, 20812
2026/05/21 16:01:59.361, 3, 1, 20812
2026/05/21 16:01:59.361, 4, 2, 20812
2026/05/21 16:01:59.361, 5, 2, 17406
2026/05/21 16:01:59.361, 6, 2, 17386
2026/05/21 16:01:59.362, 7, 0, 11838
2026/05/21 16:01:59.949, 0, 2, 21794
2026/05/21 16:01:59.950, 1, 2, 20812
2026/05/21 16:01:59.950, 2, 2, 20812
2026/05/21 16:01:59.950, 3, 1, 20812
2026/05/21 16:01:59.950, 4, 2, 20812
2026/05/21 16:01:59.950, 5, 2, 17406
2026/05/21 16:01:59.951, 6, 2, 17386
2026/05/21 16:01:59.951, 7, 0, 11838
2026/05/21 16:02:00.556, 0, 3, 21794
2026/05/21 16:02:00.556, 1, 2, 20812
2026/05/21 16:02:00.556, 2, 3, 20812
2026/05/21 16:02:00.557, 3, 3, 20812
2026/05/21 16:02:00.557, 4, 3, 20812
2026/05/21 16:02:00.557, 5, 3, 17406
2026/05/21 16:02:00.557, 6, 3, 17386
2026/05/21 16:02:00.558, 7, 0, 11838
2026/05/21 16:02:01.169, 0, 3, 21794
2026/05/21 16:02:01.170, 1, 2, 20812
2026/05/21 16:02:01.170, 2, 3, 20812
2026/05/21 16:02:01.170, 3, 3, 20812
2026/05/21 16:02:01.171, 4, 3, 20812
2026/05/21 16:02:01.171, 5, 2, 17406
2026/05/21 16:02:01.171, 6, 3, 17386
2026/05/21 16:02:01.171, 7, 0, 11838
2026/05/21 16:02:01.784, 0, 3, 21794
2026/05/21 16:02:01.784, 1, 3, 20812
2026/05/21 16:02:01.784, 2, 3, 20812
2026/05/21 16:02:01.785, 3, 3, 20812
2026/05/21 16:02:01.785, 4, 3, 20812
2026/05/21 16:02:01.785, 5, 0, 17836
2026/05/21 16:02:01.785, 6, 3, 17386
2026/05/21 16:02:01.785, 7, 0, 11838
2026/05/21 16:02:02.406, 0, 3, 21794
2026/05/21 16:02:02.406, 1, 2, 20812
2026/05/21 16:02:02.407, 2, 3, 20812
2026/05/21 16:02:02.407, 3, 3, 20812
2026/05/21 16:02:02.407, 4, 3, 20812
2026/05/21 16:02:02.407, 5, 0, 17836
2026/05/21 16:02:02.408, 6, 3, 17386
2026/05/21 16:02:02.408, 7, 0, 11838
2026/05/21 16:02:03.013, 0, 2, 21794
2026/05/21 16:02:03.014, 1, 2, 20812
2026/05/21 16:02:03.014, 2, 2, 20812
2026/05/21 16:02:03.014, 3, 3, 20812
2026/05/21 16:02:03.014, 4, 2, 20812
2026/05/21 16:02:03.014, 5, 0, 17836
2026/05/21 16:02:03.015, 6, 2, 17386
2026/05/21 16:02:03.015, 7, 0, 11838
2026/05/21 16:02:03.626, 0, 2, 21794
2026/05/21 16:02:03.626, 1, 2, 20812
2026/05/21 16:02:03.626, 2, 2, 20812
2026/05/21 16:02:03.627, 3, 2, 20812
2026/05/21 16:02:03.627, 4, 2, 20812
2026/05/21 16:02:03.627, 5, 0, 17836
2026/05/21 16:02:03.627, 6, 2, 17386
2026/05/21 16:02:03.628, 7, 0, 11838
2026/05/21 16:02:04.230, 0, 3, 21794
2026/05/21 16:02:04.230, 1, 3, 20812
2026/05/21 16:02:04.231, 2, 2, 20812
2026/05/21 16:02:04.231, 3, 3, 20812
2026/05/21 16:02:04.231, 4, 3, 20812
2026/05/21 16:02:04.231, 5, 0, 17836
2026/05/21 16:02:04.232, 6, 0, 17866
2026/05/21 16:02:04.232, 7, 0, 11838
2026/05/21 16:02:04.815, 0, 3, 21794
2026/05/21 16:02:04.816, 1, 3, 20812
2026/05/21 16:02:04.816, 2, 3, 20812
2026/05/21 16:02:04.816, 3, 3, 20812
2026/05/21 16:02:04.816, 4, 3, 20812
2026/05/21 16:02:04.816, 5, 0, 17836
2026/05/21 16:02:04.817, 6, 0, 17866
2026/05/21 16:02:04.817, 7, 0, 11838
2026/05/21 16:02:05.443, 0, 3, 21794
2026/05/21 16:02:05.444, 1, 2, 20812
2026/05/21 16:02:05.444, 2, 3, 20812
2026/05/21 16:02:05.444, 3, 2, 20812
2026/05/21 16:02:05.445, 4, 3, 20812
2026/05/21 16:02:05.445, 5, 0, 17836
2026/05/21 16:02:05.445, 6, 0, 17866
2026/05/21 16:02:05.445, 7, 0, 11838
2026/05/21 16:02:06.040, 0, 3, 21794
2026/05/21 16:02:06.041, 1, 3, 20812
2026/05/21 16:02:06.041, 2, 3, 20812
2026/05/21 16:02:06.041, 3, 3, 20812
2026/05/21 16:02:06.042, 4, 3, 20812
2026/05/21 16:02:06.042, 5, 0, 17836
2026/05/21 16:02:06.043, 6, 0, 17866
2026/05/21 16:02:06.043, 7, 0, 11838
2026/05/21 16:02:06.659, 0, 3, 21794
2026/05/21 16:02:06.660, 1, 2, 20812
2026/05/21 16:02:06.660, 2, 3, 20812
2026/05/21 16:02:06.660, 3, 3, 20812
2026/05/21 16:02:06.660, 4, 3, 20812
2026/05/21 16:02:06.661, 5, 0, 17836
2026/05/21 16:02:06.661, 6, 0, 17866
2026/05/21 16:02:06.661, 7, 0, 11838
2026/05/21 16:02:07.268, 0, 2, 21794
2026/05/21 16:02:07.269, 1, 2, 20812
2026/05/21 16:02:07.269, 2, 3, 20812
2026/05/21 16:02:07.269, 3, 3, 20812
2026/05/21 16:02:07.269, 4, 3, 20812
2026/05/21 16:02:07.269, 5, 0, 17836
2026/05/21 16:02:07.270, 6, 0, 17866
2026/05/21 16:02:07.270, 7, 0, 11838
2026/05/21 16:02:07.854, 0, 3, 21794
2026/05/21 16:02:07.855, 1, 3, 20812
2026/05/21 16:02:07.855, 2, 4, 20812
2026/05/21 16:02:07.855, 3, 3, 20812
2026/05/21 16:02:07.855, 4, 3, 20812
2026/05/21 16:02:07.856, 5, 0, 17836
2026/05/21 16:02:07.856, 6, 0, 17866
2026/05/21 16:02:07.856, 7, 0, 11838
2026/05/21 16:02:08.491, 0, 3, 21794
2026/05/21 16:02:08.491, 1, 3, 20812
2026/05/21 16:02:08.491, 2, 3, 20812
2026/05/21 16:02:08.492, 3, 3, 20812
2026/05/21 16:02:08.492, 4, 3, 20812
2026/05/21 16:02:08.492, 5, 0, 17836
2026/05/21 16:02:08.492, 6, 0, 17866
2026/05/21 16:02:08.493, 7, 0, 11838
2026/05/21 16:02:09.098, 0, 3, 21794
2026/05/21 16:02:09.098, 1, 3, 20812
2026/05/21 16:02:09.099, 2, 3, 20812
2026/05/21 16:02:09.099, 3, 3, 20812
2026/05/21 16:02:09.099, 4, 3, 20812
2026/05/21 16:02:09.100, 5, 0, 17836
2026/05/21 16:02:09.100, 6, 0, 17866
2026/05/21 16:02:09.100, 7, 0, 11838
2026/05/21 16:02:09.734, 0, 3, 21794
2026/05/21 16:02:09.735, 1, 3, 20812
2026/05/21 16:02:09.735, 2, 3, 20812
2026/05/21 16:02:09.735, 3, 3, 20812
2026/05/21 16:02:09.736, 4, 3, 20812
2026/05/21 16:02:09.736, 5, 0, 17836
2026/05/21 16:02:09.736, 6, 0, 17866
2026/05/21 16:02:09.737, 7, 0, 11838
2026/05/21 16:02:10.369, 0, 3, 21794
2026/05/21 16:02:10.369, 1, 3, 20812
2026/05/21 16:02:10.371, 2, 4, 21288
2026/05/21 16:02:10.371, 3, 3, 20812
2026/05/21 16:02:10.371, 4, 7, 21354
2026/05/21 16:02:10.372, 5, 0, 17836
2026/05/21 16:02:10.374, 6, 0, 17866
2026/05/21 16:02:10.374, 7, 0, 11838
2026/05/21 16:02:10.973, 0, 4, 21794
2026/05/21 16:02:10.974, 1, 4, 20812
2026/05/21 16:02:10.974, 2, 0, 21354
2026/05/21 16:02:10.975, 3, 3, 20844
2026/05/21 16:02:10.975, 4, 0, 21354
2026/05/21 16:02:10.976, 5, 0, 17836
2026/05/21 16:02:10.976, 6, 0, 17866
2026/05/21 16:02:10.976, 7, 0, 11838
2026/05/21 16:02:11.573, 0, 4, 21794
2026/05/21 16:02:11.573, 1, 4, 20812
2026/05/21 16:02:11.574, 2, 0, 21354
2026/05/21 16:02:11.574, 3, 0, 21354
2026/05/21 16:02:11.575, 4, 0, 21354
2026/05/21 16:02:11.576, 5, 0, 17836
2026/05/21 16:02:11.577, 6, 0, 17866
2026/05/21 16:02:11.577, 7, 0, 11838
2026/05/21 16:02:12.197, 0, 4, 21794
2026/05/21 16:02:12.198, 1, 4, 20812
2026/05/21 16:02:12.198, 2, 0, 21354
2026/05/21 16:02:12.198, 3, 0, 21354
2026/05/21 16:02:12.198, 4, 0, 21354
2026/05/21 16:02:12.199, 5, 0, 17836
2026/05/21 16:02:12.199, 6, 0, 17866
2026/05/21 16:02:12.199, 7, 0, 11838
2026/05/21 16:02:12.779, 0, 3, 21794
2026/05/21 16:02:12.779, 1, 4, 20812
2026/05/21 16:02:12.780, 2, 0, 21354
2026/05/21 16:02:12.780, 3, 0, 21354
2026/05/21 16:02:12.780, 4, 0, 21354
2026/05/21 16:02:12.780, 5, 0, 17836
2026/05/21 16:02:12.781, 6, 0, 17866
2026/05/21 16:02:12.781, 7, 0, 11838
2026/05/21 16:02:13.387, 0, 0, 24020
2026/05/21 16:02:13.389, 1, 1, 21356
2026/05/21 16:02:13.390, 2, 0, 21354
2026/05/21 16:02:13.391, 3, 0, 21356
2026/05/21 16:02:13.392, 4, 0, 21354
2026/05/21 16:02:13.393, 5, 0, 17838
2026/05/21 16:02:13.394, 6, 0, 17868
2026/05/21 16:02:13.395, 7, 0, 11838
2026/05/21 16:02:13.977, 0, 10, 24020
2026/05/21 16:02:13.977, 1, 0, 21356
2026/05/21 16:02:13.978, 2, 0, 21356
2026/05/21 16:02:13.978, 3, 0, 21356
2026/05/21 16:02:13.978, 4, 0, 21356
2026/05/21 16:02:13.979, 5, 0, 17838
2026/05/21 16:02:13.979, 6, 0, 17868
2026/05/21 16:02:13.979, 7, 0, 11840
2026/05/21 16:02:14.562, 0, 3, 24290
2026/05/21 16:02:14.562, 1, 2, 23418
2026/05/21 16:02:14.562, 2, 0, 23148
2026/05/21 16:02:14.563, 3, 0, 21356
2026/05/21 16:02:14.563, 4, 0, 21356
2026/05/21 16:02:14.563, 5, 0, 17838
2026/05/21 16:02:14.563, 6, 0, 17868
2026/05/21 16:02:14.564, 7, 0, 11840
2026/05/21 16:02:15.149, 0, 12, 24290
2026/05/21 16:02:15.149, 1, 8, 23418
2026/05/21 16:02:15.150, 2, 13, 23418
2026/05/21 16:02:15.150, 3, 8, 23418
2026/05/21 16:02:15.150, 4, 4, 23418
2026/05/21 16:02:15.151, 5, 11, 19900
2026/05/21 16:02:15.151, 6, 10, 19930
2026/05/21 16:02:15.152, 7, 6, 13902
2026/05/21 16:02:15.720, 0, 0, 24290
2026/05/21 16:02:15.721, 1, 0, 23418
2026/05/21 16:02:15.721, 2, 0, 23418
2026/05/21 16:02:15.721, 3, 0, 23418
2026/05/21 16:02:15.721, 4, 0, 23418
2026/05/21 16:02:15.721, 5, 0, 19900
2026/05/21 16:02:15.722, 6, 0, 19930
2026/05/21 16:02:15.722, 7, 0, 13902
2026/05/21 16:02:16.291, 0, 15, 24290
2026/05/21 16:02:16.291, 1, 15, 23418
2026/05/21 16:02:16.292, 2, 13, 23418
2026/05/21 16:02:16.292, 3, 15, 23418
2026/05/21 16:02:16.292, 4, 16, 23418
2026/05/21 16:02:16.293, 5, 13, 19900
2026/05/21 16:02:16.293, 6, 13, 19930
2026/05/21 16:02:16.293, 7, 8, 13902
2026/05/21 16:02:16.900, 0, 15, 24290
2026/05/21 16:02:16.900, 1, 15, 23418
2026/05/21 16:02:16.900, 2, 13, 23418
2026/05/21 16:02:16.900, 3, 15, 23418
2026/05/21 16:02:16.900, 4, 13, 23418
2026/05/21 16:02:16.901, 5, 11, 19900
2026/05/21 16:02:16.901, 6, 10, 19930
2026/05/21 16:02:16.901, 7, 9, 13902
2026/05/21 16:02:17.496, 0, 13, 24290
2026/05/21 16:02:17.496, 1, 13, 23418
2026/05/21 16:02:17.496, 2, 13, 23418
2026/05/21 16:02:17.497, 3, 13, 23418
2026/05/21 16:02:17.497, 4, 13, 23418
2026/05/21 16:02:17.497, 5, 11, 19900
2026/05/21 16:02:17.498, 6, 11, 19930
2026/05/21 16:02:17.498, 7, 10, 13902
2026/05/21 16:02:18.077, 0, 9, 24290
2026/05/21 16:02:18.078, 1, 10, 23418
2026/05/21 16:02:18.078, 2, 6, 23418
2026/05/21 16:02:18.078, 3, 11, 23418
2026/05/21 16:02:18.079, 4, 15, 23418
2026/05/21 16:02:18.079, 5, 6, 19900
2026/05/21 16:02:18.079, 6, 5, 19930
2026/05/21 16:02:18.079, 7, 4, 13902
2026/05/21 16:02:18.672, 0, 12, 24290
2026/05/21 16:02:18.673, 1, 13, 23418
2026/05/21 16:02:18.673, 2, 13, 23418
2026/05/21 16:02:18.673, 3, 13, 23418
2026/05/21 16:02:18.674, 4, 13, 23418
2026/05/21 16:02:18.674, 5, 11, 19900
2026/05/21 16:02:18.674, 6, 10, 19930
2026/05/21 16:02:18.674, 7, 6, 13902
2026/05/21 16:02:19.260, 0, 12, 24290
2026/05/21 16:02:19.260, 1, 13, 23418
2026/05/21 16:02:19.260, 2, 13, 23418
2026/05/21 16:02:19.261, 3, 13, 23418
2026/05/21 16:02:19.261, 4, 16, 23418
2026/05/21 16:02:19.261, 5, 11, 19900
2026/05/21 16:02:19.261, 6, 13, 19930
2026/05/21 16:02:19.261, 7, 10, 13902
2026/05/21 16:02:19.852, 0, 0, 24290
2026/05/21 16:02:19.852, 1, 9, 23418
2026/05/21 16:02:19.853, 2, 5, 23418
2026/05/21 16:02:19.853, 3, 9, 23418
2026/05/21 16:02:19.853, 4, 8, 23418
2026/05/21 16:02:19.853, 5, 4, 19900
2026/05/21 16:02:19.853, 6, 4, 19930
2026/05/21 16:02:19.854, 7, 3, 13902
2026/05/21 16:02:20.428, 0, 12, 24290
2026/05/21 16:02:20.428, 1, 13, 23418
2026/05/21 16:02:20.428, 2, 15, 23418
2026/05/21 16:02:20.429, 3, 13, 23418
2026/05/21 16:02:20.429, 4, 13, 23418
2026/05/21 16:02:20.429, 5, 14, 19900
2026/05/21 16:02:20.429, 6, 11, 19930
2026/05/21 16:02:20.429, 7, 6, 13902
2026/05/21 16:02:21.017, 0, 12, 24290
2026/05/21 16:02:21.017, 1, 15, 23418
2026/05/21 16:02:21.017, 2, 13, 23418
2026/05/21 16:02:21.018, 3, 14, 23418
2026/05/21 16:02:21.018, 4, 17, 23418
2026/05/21 16:02:21.018, 5, 12, 19900
2026/05/21 16:02:21.018, 6, 13, 19930
2026/05/21 16:02:21.018, 7, 8, 13902
2026/05/21 16:02:21.597, 0, 13, 24290
2026/05/21 16:02:21.597, 1, 13, 23418
2026/05/21 16:02:21.597, 2, 13, 23418
2026/05/21 16:02:21.598, 3, 13, 23418
2026/05/21 16:02:21.598, 4, 13, 23418
2026/05/21 16:02:21.598, 5, 11, 19900
2026/05/21 16:02:21.598, 6, 10, 19930
2026/05/21 16:02:21.598, 7, 10, 13902
2026/05/21 16:02:22.188, 0, 9, 24290
2026/05/21 16:02:22.189, 1, 0, 23418
2026/05/21 16:02:22.189, 2, 6, 23418
2026/05/21 16:02:22.189, 3, 0, 23418
2026/05/21 16:02:22.190, 4, 0, 23418
2026/05/21 16:02:22.190, 5, 3, 19900
2026/05/21 16:02:22.190, 6, 5, 19930
2026/05/21 16:02:22.190, 7, 4, 13902
2026/05/21 16:02:22.763, 0, 12, 24290
2026/05/21 16:02:22.763, 1, 14, 23418
2026/05/21 16:02:22.764, 2, 13, 23418
2026/05/21 16:02:22.764, 3, 15, 23418
2026/05/21 16:02:22.764, 4, 13, 23418
2026/05/21 16:02:22.764, 5, 11, 19900
2026/05/21 16:02:22.765, 6, 10, 19930
2026/05/21 16:02:22.765, 7, 6, 13902
2026/05/21 16:02:23.360, 0, 12, 24290
2026/05/21 16:02:23.360, 1, 13, 23418
2026/05/21 16:02:23.360, 2, 13, 23418
2026/05/21 16:02:23.361, 3, 13, 23418
2026/05/21 16:02:23.361, 4, 13, 23418
2026/05/21 16:02:23.361, 5, 11, 19900
2026/05/21 16:02:23.362, 6, 10, 19930
2026/05/21 16:02:23.362, 7, 10, 13902
2026/05/21 16:02:23.942, 0, 13, 24290
2026/05/21 16:02:23.943, 1, 13, 23418
2026/05/21 16:02:23.943, 2, 13, 23418
2026/05/21 16:02:23.944, 3, 13, 23418
2026/05/21 16:02:23.944, 4, 13, 23418
2026/05/21 16:02:23.944, 5, 11, 19900
2026/05/21 16:02:23.944, 6, 11, 19930
2026/05/21 16:02:23.945, 7, 10, 13902
2026/05/21 16:02:24.571, 0, 97, 24290
2026/05/21 16:02:24.571, 1, 94, 23418
2026/05/21 16:02:24.571, 2, 94, 23418
2026/05/21 16:02:24.571, 3, 93, 23418
2026/05/21 16:02:24.572, 4, 88, 23418
2026/05/21 16:02:24.572, 5, 79, 19900
2026/05/21 16:02:24.572, 6, 78, 19930
2026/05/21 16:02:24.572, 7, 49, 13902
2026/05/21 16:02:25.165, 0, 76, 24290
2026/05/21 16:02:25.165, 1, 69, 23418
2026/05/21 16:02:25.165, 2, 72, 23418
2026/05/21 16:02:25.166, 3, 72, 23418
2026/05/21 16:02:25.166, 4, 71, 23418
2026/05/21 16:02:25.166, 5, 60, 19900
2026/05/21 16:02:25.166, 6, 60, 19930
2026/05/21 16:02:25.166, 7, 47, 13902
2026/05/21 16:02:25.736, 0, 97, 24290
2026/05/21 16:02:25.737, 1, 93, 23418
2026/05/21 16:02:25.737, 2, 93, 23418
2026/05/21 16:02:25.737, 3, 93, 23418
2026/05/21 16:02:25.737, 4, 93, 23418
2026/05/21 16:02:25.737, 5, 78, 19900
2026/05/21 16:02:25.738, 6, 76, 19930
2026/05/21 16:02:25.738, 7, 46, 13902
2026/05/21 16:02:26.304, 0, 97, 24290
2026/05/21 16:02:26.305, 1, 93, 23418
2026/05/21 16:02:26.305, 2, 93, 23418
2026/05/21 16:02:26.305, 3, 93, 23418
2026/05/21 16:02:26.305, 4, 93, 23418
2026/05/21 16:02:26.305, 5, 77, 19900
2026/05/21 16:02:26.306, 6, 77, 19930
2026/05/21 16:02:26.306, 7, 46, 13902
2026/05/21 16:02:26.872, 0, 45, 24290
2026/05/21 16:02:26.872, 1, 93, 23418
2026/05/21 16:02:26.873, 2, 94, 23418
2026/05/21 16:02:26.873, 3, 93, 23418
2026/05/21 16:02:26.873, 4, 93, 23418
2026/05/21 16:02:26.873, 5, 78, 19900
2026/05/21 16:02:26.873, 6, 78, 19930
2026/05/21 16:02:26.874, 7, 46, 13902
2026/05/21 16:02:27.503, 0, 97, 24290
2026/05/21 16:02:27.504, 1, 93, 23418
2026/05/21 16:02:27.504, 2, 93, 23418
2026/05/21 16:02:27.504, 3, 93, 23418
2026/05/21 16:02:27.504, 4, 92, 23418
2026/05/21 16:02:27.505, 5, 78, 19900
2026/05/21 16:02:27.506, 6, 77, 19930
2026/05/21 16:02:27.507, 7, 46, 13902
2026/05/21 16:02:28.121, 0, 97, 24290
2026/05/21 16:02:28.121, 1, 93, 23418
2026/05/21 16:02:28.121, 2, 93, 23418
2026/05/21 16:02:28.122, 3, 93, 23418
2026/05/21 16:02:28.122, 4, 93, 23418
2026/05/21 16:02:28.122, 5, 78, 19900
2026/05/21 16:02:28.122, 6, 77, 19930
2026/05/21 16:02:28.122, 7, 47, 13902
2026/05/21 16:02:28.750, 0, 43, 24290
2026/05/21 16:02:28.750, 1, 93, 23418
2026/05/21 16:02:28.751, 2, 89, 23418
2026/05/21 16:02:28.751, 3, 94, 23418
2026/05/21 16:02:28.751, 4, 93, 23418
2026/05/21 16:02:28.751, 5, 71, 19900
2026/05/21 16:02:28.751, 6, 65, 19930
2026/05/21 16:02:28.752, 7, 38, 13902
2026/05/21 16:02:29.335, 0, 97, 24290
2026/05/21 16:02:29.335, 1, 93, 23418
2026/05/21 16:02:29.335, 2, 93, 23418
2026/05/21 16:02:29.335, 3, 93, 23418
2026/05/21 16:02:29.336, 4, 93, 23418
2026/05/21 16:02:29.336, 5, 78, 19900
2026/05/21 16:02:29.336, 6, 77, 19930
2026/05/21 16:02:29.336, 7, 47, 13902
2026/05/21 16:02:29.920, 0, 96, 24290
2026/05/21 16:02:29.921, 1, 95, 23418
2026/05/21 16:02:29.921, 2, 95, 23418
2026/05/21 16:02:29.921, 3, 94, 23418
2026/05/21 16:02:29.921, 4, 93, 23418
2026/05/21 16:02:29.922, 5, 78, 19900
2026/05/21 16:02:29.922, 6, 78, 19930
2026/05/21 16:02:29.922, 7, 47, 13902
2026/05/21 16:02:30.511, 0, 97, 24290
2026/05/21 16:02:30.512, 1, 94, 23418
2026/05/21 16:02:30.512, 2, 79, 23418
2026/05/21 16:02:30.512, 3, 94, 23418
2026/05/21 16:02:30.513, 4, 93, 23418
2026/05/21 16:02:30.513, 5, 63, 19900
2026/05/21 16:02:30.513, 6, 59, 19930
2026/05/21 16:02:30.513, 7, 47, 13902
2026/05/21 16:02:31.103, 0, 97, 24290
2026/05/21 16:02:31.104, 1, 92, 23418
2026/05/21 16:02:31.104, 2, 92, 23418
2026/05/21 16:02:31.105, 3, 92, 23418
2026/05/21 16:02:31.105, 4, 91, 23418
2026/05/21 16:02:31.105, 5, 76, 19900
2026/05/21 16:02:31.106, 6, 74, 19930
2026/05/21 16:02:31.106, 7, 46, 13902
2026/05/21 16:02:31.732, 0, 97, 24290
2026/05/21 16:02:31.732, 1, 94, 23418
2026/05/21 16:02:31.732, 2, 94, 23418
2026/05/21 16:02:31.733, 3, 94, 23418
2026/05/21 16:02:31.733, 4, 93, 23418
2026/05/21 16:02:31.733, 5, 78, 19900
2026/05/21 16:02:31.734, 6, 77, 19930
2026/05/21 16:02:31.734, 7, 47, 13902
2026/05/21 16:02:32.309, 0, 69, 24290
2026/05/21 16:02:32.309, 1, 89, 23418
2026/05/21 16:02:32.310, 2, 70, 23418
2026/05/21 16:02:32.310, 3, 89, 23418
2026/05/21 16:02:32.310, 4, 91, 23418
2026/05/21 16:02:32.311, 5, 77, 19900
2026/05/21 16:02:32.311, 6, 75, 19930
2026/05/21 16:02:32.311, 7, 45, 13902
2026/05/21 16:02:32.908, 0, 97, 24290
2026/05/21 16:02:32.909, 1, 93, 23418
2026/05/21 16:02:32.910, 2, 93, 23418
2026/05/21 16:02:32.910, 3, 92, 23418
2026/05/21 16:02:32.911, 4, 92, 23418
2026/05/21 16:02:32.911, 5, 78, 19900
2026/05/21 16:02:32.912, 6, 76, 19930
2026/05/21 16:02:32.913, 7, 47, 13902
2026/05/21 16:02:33.532, 0, 97, 24290
2026/05/21 16:02:33.533, 1, 93, 23418
2026/05/21 16:02:33.533, 2, 93, 23418
2026/05/21 16:02:33.533, 3, 93, 23418
2026/05/21 16:02:33.533, 4, 93, 23418
2026/05/21 16:02:33.534, 5, 77, 19900
2026/05/21 16:02:33.534, 6, 77, 19930
2026/05/21 16:02:33.534, 7, 36, 13902
2026/05/21 16:02:34.122, 0, 41, 24290
2026/05/21 16:02:34.122, 1, 72, 23418
2026/05/21 16:02:34.123, 2, 93, 23418
2026/05/21 16:02:34.123, 3, 72, 23418
2026/05/21 16:02:34.123, 4, 74, 23418
2026/05/21 16:02:34.123, 5, 77, 19900
2026/05/21 16:02:34.123, 6, 77, 19930
2026/05/21 16:02:34.124, 7, 47, 13902
2026/05/21 16:02:34.753, 0, 97, 24290
2026/05/21 16:02:34.754, 1, 93, 23418
2026/05/21 16:02:34.755, 2, 92, 23418
2026/05/21 16:02:34.755, 3, 92, 23418
2026/05/21 16:02:34.756, 4, 92, 23418
2026/05/21 16:02:34.756, 5, 78, 19900
2026/05/21 16:02:34.756, 6, 75, 19930
2026/05/21 16:02:34.756, 7, 46, 13902
2026/05/21 16:02:35.325, 0, 97, 24290
2026/05/21 16:02:35.325, 1, 93, 23418
2026/05/21 16:02:35.325, 2, 92, 23418
2026/05/21 16:02:35.325, 3, 93, 23418
2026/05/21 16:02:35.326, 4, 92, 23418
2026/05/21 16:02:35.326, 5, 62, 19900
2026/05/21 16:02:35.326, 6, 66, 19930
2026/05/21 16:02:35.326, 7, 42, 13902
2026/05/21 16:02:35.932, 0, 96, 24290
2026/05/21 16:02:35.933, 1, 93, 23418
2026/05/21 16:02:35.933, 2, 93, 23418
2026/05/21 16:02:35.933, 3, 94, 23418
2026/05/21 16:02:35.933, 4, 93, 23418
2026/05/21 16:02:35.933, 5, 78, 19900
2026/05/21 16:02:35.934, 6, 77, 19930
2026/05/21 16:02:35.934, 7, 47, 13902
2026/05/21 16:02:36.520, 0, 96, 24290
2026/05/21 16:02:36.520, 1, 94, 23418
2026/05/21 16:02:36.520, 2, 94, 23418
2026/05/21 16:02:36.520, 3, 94, 23418
2026/05/21 16:02:36.521, 4, 93, 23418
2026/05/21 16:02:36.521, 5, 79, 19900
2026/05/21 16:02:36.521, 6, 77, 19930
2026/05/21 16:02:36.521, 7, 47, 13902
2026/05/21 16:02:37.113, 0, 97, 24290
2026/05/21 16:02:37.113, 1, 74, 23418
2026/05/21 16:02:37.113, 2, 93, 23418
2026/05/21 16:02:37.114, 3, 74, 23418
2026/05/21 16:02:37.114, 4, 72, 23418
2026/05/21 16:02:37.114, 5, 78, 19900
2026/05/21 16:02:37.115, 6, 77, 19930
2026/05/21 16:02:37.115, 7, 47, 13902
2026/05/21 16:02:37.692, 0, 96, 24290
2026/05/21 16:02:37.693, 1, 95, 23418
2026/05/21 16:02:37.693, 2, 94, 23418
2026/05/21 16:02:37.693, 3, 95, 23418
2026/05/21 16:02:37.694, 4, 94, 23418
2026/05/21 16:02:37.694, 5, 78, 19900
2026/05/21 16:02:37.694, 6, 77, 19930
2026/05/21 16:02:37.694, 7, 47, 13902
2026/05/21 16:02:38.296, 0, 97, 24290
2026/05/21 16:02:38.297, 1, 93, 23418
2026/05/21 16:02:38.298, 2, 93, 23418
2026/05/21 16:02:38.299, 3, 93, 23418
2026/05/21 16:02:38.299, 4, 93, 23418
2026/05/21 16:02:38.300, 5, 78, 19900
2026/05/21 16:02:38.300, 6, 76, 19930
2026/05/21 16:02:38.302, 7, 47, 13902
2026/05/21 16:02:38.894, 0, 94, 24290
2026/05/21 16:02:38.895, 1, 89, 23418
2026/05/21 16:02:38.895, 2, 92, 23418
2026/05/21 16:02:38.895, 3, 88, 23418
2026/05/21 16:02:38.895, 4, 87, 23418
2026/05/21 16:02:38.896, 5, 77, 19900
2026/05/21 16:02:38.896, 6, 77, 19930
2026/05/21 16:02:38.896, 7, 47, 13902
2026/05/21 16:02:39.517, 0, 83, 24290
2026/05/21 16:02:39.517, 1, 93, 23418
2026/05/21 16:02:39.517, 2, 94, 23418
2026/05/21 16:02:39.518, 3, 93, 23418
2026/05/21 16:02:39.518, 4, 93, 23418
2026/05/21 16:02:39.518, 5, 77, 19900
2026/05/21 16:02:39.518, 6, 76, 19930
2026/05/21 16:02:39.519, 7, 46, 13902
2026/05/21 16:02:40.104, 0, 97, 24290
2026/05/21 16:02:40.104, 1, 93, 23418
2026/05/21 16:02:40.104, 2, 93, 23418
2026/05/21 16:02:40.105, 3, 93, 23418
2026/05/21 16:02:40.105, 4, 93, 23418
2026/05/21 16:02:40.105, 5, 77, 19900
2026/05/21 16:02:40.105, 6, 76, 19930
2026/05/21 16:02:40.105, 7, 46, 13902
2026/05/21 16:02:40.696, 0, 0, 24290
2026/05/21 16:02:40.697, 1, 0, 23418
2026/05/21 16:02:40.697, 2, 0, 23418
2026/05/21 16:02:40.698, 3, 0, 23418
2026/05/21 16:02:40.698, 4, 0, 23418
2026/05/21 16:02:40.698, 5, 0, 19900
2026/05/21 16:02:40.699, 6, 22, 19930
2026/05/21 16:02:40.699, 7, 85, 13902
2026/05/21 16:02:41.288, 0, 97, 24290
2026/05/21 16:02:41.288, 1, 93, 23418
2026/05/21 16:02:41.288, 2, 93, 23418
2026/05/21 16:02:41.289, 3, 93, 23418
2026/05/21 16:02:41.289, 4, 93, 23418
2026/05/21 16:02:41.289, 5, 78, 19900
2026/05/21 16:02:41.289, 6, 77, 19930
2026/05/21 16:02:41.289, 7, 47, 13902
2026/05/21 16:02:41.880, 0, 0, 24290
2026/05/21 16:02:41.881, 1, 0, 23418
2026/05/21 16:02:41.881, 2, 0, 23418
2026/05/21 16:02:41.882, 3, 0, 23418
2026/05/21 16:02:41.882, 4, 0, 23418
2026/05/21 16:02:41.882, 5, 0, 19900
2026/05/21 16:02:41.882, 6, 15, 19930
2026/05/21 16:02:41.883, 7, 90, 13902
2026/05/21 16:02:42.472, 0, 97, 24290
2026/05/21 16:02:42.472, 1, 93, 23418
2026/05/21 16:02:42.472, 2, 93, 23418
2026/05/21 16:02:42.473, 3, 91, 23418
2026/05/21 16:02:42.473, 4, 91, 23418
2026/05/21 16:02:42.473, 5, 76, 19900
2026/05/21 16:02:42.474, 6, 74, 19930
2026/05/21 16:02:42.474, 7, 46, 13902
2026/05/21 16:02:43.066, 0, 0, 24290
2026/05/21 16:02:43.066, 1, 0, 23418
2026/05/21 16:02:43.067, 2, 0, 23418
2026/05/21 16:02:43.067, 3, 0, 23418
2026/05/21 16:02:43.067, 4, 0, 23418
2026/05/21 16:02:43.067, 5, 0, 19900
2026/05/21 16:02:43.068, 6, 3, 19930
2026/05/21 16:02:43.068, 7, 91, 13902
2026/05/21 16:02:43.658, 0, 97, 24290
2026/05/21 16:02:43.658, 1, 92, 23418
2026/05/21 16:02:43.658, 2, 92, 23418
2026/05/21 16:02:43.659, 3, 92, 23418
2026/05/21 16:02:43.660, 4, 92, 23418
2026/05/21 16:02:43.660, 5, 77, 19900
2026/05/21 16:02:43.660, 6, 77, 19930
2026/05/21 16:02:43.660, 7, 46, 13902
2026/05/21 16:02:44.233, 0, 0, 24290
2026/05/21 16:02:44.233, 1, 0, 23418
2026/05/21 16:02:44.233, 2, 0, 23418
2026/05/21 16:02:44.234, 3, 0, 23418
2026/05/21 16:02:44.234, 4, 0, 23418
2026/05/21 16:02:44.234, 5, 0, 19900
2026/05/21 16:02:44.234, 6, 4, 19930
2026/05/21 16:02:44.235, 7, 88, 13902
2026/05/21 16:02:44.812, 0, 97, 24290
2026/05/21 16:02:44.812, 1, 93, 23418
2026/05/21 16:02:44.812, 2, 92, 23418
2026/05/21 16:02:44.813, 3, 92, 23418
2026/05/21 16:02:44.813, 4, 92, 23418
2026/05/21 16:02:44.813, 5, 77, 19900
2026/05/21 16:02:44.813, 6, 75, 19930
2026/05/21 16:02:44.813, 7, 47, 13902
2026/05/21 16:02:45.442, 0, 0, 24290
2026/05/21 16:02:45.442, 1, 0, 23418
2026/05/21 16:02:45.443, 2, 0, 23418
2026/05/21 16:02:45.443, 3, 0, 23418
2026/05/21 16:02:45.443, 4, 0, 23418
2026/05/21 16:02:45.443, 5, 2, 19900
2026/05/21 16:02:45.443, 6, 7, 19930
2026/05/21 16:02:45.444, 7, 63, 13902
2026/05/21 16:02:46.032, 0, 97, 24290
2026/05/21 16:02:46.032, 1, 93, 23418
2026/05/21 16:02:46.032, 2, 93, 23418
2026/05/21 16:02:46.032, 3, 93, 23418
2026/05/21 16:02:46.033, 4, 92, 23418
2026/05/21 16:02:46.033, 5, 77, 19900
2026/05/21 16:02:46.033, 6, 75, 19930
2026/05/21 16:02:46.033, 7, 47, 13902
2026/05/21 16:02:46.625, 0, 0, 24290
2026/05/21 16:02:46.625, 1, 0, 23418
2026/05/21 16:02:46.625, 2, 5, 23418
2026/05/21 16:02:46.626, 3, 0, 23418
2026/05/21 16:02:46.626, 4, 0, 23418
2026/05/21 16:02:46.626, 5, 7, 19900
2026/05/21 16:02:46.627, 6, 12, 19930
2026/05/21 16:02:46.627, 7, 60, 13902
2026/05/21 16:02:47.234, 0, 97, 24290
2026/05/21 16:02:47.235, 1, 93, 23418
2026/05/21 16:02:47.235, 2, 92, 23418
2026/05/21 16:02:47.235, 3, 92, 23418
2026/05/21 16:02:47.235, 4, 92, 23418
2026/05/21 16:02:47.235, 5, 77, 19900
2026/05/21 16:02:47.236, 6, 76, 19930
2026/05/21 16:02:47.236, 7, 46, 13902
2026/05/21 16:02:47.823, 0, 82, 24290
2026/05/21 16:02:47.824, 1, 0, 23418
2026/05/21 16:02:47.824, 2, 4, 23418
2026/05/21 16:02:47.824, 3, 0, 23418
2026/05/21 16:02:47.824, 4, 0, 23418
2026/05/21 16:02:47.825, 5, 6, 19900
2026/05/21 16:02:47.825, 6, 11, 19930
2026/05/21 16:02:47.825, 7, 61, 13902
2026/05/21 16:02:48.433, 0, 97, 24290
2026/05/21 16:02:48.433, 1, 94, 23418
2026/05/21 16:02:48.434, 2, 93, 23418
2026/05/21 16:02:48.434, 3, 80, 23418
2026/05/21 16:02:48.434, 4, 83, 23418
2026/05/21 16:02:48.434, 5, 78, 19900
2026/05/21 16:02:48.435, 6, 77, 19930
2026/05/21 16:02:48.435, 7, 47, 13902
2026/05/21 16:02:49.074, 0, 68, 24290
2026/05/21 16:02:49.074, 1, 82, 23418
2026/05/21 16:02:49.074, 2, 85, 23418
2026/05/21 16:02:49.075, 3, 64, 23418
2026/05/21 16:02:49.075, 4, 63, 23418
2026/05/21 16:02:49.076, 5, 74, 19900
2026/05/21 16:02:49.077, 6, 0, 19930
2026/05/21 16:02:49.077, 7, 68, 13902
2026/05/21 16:02:49.658, 0, 97, 24290
2026/05/21 16:02:49.658, 1, 92, 23418
2026/05/21 16:02:49.658, 2, 92, 23418
2026/05/21 16:02:49.659, 3, 92, 23418
2026/05/21 16:02:49.659, 4, 91, 23418
2026/05/21 16:02:49.659, 5, 77, 19900
2026/05/21 16:02:49.659, 6, 76, 19930
2026/05/21 16:02:49.659, 7, 46, 13902
2026/05/21 16:02:50.285, 0, 75, 24290
2026/05/21 16:02:50.285, 1, 93, 23418
2026/05/21 16:02:50.285, 2, 89, 23418
2026/05/21 16:02:50.286, 3, 68, 23418
2026/05/21 16:02:50.286, 4, 67, 23418
2026/05/21 16:02:50.286, 5, 77, 19900
2026/05/21 16:02:50.286, 6, 77, 19930
2026/05/21 16:02:50.286, 7, 47, 13902
2026/05/21 16:02:50.872, 0, 97, 24290
2026/05/21 16:02:50.872, 1, 93, 23418
2026/05/21 16:02:50.873, 2, 93, 23418
2026/05/21 16:02:50.873, 3, 93, 23418
2026/05/21 16:02:50.873, 4, 93, 23418
2026/05/21 16:02:50.873, 5, 77, 19900
2026/05/21 16:02:50.873, 6, 77, 19930
2026/05/21 16:02:50.874, 7, 47, 13902
2026/05/21 16:02:51.464, 0, 81, 24290
2026/05/21 16:02:51.464, 1, 92, 23418
2026/05/21 16:02:51.464, 2, 93, 23418
2026/05/21 16:02:51.465, 3, 76, 23418
2026/05/21 16:02:51.465, 4, 73, 23418
2026/05/21 16:02:51.465, 5, 77, 19900
2026/05/21 16:02:51.465, 6, 76, 19930
2026/05/21 16:02:51.466, 7, 47, 13902
2026/05/21 16:02:52.032, 0, 96, 24290
2026/05/21 16:02:52.032, 1, 94, 23418
2026/05/21 16:02:52.033, 2, 94, 23418
2026/05/21 16:02:52.033, 3, 93, 23418
2026/05/21 16:02:52.033, 4, 93, 23418
2026/05/21 16:02:52.033, 5, 78, 19900
2026/05/21 16:02:52.033, 6, 77, 19930
2026/05/21 16:02:52.034, 7, 48, 13902
2026/05/21 16:02:52.616, 0, 85, 24290
2026/05/21 16:02:52.616, 1, 93, 23418
2026/05/21 16:02:52.616, 2, 93, 23418
2026/05/21 16:02:52.617, 3, 82, 23418
2026/05/21 16:02:52.617, 4, 75, 23418
2026/05/21 16:02:52.617, 5, 78, 19900
2026/05/21 16:02:52.617, 6, 76, 19930
2026/05/21 16:02:52.617, 7, 48, 13902
2026/05/21 16:02:53.205, 0, 96, 24290
2026/05/21 16:02:53.206, 1, 93, 23418
2026/05/21 16:02:53.206, 2, 92, 23418
2026/05/21 16:02:53.206, 3, 90, 23418
2026/05/21 16:02:53.207, 4, 89, 23418
2026/05/21 16:02:53.207, 5, 77, 19900
2026/05/21 16:02:53.207, 6, 76, 19930
2026/05/21 16:02:53.207, 7, 47, 13902
2026/05/21 16:02:53.793, 0, 86, 24290
2026/05/21 16:02:53.793, 1, 93, 23418
2026/05/21 16:02:53.793, 2, 93, 23418
2026/05/21 16:02:53.793, 3, 90, 23418
2026/05/21 16:02:53.794, 4, 77, 23418
2026/05/21 16:02:53.794, 5, 78, 19900
2026/05/21 16:02:53.794, 6, 76, 19930
2026/05/21 16:02:53.794, 7, 46, 13902
2026/05/21 16:02:54.398, 0, 95, 24290
2026/05/21 16:02:54.399, 1, 94, 23418
2026/05/21 16:02:54.399, 2, 93, 23418
2026/05/21 16:02:54.399, 3, 95, 23418
2026/05/21 16:02:54.399, 4, 94, 23418
2026/05/21 16:02:54.399, 5, 79, 19900
2026/05/21 16:02:54.400, 6, 77, 19930
2026/05/21 16:02:54.400, 7, 47, 13902
2026/05/21 16:02:54.965, 0, 93, 24290
2026/05/21 16:02:54.965, 1, 93, 23418
2026/05/21 16:02:54.966, 2, 93, 23418
2026/05/21 16:02:54.966, 3, 93, 23418
2026/05/21 16:02:54.966, 4, 83, 23418
2026/05/21 16:02:54.966, 5, 77, 19900
2026/05/21 16:02:54.966, 6, 76, 19930
2026/05/21 16:02:54.967, 7, 48, 13902
2026/05/21 16:02:55.563, 0, 88, 24290
2026/05/21 16:02:55.564, 1, 93, 23418
2026/05/21 16:02:55.564, 2, 93, 23418
2026/05/21 16:02:55.565, 3, 93, 23418
2026/05/21 16:02:55.565, 4, 93, 23418
2026/05/21 16:02:55.565, 5, 77, 19900
2026/05/21 16:02:55.565, 6, 76, 19930
2026/05/21 16:02:55.566, 7, 47, 13902
2026/05/21 16:02:56.168, 0, 97, 24290
2026/05/21 16:02:56.168, 1, 93, 23418
2026/05/21 16:02:56.169, 2, 93, 23418
2026/05/21 16:02:56.169, 3, 93, 23418
2026/05/21 16:02:56.169, 4, 89, 23418
2026/05/21 16:02:56.169, 5, 78, 19900
2026/05/21 16:02:56.170, 6, 76, 19930
2026/05/21 16:02:56.170, 7, 47, 13902
2026/05/21 16:02:56.773, 0, 86, 24290
2026/05/21 16:02:56.773, 1, 89, 23418
2026/05/21 16:02:56.773, 2, 93, 23418
2026/05/21 16:02:56.774, 3, 88, 23418
2026/05/21 16:02:56.774, 4, 93, 23418
2026/05/21 16:02:56.774, 5, 79, 19900
2026/05/21 16:02:56.774, 6, 77, 19930
2026/05/21 16:02:56.775, 7, 47, 13902
2026/05/21 16:02:57.377, 0, 97, 24290
2026/05/21 16:02:57.377, 1, 92, 23418
2026/05/21 16:02:57.377, 2, 93, 23418
2026/05/21 16:02:57.378, 3, 92, 23418
2026/05/21 16:02:57.378, 4, 93, 23418
2026/05/21 16:02:57.378, 5, 77, 19900
2026/05/21 16:02:57.378, 6, 76, 19930
2026/05/21 16:02:57.378, 7, 47, 13902
2026/05/21 16:02:57.989, 0, 84, 24290
2026/05/21 16:02:57.989, 1, 84, 23418
2026/05/21 16:02:57.989, 2, 64, 23418
2026/05/21 16:02:57.990, 3, 84, 23418
2026/05/21 16:02:57.990, 4, 92, 23418
2026/05/21 16:02:57.990, 5, 74, 19900
2026/05/21 16:02:57.990, 6, 55, 19930
2026/05/21 16:02:57.991, 7, 55, 13902
2026/05/21 16:02:58.555, 0, 0, 24290
2026/05/21 16:02:58.555, 1, 0, 23418
2026/05/21 16:02:58.555, 2, 0, 23418
2026/05/21 16:02:58.555, 3, 0, 23418
2026/05/21 16:02:58.555, 4, 0, 23418
2026/05/21 16:02:58.556, 5, 0, 19900
2026/05/21 16:02:58.556, 6, 0, 19930
2026/05/21 16:02:58.556, 7, 0, 13902
