2026/05/22 18:53:50.130, 0, 0, 0
2026/05/22 18:53:50.131, 1, 0, 0
2026/05/22 18:53:50.131, 2, 0, 0
2026/05/22 18:53:50.131, 3, 0, 0
2026/05/22 18:53:50.132, 4, 0, 0
2026/05/22 18:53:50.132, 5, 0, 0
2026/05/22 18:53:50.132, 6, 0, 0
2026/05/22 18:53:50.132, 7, 0, 0
2026/05/22 18:53:51.196, 0, 0, 16
2026/05/22 18:53:51.197, 1, 0, 16
2026/05/22 18:53:51.198, 2, 0, 16
2026/05/22 18:53:51.200, 3, 0, 16
2026/05/22 18:53:51.204, 4, 0, 16
2026/05/22 18:53:51.219, 5, 0, 16
2026/05/22 18:53:51.221, 6, 0, 16
2026/05/22 18:53:51.222, 7, 0, 16
2026/05/22 18:53:51.937, 0, 1, 26
2026/05/22 18:53:51.937, 1, 4, 28
2026/05/22 18:53:51.938, 2, 2, 26
2026/05/22 18:53:51.938, 3, 1, 28
2026/05/22 18:53:51.940, 4, 1, 28
2026/05/22 18:53:51.941, 5, 0, 30
2026/05/22 18:53:51.942, 6, 0, 30
2026/05/22 18:53:51.942, 7, 1, 26
2026/05/22 18:53:52.555, 0, 27, 21794
2026/05/22 18:53:52.555, 1, 21, 20812
2026/05/22 18:53:52.555, 2, 15, 20812
2026/05/22 18:53:52.555, 3, 16, 20812
2026/05/22 18:53:52.556, 4, 9, 20812
2026/05/22 18:53:52.556, 5, 13, 17406
2026/05/22 18:53:52.556, 6, 8, 17386
2026/05/22 18:53:52.556, 7, 2, 11582
2026/05/22 18:53:53.165, 0, 27, 21794
2026/05/22 18:53:53.165, 1, 13, 20812
2026/05/22 18:53:53.166, 2, 9, 20812
2026/05/22 18:53:53.166, 3, 25, 20812
2026/05/22 18:53:53.166, 4, 26, 20812
2026/05/22 18:53:53.166, 5, 8, 17406
2026/05/22 18:53:53.166, 6, 3, 17386
2026/05/22 18:53:53.167, 7, 4, 11582
2026/05/22 18:53:53.794, 0, 29, 21794
2026/05/22 18:53:53.794, 1, 26, 20812
2026/05/22 18:53:53.795, 2, 3, 20812
2026/05/22 18:53:53.795, 3, 4, 20812
2026/05/22 18:53:53.795, 4, 25, 20812
2026/05/22 18:53:53.795, 5, 7, 17406
2026/05/22 18:53:53.796, 6, 22, 17386
2026/05/22 18:53:53.796, 7, 4, 11582
2026/05/22 18:53:54.419, 0, 35, 21794
2026/05/22 18:53:54.419, 1, 21, 20812
2026/05/22 18:53:54.420, 2, 25, 20812
2026/05/22 18:53:54.420, 3, 3, 20812
2026/05/22 18:53:54.420, 4, 3, 20812
2026/05/22 18:53:54.420, 5, 1, 17406
2026/05/22 18:53:54.421, 6, 22, 17386
2026/05/22 18:53:54.421, 7, 4, 11582
2026/05/22 18:53:55.016, 0, 3, 21794
2026/05/22 18:53:55.016, 1, 3, 20812
2026/05/22 18:53:55.016, 2, 20, 20812
2026/05/22 18:53:55.016, 3, 4, 20812
2026/05/22 18:53:55.017, 4, 4, 20812
2026/05/22 18:53:55.017, 5, 12, 17406
2026/05/22 18:53:55.017, 6, 19, 17386
2026/05/22 18:53:55.017, 7, 3, 11582
2026/05/22 18:53:55.641, 0, 4, 21794
2026/05/22 18:53:55.642, 1, 2, 20812
2026/05/22 18:53:55.642, 2, 3, 20812
2026/05/22 18:53:55.642, 3, 2, 20812
2026/05/22 18:53:55.642, 4, 2, 20812
2026/05/22 18:53:55.642, 5, 2, 17406
2026/05/22 18:53:55.643, 6, 2, 17386
2026/05/22 18:53:55.643, 7, 2, 11582
2026/05/22 18:53:56.232, 0, 2, 21794
2026/05/22 18:53:56.232, 1, 1, 20812
2026/05/22 18:53:56.232, 2, 4, 20812
2026/05/22 18:53:56.233, 3, 2, 20812
2026/05/22 18:53:56.233, 4, 3, 20812
2026/05/22 18:53:56.233, 5, 2, 17406
2026/05/22 18:53:56.233, 6, 4, 17386
2026/05/22 18:53:56.233, 7, 3, 11582
2026/05/22 18:53:56.841, 0, 2, 21794
2026/05/22 18:53:56.842, 1, 2, 20812
2026/05/22 18:53:56.842, 2, 3, 20812
2026/05/22 18:53:56.842, 3, 2, 20812
2026/05/22 18:53:56.842, 4, 2, 20812
2026/05/22 18:53:56.842, 5, 2, 17406
2026/05/22 18:53:56.843, 6, 2, 17386
2026/05/22 18:53:56.843, 7, 2, 11582
2026/05/22 18:53:57.477, 0, 2, 21794
2026/05/22 18:53:57.478, 1, 4, 20812
2026/05/22 18:53:57.478, 2, 3, 20812
2026/05/22 18:53:57.478, 3, 1, 20812
2026/05/22 18:53:57.479, 4, 2, 20812
2026/05/22 18:53:57.479, 5, 2, 17406
2026/05/22 18:53:57.479, 6, 2, 17386
2026/05/22 18:53:57.479, 7, 2, 11582
2026/05/22 18:53:58.072, 0, 3, 21794
2026/05/22 18:53:58.072, 1, 4, 20812
2026/05/22 18:53:58.073, 2, 2, 20812
2026/05/22 18:53:58.073, 3, 1, 20812
2026/05/22 18:53:58.073, 4, 2, 20812
2026/05/22 18:53:58.073, 5, 2, 17406
2026/05/22 18:53:58.074, 6, 2, 17386
2026/05/22 18:53:58.074, 7, 2, 11582
2026/05/22 18:53:58.699, 0, 3, 21794
2026/05/22 18:53:58.699, 1, 2, 20812
2026/05/22 18:53:58.700, 2, 4, 20812
2026/05/22 18:53:58.700, 3, 1, 20812
2026/05/22 18:53:58.700, 4, 2, 20812
2026/05/22 18:53:58.700, 5, 2, 17406
2026/05/22 18:53:58.700, 6, 2, 17386
2026/05/22 18:53:58.701, 7, 3, 11582
2026/05/22 18:53:59.311, 0, 2, 21794
2026/05/22 18:53:59.311, 1, 2, 20812
2026/05/22 18:53:59.311, 2, 2, 20812
2026/05/22 18:53:59.312, 3, 2, 20812
2026/05/22 18:53:59.312, 4, 3, 20812
2026/05/22 18:53:59.312, 5, 2, 17406
2026/05/22 18:53:59.312, 6, 2, 17386
2026/05/22 18:53:59.313, 7, 2, 11582
2026/05/22 18:53:59.902, 0, 2, 21794
2026/05/22 18:53:59.902, 1, 2, 20812
2026/05/22 18:53:59.902, 2, 2, 20812
2026/05/22 18:53:59.903, 3, 2, 20812
2026/05/22 18:53:59.903, 4, 3, 20812
2026/05/22 18:53:59.903, 5, 2, 17406
2026/05/22 18:53:59.903, 6, 2, 17386
2026/05/22 18:53:59.904, 7, 2, 11582
2026/05/22 18:54:00.508, 0, 3, 21794
2026/05/22 18:54:00.508, 1, 5, 20812
2026/05/22 18:54:00.508, 2, 18, 20812
2026/05/22 18:54:00.508, 3, 1, 20812
2026/05/22 18:54:00.509, 4, 4, 20812
2026/05/22 18:54:00.509, 5, 2, 17406
2026/05/22 18:54:00.509, 6, 3, 17386
2026/05/22 18:54:00.509, 7, 3, 11582
2026/05/22 18:54:01.112, 0, 3, 21794
2026/05/22 18:54:01.112, 1, 3, 20812
2026/05/22 18:54:01.112, 2, 2, 20812
2026/05/22 18:54:01.112, 3, 2, 20812
2026/05/22 18:54:01.113, 4, 2, 20812
2026/05/22 18:54:01.113, 5, 2, 17406
2026/05/22 18:54:01.113, 6, 2, 17386
2026/05/22 18:54:01.113, 7, 3, 11582
2026/05/22 18:54:01.736, 0, 9, 21794
2026/05/22 18:54:01.736, 1, 2, 20812
2026/05/22 18:54:01.736, 2, 3, 20812
2026/05/22 18:54:01.736, 3, 2, 20812
2026/05/22 18:54:01.737, 4, 3, 20812
2026/05/22 18:54:01.737, 5, 3, 17406
2026/05/22 18:54:01.737, 6, 3, 17386
2026/05/22 18:54:01.737, 7, 3, 11582
2026/05/22 18:54:02.310, 0, 23, 21794
2026/05/22 18:54:02.311, 1, 4, 20812
2026/05/22 18:54:02.311, 2, 3, 20812
2026/05/22 18:54:02.311, 3, 3, 20812
2026/05/22 18:54:02.312, 4, 4, 20812
2026/05/22 18:54:02.312, 5, 2, 17406
2026/05/22 18:54:02.312, 6, 3, 17386
2026/05/22 18:54:02.312, 7, 3, 11582
2026/05/22 18:54:02.915, 0, 3, 21794
2026/05/22 18:54:02.916, 1, 3, 20812
2026/05/22 18:54:02.916, 2, 9, 20812
2026/05/22 18:54:02.916, 3, 2, 20812
2026/05/22 18:54:02.916, 4, 3, 20812
2026/05/22 18:54:02.917, 5, 6, 17406
2026/05/22 18:54:02.917, 6, 2, 17386
2026/05/22 18:54:02.917, 7, 3, 11582
2026/05/22 18:54:03.504, 0, 3, 21794
2026/05/22 18:54:03.504, 1, 3, 20812
2026/05/22 18:54:03.504, 2, 3, 20812
2026/05/22 18:54:03.504, 3, 2, 20812
2026/05/22 18:54:03.505, 4, 2, 20812
2026/05/22 18:54:03.505, 5, 2, 17406
2026/05/22 18:54:03.505, 6, 3, 17386
2026/05/22 18:54:03.505, 7, 2, 11582
2026/05/22 18:54:04.113, 0, 2, 21794
2026/05/22 18:54:04.114, 1, 16, 20812
2026/05/22 18:54:04.114, 2, 2, 20812
2026/05/22 18:54:04.114, 3, 2, 20812
2026/05/22 18:54:04.114, 4, 3, 20812
2026/05/22 18:54:04.115, 5, 3, 17406
2026/05/22 18:54:04.115, 6, 4, 17386
2026/05/22 18:54:04.115, 7, 3, 11582
2026/05/22 18:54:04.740, 0, 2, 21794
2026/05/22 18:54:04.740, 1, 1, 20812
2026/05/22 18:54:04.740, 2, 3, 20812
2026/05/22 18:54:04.740, 3, 2, 20812
2026/05/22 18:54:04.741, 4, 2, 20812
2026/05/22 18:54:04.741, 5, 3, 17406
2026/05/22 18:54:04.741, 6, 3, 17386
2026/05/22 18:54:04.741, 7, 3, 11582
2026/05/22 18:54:05.369, 0, 2, 21794
2026/05/22 18:54:05.369, 1, 1, 20812
2026/05/22 18:54:05.370, 2, 3, 20812
2026/05/22 18:54:05.370, 3, 3, 20812
2026/05/22 18:54:05.370, 4, 9, 20812
2026/05/22 18:54:05.370, 5, 2, 17406
2026/05/22 18:54:05.371, 6, 3, 17386
2026/05/22 18:54:05.371, 7, 3, 11582
2026/05/22 18:54:05.995, 0, 2, 21794
2026/05/22 18:54:05.995, 1, 8, 20812
2026/05/22 18:54:05.996, 2, 2, 20812
2026/05/22 18:54:05.996, 3, 2, 20812
2026/05/22 18:54:05.996, 4, 4, 20812
2026/05/22 18:54:05.996, 5, 2, 17406
2026/05/22 18:54:05.997, 6, 3, 17386
2026/05/22 18:54:05.997, 7, 2, 11582
2026/05/22 18:54:06.601, 0, 2, 21794
2026/05/22 18:54:06.601, 1, 8, 20812
2026/05/22 18:54:06.601, 2, 3, 20812
2026/05/22 18:54:06.601, 3, 3, 20812
2026/05/22 18:54:06.602, 4, 2, 20812
2026/05/22 18:54:06.602, 5, 1, 17406
2026/05/22 18:54:06.602, 6, 12, 17386
2026/05/22 18:54:06.602, 7, 3, 11582
2026/05/22 18:54:07.208, 0, 3, 21794
2026/05/22 18:54:07.208, 1, 33, 20812
2026/05/22 18:54:07.208, 2, 3, 20812
2026/05/22 18:54:07.209, 3, 3, 20812
2026/05/22 18:54:07.209, 4, 3, 20812
2026/05/22 18:54:07.209, 5, 1, 17406
2026/05/22 18:54:07.209, 6, 9, 17386
2026/05/22 18:54:07.210, 7, 3, 11582
2026/05/22 18:54:07.815, 0, 2, 21794
2026/05/22 18:54:07.815, 1, 7, 20812
2026/05/22 18:54:07.816, 2, 3, 20812
2026/05/22 18:54:07.816, 3, 3, 20812
2026/05/22 18:54:07.816, 4, 2, 20812
2026/05/22 18:54:07.816, 5, 1, 17406
2026/05/22 18:54:07.817, 6, 2, 17386
2026/05/22 18:54:07.817, 7, 3, 11582
2026/05/22 18:54:08.423, 0, 2, 21794
2026/05/22 18:54:08.424, 1, 9, 20812
2026/05/22 18:54:08.424, 2, 3, 20812
2026/05/22 18:54:08.424, 3, 3, 20812
2026/05/22 18:54:08.424, 4, 2, 20812
2026/05/22 18:54:08.425, 5, 1, 17406
2026/05/22 18:54:08.425, 6, 1, 17386
2026/05/22 18:54:08.425, 7, 3, 11582
2026/05/22 18:54:09.011, 0, 2, 21794
2026/05/22 18:54:09.011, 1, 9, 20812
2026/05/22 18:54:09.011, 2, 3, 20812
2026/05/22 18:54:09.011, 3, 3, 20812
2026/05/22 18:54:09.012, 4, 3, 20812
2026/05/22 18:54:09.012, 5, 2, 17406
2026/05/22 18:54:09.012, 6, 2, 17386
2026/05/22 18:54:09.012, 7, 2, 11582
2026/05/22 18:54:09.595, 0, 2, 21794
2026/05/22 18:54:09.595, 1, 4, 20812
2026/05/22 18:54:09.595, 2, 3, 20812
2026/05/22 18:54:09.595, 3, 3, 20812
2026/05/22 18:54:09.596, 4, 3, 20812
2026/05/22 18:54:09.596, 5, 2, 17406
2026/05/22 18:54:09.596, 6, 2, 17386
2026/05/22 18:54:09.596, 7, 3, 11582
2026/05/22 18:54:10.217, 0, 2, 21794
2026/05/22 18:54:10.217, 1, 12, 20812
2026/05/22 18:54:10.217, 2, 3, 20812
2026/05/22 18:54:10.217, 3, 3, 20812
2026/05/22 18:54:10.218, 4, 2, 20812
2026/05/22 18:54:10.218, 5, 2, 17406
2026/05/22 18:54:10.218, 6, 2, 17386
2026/05/22 18:54:10.218, 7, 2, 11582
2026/05/22 18:54:10.837, 0, 2, 21794
2026/05/22 18:54:10.837, 1, 2, 20812
2026/05/22 18:54:10.837, 2, 2, 20812
2026/05/22 18:54:10.838, 3, 2, 20812
2026/05/22 18:54:10.838, 4, 2, 20812
2026/05/22 18:54:10.838, 5, 2, 17406
2026/05/22 18:54:10.838, 6, 2, 17386
2026/05/22 18:54:10.838, 7, 2, 11582
2026/05/22 18:54:11.444, 0, 2, 21794
2026/05/22 18:54:11.445, 1, 2, 20812
2026/05/22 18:54:11.445, 2, 2, 20812
2026/05/22 18:54:11.445, 3, 2, 20812
2026/05/22 18:54:11.445, 4, 2, 20812
2026/05/22 18:54:11.445, 5, 3, 17406
2026/05/22 18:54:11.446, 6, 2, 17386
2026/05/22 18:54:11.446, 7, 2, 11582
2026/05/22 18:54:12.052, 0, 2, 21794
2026/05/22 18:54:12.052, 1, 1, 20812
2026/05/22 18:54:12.052, 2, 2, 20812
2026/05/22 18:54:12.052, 3, 2, 20812
2026/05/22 18:54:12.053, 4, 2, 20812
2026/05/22 18:54:12.053, 5, 3, 17406
2026/05/22 18:54:12.053, 6, 3, 17386
2026/05/22 18:54:12.053, 7, 3, 11582
2026/05/22 18:54:12.638, 0, 2, 21794
2026/05/22 18:54:12.638, 1, 5, 20812
2026/05/22 18:54:12.638, 2, 3, 20812
2026/05/22 18:54:12.639, 3, 2, 20812
2026/05/22 18:54:12.639, 4, 2, 20812
2026/05/22 18:54:12.639, 5, 5, 17406
2026/05/22 18:54:12.639, 6, 3, 17386
2026/05/22 18:54:12.640, 7, 3, 11582
2026/05/22 18:54:13.231, 0, 2, 21794
2026/05/22 18:54:13.232, 1, 9, 20812
2026/05/22 18:54:13.232, 2, 3, 20812
2026/05/22 18:54:13.232, 3, 2, 20812
2026/05/22 18:54:13.232, 4, 2, 20812
2026/05/22 18:54:13.232, 5, 3, 17406
2026/05/22 18:54:13.233, 6, 3, 17386
2026/05/22 18:54:13.233, 7, 3, 11582
2026/05/22 18:54:13.835, 0, 15, 21794
2026/05/22 18:54:13.835, 1, 32, 20812
2026/05/22 18:54:13.835, 2, 3, 20812
2026/05/22 18:54:13.836, 3, 3, 20812
2026/05/22 18:54:13.836, 4, 2, 20812
2026/05/22 18:54:13.836, 5, 5, 17406
2026/05/22 18:54:13.836, 6, 2, 17386
2026/05/22 18:54:13.836, 7, 7, 11582
2026/05/22 18:54:14.403, 0, 9, 21794
2026/05/22 18:54:14.403, 1, 41, 20812
2026/05/22 18:54:14.403, 2, 3, 20812
2026/05/22 18:54:14.404, 3, 2, 20812
2026/05/22 18:54:14.404, 4, 3, 20812
2026/05/22 18:54:14.404, 5, 3, 17406
2026/05/22 18:54:14.404, 6, 3, 17386
2026/05/22 18:54:14.404, 7, 8, 11582
2026/05/22 18:54:15.006, 0, 20, 21794
2026/05/22 18:54:15.007, 1, 0, 20882
2026/05/22 18:54:15.007, 2, 3, 20812
2026/05/22 18:54:15.007, 3, 3, 20812
2026/05/22 18:54:15.007, 4, 3, 20812
2026/05/22 18:54:15.007, 5, 2, 17406
2026/05/22 18:54:15.008, 6, 3, 17386
2026/05/22 18:54:15.008, 7, 6, 11582
2026/05/22 18:54:15.632, 0, 2, 21794
2026/05/22 18:54:15.633, 1, 0, 20882
2026/05/22 18:54:15.633, 2, 1, 20812
2026/05/22 18:54:15.633, 3, 3, 20812
2026/05/22 18:54:15.633, 4, 3, 20812
2026/05/22 18:54:15.634, 5, 3, 17406
2026/05/22 18:54:15.634, 6, 3, 17386
2026/05/22 18:54:15.634, 7, 3, 11582
2026/05/22 18:54:16.237, 0, 2, 21794
2026/05/22 18:54:16.238, 1, 0, 20882
2026/05/22 18:54:16.238, 2, 2, 20812
2026/05/22 18:54:16.238, 3, 3, 20812
2026/05/22 18:54:16.238, 4, 3, 20812
2026/05/22 18:54:16.238, 5, 3, 17406
2026/05/22 18:54:16.239, 6, 3, 17386
2026/05/22 18:54:16.239, 7, 3, 11582
2026/05/22 18:54:16.825, 0, 2, 21794
2026/05/22 18:54:16.826, 1, 0, 20882
2026/05/22 18:54:16.826, 2, 4, 20812
2026/05/22 18:54:16.826, 3, 3, 20812
2026/05/22 18:54:16.827, 4, 3, 20812
2026/05/22 18:54:16.827, 5, 3, 17406
2026/05/22 18:54:16.827, 6, 3, 17386
2026/05/22 18:54:16.827, 7, 3, 11582
2026/05/22 18:54:17.454, 0, 2, 21794
2026/05/22 18:54:17.454, 1, 0, 20882
2026/05/22 18:54:17.455, 2, 4, 20812
2026/05/22 18:54:17.455, 3, 3, 20812
2026/05/22 18:54:17.455, 4, 3, 20812
2026/05/22 18:54:17.455, 5, 3, 17406
2026/05/22 18:54:17.456, 6, 2, 17386
2026/05/22 18:54:17.456, 7, 3, 11582
2026/05/22 18:54:18.059, 0, 2, 21794
2026/05/22 18:54:18.059, 1, 0, 20882
2026/05/22 18:54:18.059, 2, 3, 20812
2026/05/22 18:54:18.060, 3, 2, 20812
2026/05/22 18:54:18.060, 4, 3, 20812
2026/05/22 18:54:18.060, 5, 4, 17406
2026/05/22 18:54:18.060, 6, 3, 17386
2026/05/22 18:54:18.061, 7, 3, 11582
2026/05/22 18:54:18.627, 0, 2, 21794
2026/05/22 18:54:18.627, 1, 0, 20882
2026/05/22 18:54:18.627, 2, 2, 20812
2026/05/22 18:54:18.628, 3, 3, 20812
2026/05/22 18:54:18.628, 4, 1, 20812
2026/05/22 18:54:18.628, 5, 3, 17406
2026/05/22 18:54:18.628, 6, 3, 17386
2026/05/22 18:54:18.629, 7, 3, 11582
2026/05/22 18:54:19.251, 0, 2, 21794
2026/05/22 18:54:19.251, 1, 0, 20882
2026/05/22 18:54:19.252, 2, 2, 20812
2026/05/22 18:54:19.252, 3, 3, 20812
2026/05/22 18:54:19.252, 4, 3, 20812
2026/05/22 18:54:19.252, 5, 3, 17406
2026/05/22 18:54:19.253, 6, 3, 17386
2026/05/22 18:54:19.253, 7, 3, 11582
2026/05/22 18:54:19.857, 0, 2, 21794
2026/05/22 18:54:19.857, 1, 0, 20882
2026/05/22 18:54:19.857, 2, 2, 20812
2026/05/22 18:54:19.857, 3, 3, 20812
2026/05/22 18:54:19.858, 4, 3, 20812
2026/05/22 18:54:19.858, 5, 6, 17406
2026/05/22 18:54:19.858, 6, 3, 17386
2026/05/22 18:54:19.858, 7, 3, 11582
2026/05/22 18:54:20.451, 0, 2, 21794
2026/05/22 18:54:20.452, 1, 0, 20882
2026/05/22 18:54:20.452, 2, 2, 20812
2026/05/22 18:54:20.452, 3, 3, 20812
2026/05/22 18:54:20.452, 4, 3, 20812
2026/05/22 18:54:20.453, 5, 3, 17406
2026/05/22 18:54:20.453, 6, 3, 17386
2026/05/22 18:54:20.453, 7, 3, 11582
2026/05/22 18:54:21.046, 0, 2, 21794
2026/05/22 18:54:21.046, 1, 0, 20882
2026/05/22 18:54:21.047, 2, 3, 20812
2026/05/22 18:54:21.047, 3, 3, 20812
2026/05/22 18:54:21.047, 4, 3, 20812
2026/05/22 18:54:21.048, 5, 3, 17406
2026/05/22 18:54:21.048, 6, 2, 17386
2026/05/22 18:54:21.048, 7, 3, 11582
2026/05/22 18:54:21.640, 0, 2, 21794
2026/05/22 18:54:21.641, 1, 0, 20882
2026/05/22 18:54:21.641, 2, 1, 20812
2026/05/22 18:54:21.641, 3, 3, 20812
2026/05/22 18:54:21.641, 4, 3, 20812
2026/05/22 18:54:21.642, 5, 9, 17406
2026/05/22 18:54:21.642, 6, 3, 17386
2026/05/22 18:54:21.642, 7, 3, 11582
2026/05/22 18:54:22.251, 0, 2, 21794
2026/05/22 18:54:22.252, 1, 0, 20882
2026/05/22 18:54:22.252, 2, 1, 20812
2026/05/22 18:54:22.252, 3, 3, 20812
2026/05/22 18:54:22.252, 4, 3, 20812
2026/05/22 18:54:22.252, 5, 15, 17406
2026/05/22 18:54:22.253, 6, 3, 17386
2026/05/22 18:54:22.253, 7, 3, 11582
2026/05/22 18:54:22.845, 0, 2, 21794
2026/05/22 18:54:22.846, 1, 0, 20882
2026/05/22 18:54:22.846, 2, 1, 20812
2026/05/22 18:54:22.846, 3, 3, 20812
2026/05/22 18:54:22.846, 4, 3, 20812
2026/05/22 18:54:22.847, 5, 3, 17406
2026/05/22 18:54:22.847, 6, 7, 17386
2026/05/22 18:54:22.847, 7, 2, 11582
2026/05/22 18:54:23.455, 0, 2, 21794
2026/05/22 18:54:23.456, 1, 0, 20882
2026/05/22 18:54:23.456, 2, 2, 20812
2026/05/22 18:54:23.456, 3, 3, 20812
2026/05/22 18:54:23.456, 4, 2, 20812
2026/05/22 18:54:23.457, 5, 2, 17406
2026/05/22 18:54:23.457, 6, 3, 17386
2026/05/22 18:54:23.457, 7, 2, 11582
2026/05/22 18:54:24.026, 0, 2, 21794
2026/05/22 18:54:24.026, 1, 0, 20882
2026/05/22 18:54:24.027, 2, 2, 20812
2026/05/22 18:54:24.027, 3, 2, 20812
2026/05/22 18:54:24.027, 4, 1, 20812
2026/05/22 18:54:24.027, 5, 2, 17406
2026/05/22 18:54:24.028, 6, 3, 17386
2026/05/22 18:54:24.028, 7, 3, 11582
2026/05/22 18:54:24.594, 0, 2, 21794
2026/05/22 18:54:24.595, 1, 0, 20882
2026/05/22 18:54:24.595, 2, 2, 20812
2026/05/22 18:54:24.595, 3, 2, 20812
2026/05/22 18:54:24.595, 4, 2, 20812
2026/05/22 18:54:24.596, 5, 3, 17406
2026/05/22 18:54:24.596, 6, 3, 17386
2026/05/22 18:54:24.596, 7, 3, 11582
2026/05/22 18:54:25.182, 0, 2, 21794
2026/05/22 18:54:25.182, 1, 0, 20882
2026/05/22 18:54:25.182, 2, 2, 20812
2026/05/22 18:54:25.182, 3, 2, 20812
2026/05/22 18:54:25.183, 4, 2, 20812
2026/05/22 18:54:25.183, 5, 3, 17406
2026/05/22 18:54:25.183, 6, 2, 17386
2026/05/22 18:54:25.183, 7, 3, 11582
2026/05/22 18:54:25.809, 0, 2, 21794
2026/05/22 18:54:25.809, 1, 0, 20882
2026/05/22 18:54:25.809, 2, 2, 20812
2026/05/22 18:54:25.809, 3, 3, 20812
2026/05/22 18:54:25.810, 4, 3, 20812
2026/05/22 18:54:25.810, 5, 3, 17406
2026/05/22 18:54:25.810, 6, 22, 17386
2026/05/22 18:54:25.810, 7, 3, 11582
2026/05/22 18:54:26.397, 0, 2, 21794
2026/05/22 18:54:26.398, 1, 0, 20882
2026/05/22 18:54:26.398, 2, 2, 20812
2026/05/22 18:54:26.398, 3, 2, 20812
2026/05/22 18:54:26.399, 4, 3, 20812
2026/05/22 18:54:26.399, 5, 2, 17406
2026/05/22 18:54:26.399, 6, 2, 17386
2026/05/22 18:54:26.399, 7, 2, 11582
2026/05/22 18:54:27.121, 0, 1, 21794
2026/05/22 18:54:27.121, 1, 0, 20882
2026/05/22 18:54:27.121, 2, 1, 20812
2026/05/22 18:54:27.121, 3, 1, 20812
2026/05/22 18:54:27.122, 4, 0, 20812
2026/05/22 18:54:27.122, 5, 1, 17406
2026/05/22 18:54:27.122, 6, 1, 17386
2026/05/22 18:54:27.122, 7, 0, 11616
2026/05/22 18:54:27.715, 0, 2, 21794
2026/05/22 18:54:27.715, 1, 0, 20882
2026/05/22 18:54:27.716, 2, 2, 20812
2026/05/22 18:54:27.716, 3, 2, 20812
2026/05/22 18:54:27.716, 4, 3, 20812
2026/05/22 18:54:27.716, 5, 3, 17406
2026/05/22 18:54:27.717, 6, 7, 17386
2026/05/22 18:54:27.717, 7, 0, 11616
2026/05/22 18:54:28.307, 0, 3, 21794
2026/05/22 18:54:28.307, 1, 0, 20882
2026/05/22 18:54:28.307, 2, 3, 20812
2026/05/22 18:54:28.308, 3, 3, 20812
2026/05/22 18:54:28.308, 4, 3, 20812
2026/05/22 18:54:28.308, 5, 2, 17406
2026/05/22 18:54:28.308, 6, 1, 17448
2026/05/22 18:54:28.309, 7, 0, 11616
2026/05/22 18:54:28.899, 0, 3, 21794
2026/05/22 18:54:28.900, 1, 0, 20882
2026/05/22 18:54:28.900, 2, 2, 20812
2026/05/22 18:54:28.900, 3, 3, 20812
2026/05/22 18:54:28.900, 4, 3, 20812
2026/05/22 18:54:28.901, 5, 3, 17406
2026/05/22 18:54:28.901, 6, 0, 17448
2026/05/22 18:54:28.901, 7, 0, 11616
2026/05/22 18:54:29.491, 0, 2, 21794
2026/05/22 18:54:29.491, 1, 0, 20882
2026/05/22 18:54:29.491, 2, 3, 20812
2026/05/22 18:54:29.492, 3, 3, 20812
2026/05/22 18:54:29.492, 4, 2, 20812
2026/05/22 18:54:29.492, 5, 3, 17406
2026/05/22 18:54:29.492, 6, 0, 17448
2026/05/22 18:54:29.493, 7, 0, 11616
2026/05/22 18:54:30.101, 0, 3, 21794
2026/05/22 18:54:30.101, 1, 0, 20882
2026/05/22 18:54:30.102, 2, 2, 20812
2026/05/22 18:54:30.102, 3, 3, 20812
2026/05/22 18:54:30.102, 4, 3, 20812
2026/05/22 18:54:30.102, 5, 3, 17406
2026/05/22 18:54:30.103, 6, 0, 17448
2026/05/22 18:54:30.103, 7, 0, 11616
2026/05/22 18:54:30.727, 0, 3, 21794
2026/05/22 18:54:30.727, 1, 0, 20882
2026/05/22 18:54:30.727, 2, 3, 20812
2026/05/22 18:54:30.728, 3, 2, 20812
2026/05/22 18:54:30.728, 4, 3, 20812
2026/05/22 18:54:30.728, 5, 3, 17406
2026/05/22 18:54:30.728, 6, 0, 17448
2026/05/22 18:54:30.729, 7, 0, 11616
2026/05/22 18:54:31.317, 0, 3, 21794
2026/05/22 18:54:31.317, 1, 0, 20882
2026/05/22 18:54:31.318, 2, 3, 20812
2026/05/22 18:54:31.318, 3, 3, 20812
2026/05/22 18:54:31.318, 4, 3, 20812
2026/05/22 18:54:31.318, 5, 3, 17406
2026/05/22 18:54:31.319, 6, 0, 17448
2026/05/22 18:54:31.319, 7, 0, 11616
2026/05/22 18:54:31.906, 0, 3, 21794
2026/05/22 18:54:31.906, 1, 0, 20882
2026/05/22 18:54:31.906, 2, 3, 20812
2026/05/22 18:54:31.906, 3, 3, 20812
2026/05/22 18:54:31.907, 4, 3, 20812
2026/05/22 18:54:31.907, 5, 3, 17406
2026/05/22 18:54:31.907, 6, 0, 17448
2026/05/22 18:54:31.907, 7, 0, 11616
2026/05/22 18:54:32.517, 0, 3, 21794
2026/05/22 18:54:32.517, 1, 0, 20882
2026/05/22 18:54:32.517, 2, 3, 20812
2026/05/22 18:54:32.518, 3, 3, 20812
2026/05/22 18:54:32.518, 4, 3, 20812
2026/05/22 18:54:32.518, 5, 3, 17406
2026/05/22 18:54:32.518, 6, 0, 17448
2026/05/22 18:54:32.519, 7, 0, 11616
2026/05/22 18:54:33.111, 0, 5, 21794
2026/05/22 18:54:33.111, 1, 0, 20882
2026/05/22 18:54:33.112, 2, 3, 20812
2026/05/22 18:54:33.112, 3, 3, 20812
2026/05/22 18:54:33.112, 4, 3, 20812
2026/05/22 18:54:33.112, 5, 3, 17406
2026/05/22 18:54:33.113, 6, 0, 17448
2026/05/22 18:54:33.113, 7, 0, 11616
2026/05/22 18:54:33.704, 0, 3, 21794
2026/05/22 18:54:33.704, 1, 0, 20882
2026/05/22 18:54:33.705, 2, 3, 20812
2026/05/22 18:54:33.705, 3, 3, 20812
2026/05/22 18:54:33.705, 4, 3, 20812
2026/05/22 18:54:33.705, 5, 3, 17406
2026/05/22 18:54:33.705, 6, 0, 17448
2026/05/22 18:54:33.706, 7, 0, 11616
2026/05/22 18:54:34.293, 0, 3, 21794
2026/05/22 18:54:34.293, 1, 0, 20882
2026/05/22 18:54:34.294, 2, 3, 20812
2026/05/22 18:54:34.294, 3, 3, 20812
2026/05/22 18:54:34.294, 4, 3, 20812
2026/05/22 18:54:34.294, 5, 3, 17406
2026/05/22 18:54:34.295, 6, 0, 17448
2026/05/22 18:54:34.295, 7, 0, 11616
2026/05/22 18:54:34.917, 0, 3, 21794
2026/05/22 18:54:34.917, 1, 0, 20882
2026/05/22 18:54:34.917, 2, 11, 20812
2026/05/22 18:54:34.917, 3, 3, 20812
2026/05/22 18:54:34.918, 4, 3, 20812
2026/05/22 18:54:34.918, 5, 2, 17406
2026/05/22 18:54:34.918, 6, 0, 17448
2026/05/22 18:54:34.918, 7, 0, 11616
2026/05/22 18:54:35.505, 0, 3, 21794
2026/05/22 18:54:35.506, 1, 0, 20882
2026/05/22 18:54:35.506, 2, 7, 20812
2026/05/22 18:54:35.506, 3, 4, 20812
2026/05/22 18:54:35.506, 4, 3, 20812
2026/05/22 18:54:35.507, 5, 0, 17462
2026/05/22 18:54:35.507, 6, 0, 17448
2026/05/22 18:54:35.507, 7, 0, 11616
2026/05/22 18:54:36.112, 0, 4, 21794
2026/05/22 18:54:36.112, 1, 0, 20882
2026/05/22 18:54:36.112, 2, 3, 20812
2026/05/22 18:54:36.112, 3, 3, 20812
2026/05/22 18:54:36.113, 4, 3, 20812
2026/05/22 18:54:36.113, 5, 0, 17462
2026/05/22 18:54:36.113, 6, 0, 17448
2026/05/22 18:54:36.113, 7, 0, 11616
2026/05/22 18:54:36.697, 0, 4, 21794
2026/05/22 18:54:36.697, 1, 0, 20882
2026/05/22 18:54:36.698, 2, 3, 20812
2026/05/22 18:54:36.698, 3, 3, 20812
2026/05/22 18:54:36.698, 4, 4, 20812
2026/05/22 18:54:36.698, 5, 0, 17462
2026/05/22 18:54:36.699, 6, 0, 17448
2026/05/22 18:54:36.699, 7, 0, 11616
2026/05/22 18:54:37.266, 0, 3, 21794
2026/05/22 18:54:37.266, 1, 0, 20882
2026/05/22 18:54:37.266, 2, 3, 20812
2026/05/22 18:54:37.266, 3, 4, 20812
2026/05/22 18:54:37.267, 4, 3, 20812
2026/05/22 18:54:37.267, 5, 0, 17462
2026/05/22 18:54:37.267, 6, 0, 17448
2026/05/22 18:54:37.267, 7, 0, 11616
2026/05/22 18:54:37.871, 0, 3, 21794
2026/05/22 18:54:37.871, 1, 0, 20882
2026/05/22 18:54:37.872, 2, 3, 20812
2026/05/22 18:54:37.872, 3, 4, 20812
2026/05/22 18:54:37.872, 4, 3, 20812
2026/05/22 18:54:37.872, 5, 0, 17462
2026/05/22 18:54:37.872, 6, 0, 17448
2026/05/22 18:54:37.873, 7, 0, 11616
2026/05/22 18:54:38.462, 0, 6, 26744
2026/05/22 18:54:38.462, 1, 0, 20882
2026/05/22 18:54:38.463, 2, 3, 20812
2026/05/22 18:54:38.463, 3, 3, 20812
2026/05/22 18:54:38.463, 4, 3, 20812
2026/05/22 18:54:38.463, 5, 0, 17462
2026/05/22 18:54:38.464, 6, 0, 17448
2026/05/22 18:54:38.464, 7, 0, 11616
2026/05/22 18:54:39.085, 0, 6, 26744
2026/05/22 18:54:39.085, 1, 0, 20882
2026/05/22 18:54:39.085, 2, 3, 20812
2026/05/22 18:54:39.086, 3, 7, 20812
2026/05/22 18:54:39.086, 4, 3, 20812
2026/05/22 18:54:39.086, 5, 0, 17462
2026/05/22 18:54:39.086, 6, 0, 17448
2026/05/22 18:54:39.087, 7, 0, 11616
2026/05/22 18:54:39.673, 0, 8, 26744
2026/05/22 18:54:39.674, 1, 0, 20882
2026/05/22 18:54:39.674, 2, 4, 20812
2026/05/22 18:54:39.674, 3, 6, 20812
2026/05/22 18:54:39.674, 4, 3, 20812
2026/05/22 18:54:39.675, 5, 0, 17462
2026/05/22 18:54:39.675, 6, 0, 17448
2026/05/22 18:54:39.675, 7, 0, 11616
2026/05/22 18:54:40.305, 0, 8, 26744
2026/05/22 18:54:40.306, 1, 0, 20882
2026/05/22 18:54:40.306, 2, 3, 20812
2026/05/22 18:54:40.306, 3, 3, 20812
2026/05/22 18:54:40.307, 4, 3, 20812
2026/05/22 18:54:40.307, 5, 0, 17462
2026/05/22 18:54:40.307, 6, 0, 17448
2026/05/22 18:54:40.308, 7, 0, 11616
2026/05/22 18:54:40.932, 0, 8, 26744
2026/05/22 18:54:40.932, 1, 0, 20882
2026/05/22 18:54:40.933, 2, 4, 20812
2026/05/22 18:54:40.933, 3, 14, 20812
2026/05/22 18:54:40.933, 4, 4, 20812
2026/05/22 18:54:40.933, 5, 0, 17462
2026/05/22 18:54:40.933, 6, 0, 17448
2026/05/22 18:54:40.934, 7, 0, 11616
2026/05/22 18:54:41.522, 0, 8, 26744
2026/05/22 18:54:41.522, 1, 0, 20882
2026/05/22 18:54:41.523, 2, 4, 20812
2026/05/22 18:54:41.523, 3, 4, 20812
2026/05/22 18:54:41.523, 4, 4, 20812
2026/05/22 18:54:41.523, 5, 0, 17462
2026/05/22 18:54:41.524, 6, 0, 17448
2026/05/22 18:54:41.524, 7, 0, 11616
2026/05/22 18:54:42.148, 0, 6, 26744
2026/05/22 18:54:42.148, 1, 0, 20882
2026/05/22 18:54:42.149, 2, 3, 20812
2026/05/22 18:54:42.149, 3, 3, 20812
2026/05/22 18:54:42.149, 4, 3, 20812
2026/05/22 18:54:42.150, 5, 0, 17462
2026/05/22 18:54:42.150, 6, 0, 17448
2026/05/22 18:54:42.150, 7, 0, 11616
2026/05/22 18:54:42.756, 0, 7, 26744
2026/05/22 18:54:42.756, 1, 0, 20882
2026/05/22 18:54:42.757, 2, 3, 20812
2026/05/22 18:54:42.757, 3, 3, 20812
2026/05/22 18:54:42.757, 4, 4, 20812
2026/05/22 18:54:42.757, 5, 0, 17462
2026/05/22 18:54:42.758, 6, 0, 17448
2026/05/22 18:54:42.758, 7, 0, 11616
2026/05/22 18:54:43.346, 0, 8, 26744
2026/05/22 18:54:43.346, 1, 0, 20882
2026/05/22 18:54:43.346, 2, 5, 20812
2026/05/22 18:54:43.346, 3, 4, 20812
2026/05/22 18:54:43.347, 4, 4, 20812
2026/05/22 18:54:43.347, 5, 0, 17462
2026/05/22 18:54:43.347, 6, 0, 17448
2026/05/22 18:54:43.347, 7, 0, 11616
2026/05/22 18:54:43.972, 0, 8, 26744
2026/05/22 18:54:43.972, 1, 0, 20882
2026/05/22 18:54:43.972, 2, 0, 20882
2026/05/22 18:54:43.972, 3, 4, 20812
2026/05/22 18:54:43.973, 4, 4, 20812
2026/05/22 18:54:43.973, 5, 0, 17462
2026/05/22 18:54:43.973, 6, 0, 17448
2026/05/22 18:54:43.973, 7, 0, 11616
2026/05/22 18:54:44.544, 0, 0, 26744
2026/05/22 18:54:44.544, 1, 0, 20882
2026/05/22 18:54:44.544, 2, 0, 20882
2026/05/22 18:54:44.545, 3, 6, 22444
2026/05/22 18:54:44.545, 4, 3, 20812
2026/05/22 18:54:44.545, 5, 0, 17462
2026/05/22 18:54:44.545, 6, 0, 17448
2026/05/22 18:54:44.546, 7, 0, 11616
2026/05/22 18:54:45.157, 0, 0, 26744
2026/05/22 18:54:45.157, 1, 0, 20882
2026/05/22 18:54:45.158, 2, 0, 20882
2026/05/22 18:54:45.158, 3, 7, 22444
2026/05/22 18:54:45.158, 4, 0, 20882
2026/05/22 18:54:45.158, 5, 0, 17462
2026/05/22 18:54:45.159, 6, 0, 17448
2026/05/22 18:54:45.159, 7, 0, 11616
2026/05/22 18:54:45.747, 0, 0, 26744
2026/05/22 18:54:45.747, 1, 0, 20882
2026/05/22 18:54:45.747, 2, 0, 20882
2026/05/22 18:54:45.748, 3, 6, 22444
2026/05/22 18:54:45.748, 4, 0, 20882
2026/05/22 18:54:45.748, 5, 0, 17462
2026/05/22 18:54:45.748, 6, 0, 17448
2026/05/22 18:54:45.749, 7, 0, 11616
2026/05/22 18:54:46.376, 0, 0, 26744
2026/05/22 18:54:46.377, 1, 0, 20882
2026/05/22 18:54:46.377, 2, 0, 20882
2026/05/22 18:54:46.377, 3, 5, 22444
2026/05/22 18:54:46.377, 4, 0, 20882
2026/05/22 18:54:46.377, 5, 0, 17462
2026/05/22 18:54:46.378, 6, 0, 17448
2026/05/22 18:54:46.378, 7, 0, 11616
2026/05/22 18:54:46.945, 0, 0, 26744
2026/05/22 18:54:46.946, 1, 0, 20882
2026/05/22 18:54:46.946, 2, 0, 20882
2026/05/22 18:54:46.946, 3, 7, 22444
2026/05/22 18:54:46.946, 4, 0, 20882
2026/05/22 18:54:46.946, 5, 0, 17462
2026/05/22 18:54:46.947, 6, 0, 17448
2026/05/22 18:54:46.947, 7, 0, 11616
2026/05/22 18:54:47.562, 0, 0, 26744
2026/05/22 18:54:47.562, 1, 0, 20882
2026/05/22 18:54:47.562, 2, 0, 20882
2026/05/22 18:54:47.562, 3, 8, 22444
2026/05/22 18:54:47.563, 4, 0, 20882
2026/05/22 18:54:47.563, 5, 0, 17462
2026/05/22 18:54:47.563, 6, 0, 17448
2026/05/22 18:54:47.563, 7, 0, 11616
2026/05/22 18:54:48.155, 0, 0, 26744
2026/05/22 18:54:48.156, 1, 0, 20882
2026/05/22 18:54:48.156, 2, 0, 20882
2026/05/22 18:54:48.156, 3, 6, 22444
2026/05/22 18:54:48.156, 4, 0, 20882
2026/05/22 18:54:48.157, 5, 0, 17462
2026/05/22 18:54:48.157, 6, 0, 17448
2026/05/22 18:54:48.157, 7, 0, 11616
2026/05/22 18:54:48.765, 0, 0, 26744
2026/05/22 18:54:48.765, 1, 0, 20882
2026/05/22 18:54:48.765, 2, 0, 20882
2026/05/22 18:54:48.765, 3, 8, 22444
2026/05/22 18:54:48.766, 4, 0, 20882
2026/05/22 18:54:48.766, 5, 0, 17462
2026/05/22 18:54:48.766, 6, 0, 17448
2026/05/22 18:54:48.766, 7, 0, 11616
2026/05/22 18:54:49.373, 0, 0, 26744
2026/05/22 18:54:49.373, 1, 0, 20882
2026/05/22 18:54:49.373, 2, 0, 20882
2026/05/22 18:54:49.374, 3, 7, 22444
2026/05/22 18:54:49.374, 4, 0, 20882
2026/05/22 18:54:49.374, 5, 0, 17462
2026/05/22 18:54:49.374, 6, 0, 17448
2026/05/22 18:54:49.374, 7, 0, 11616
2026/05/22 18:54:49.999, 0, 0, 26744
2026/05/22 18:54:49.999, 1, 0, 20882
2026/05/22 18:54:50.000, 2, 0, 20882
2026/05/22 18:54:50.000, 3, 8, 22444
2026/05/22 18:54:50.000, 4, 0, 20882
2026/05/22 18:54:50.000, 5, 0, 17462
2026/05/22 18:54:50.000, 6, 0, 17448
2026/05/22 18:54:50.001, 7, 0, 11616
2026/05/22 18:54:50.763, 0, 0, 28540
2026/05/22 18:54:50.764, 1, 0, 20882
2026/05/22 18:54:50.764, 2, 0, 20882
2026/05/22 18:54:50.764, 3, 0, 22516
2026/05/22 18:54:50.765, 4, 0, 20882
2026/05/22 18:54:50.765, 5, 0, 17462
2026/05/22 18:54:50.765, 6, 0, 17448
2026/05/22 18:54:50.766, 7, 0, 11616
2026/05/22 18:54:51.397, 0, 10, 28540
2026/05/22 18:54:51.397, 1, 0, 20884
2026/05/22 18:54:51.398, 2, 0, 20884
2026/05/22 18:54:51.398, 3, 0, 22516
2026/05/22 18:54:51.398, 4, 0, 20884
2026/05/22 18:54:51.398, 5, 0, 17464
2026/05/22 18:54:51.398, 6, 0, 17450
2026/05/22 18:54:51.399, 7, 0, 11618
2026/05/22 18:54:51.988, 0, 7, 28542
2026/05/22 18:54:51.988, 1, 0, 20884
2026/05/22 18:54:51.989, 2, 0, 20884
2026/05/22 18:54:51.989, 3, 0, 22516
2026/05/22 18:54:51.989, 4, 0, 20884
2026/05/22 18:54:51.989, 5, 0, 17464
2026/05/22 18:54:51.990, 6, 0, 17450
2026/05/22 18:54:51.990, 7, 0, 11618
2026/05/22 18:54:52.581, 0, 0, 28810
2026/05/22 18:54:52.581, 1, 0, 22946
2026/05/22 18:54:52.581, 2, 0, 22946
2026/05/22 18:54:52.582, 3, 5, 24578
2026/05/22 18:54:52.582, 4, 7, 22946
2026/05/22 18:54:52.582, 5, 2, 19526
2026/05/22 18:54:52.582, 6, 2, 19512
2026/05/22 18:54:52.582, 7, 0, 13416
2026/05/22 18:54:53.161, 0, 0, 28810
2026/05/22 18:54:53.161, 1, 0, 22946
2026/05/22 18:54:53.162, 2, 0, 22946
2026/05/22 18:54:53.162, 3, 0, 24578
2026/05/22 18:54:53.162, 4, 0, 22946
2026/05/22 18:54:53.162, 5, 0, 19526
2026/05/22 18:54:53.162, 6, 0, 19512
2026/05/22 18:54:53.163, 7, 0, 13680
2026/05/22 18:54:53.753, 0, 5, 28810
2026/05/22 18:54:53.753, 1, 5, 22946
2026/05/22 18:54:53.753, 2, 13, 22946
2026/05/22 18:54:53.754, 3, 5, 24578
2026/05/22 18:54:53.754, 4, 5, 22946
2026/05/22 18:54:53.754, 5, 4, 19526
2026/05/22 18:54:53.754, 6, 7, 19512
2026/05/22 18:54:53.754, 7, 5, 13682
2026/05/22 18:54:54.383, 0, 12, 28810
2026/05/22 18:54:54.384, 1, 14, 22946
2026/05/22 18:54:54.384, 2, 14, 22946
2026/05/22 18:54:54.384, 3, 13, 24578
2026/05/22 18:54:54.384, 4, 13, 22946
2026/05/22 18:54:54.385, 5, 11, 19526
2026/05/22 18:54:54.385, 6, 14, 19512
2026/05/22 18:54:54.385, 7, 6, 13682
2026/05/22 18:54:54.995, 0, 12, 28810
2026/05/22 18:54:54.996, 1, 13, 22946
2026/05/22 18:54:54.996, 2, 13, 22946
2026/05/22 18:54:54.996, 3, 13, 24578
2026/05/22 18:54:54.996, 4, 15, 22946
2026/05/22 18:54:54.997, 5, 12, 19526
2026/05/22 18:54:54.997, 6, 10, 19512
2026/05/22 18:54:54.997, 7, 10, 13682
2026/05/22 18:54:55.611, 0, 1, 28810
2026/05/22 18:54:55.612, 1, 15, 22946
2026/05/22 18:54:55.612, 2, 57, 22946
2026/05/22 18:54:55.612, 3, 1, 24578
2026/05/22 18:54:55.612, 4, 4, 22946
2026/05/22 18:54:55.613, 5, 1, 19526
2026/05/22 18:54:55.613, 6, 15, 19512
2026/05/22 18:54:55.613, 7, 19, 13682
2026/05/22 18:54:56.242, 0, 62, 28810
2026/05/22 18:54:56.242, 1, 65, 22946
2026/05/22 18:54:56.243, 2, 60, 22946
2026/05/22 18:54:56.243, 3, 66, 24578
2026/05/22 18:54:56.243, 4, 65, 22946
2026/05/22 18:54:56.243, 5, 54, 19526
2026/05/22 18:54:56.243, 6, 54, 19512
2026/05/22 18:54:56.244, 7, 38, 13682
2026/05/22 18:54:56.849, 0, 64, 28810
2026/05/22 18:54:56.849, 1, 66, 22946
2026/05/22 18:54:56.850, 2, 68, 22946
2026/05/22 18:54:56.850, 3, 68, 24578
2026/05/22 18:54:56.850, 4, 67, 22946
2026/05/22 18:54:56.850, 5, 56, 19526
2026/05/22 18:54:56.851, 6, 56, 19512
2026/05/22 18:54:56.851, 7, 34, 13682
2026/05/22 18:54:57.477, 0, 58, 28810
2026/05/22 18:54:57.477, 1, 61, 22946
2026/05/22 18:54:57.477, 2, 66, 22946
2026/05/22 18:54:57.477, 3, 62, 24578
2026/05/22 18:54:57.478, 4, 60, 22946
2026/05/22 18:54:57.478, 5, 51, 19526
2026/05/22 18:54:57.478, 6, 50, 19512
2026/05/22 18:54:57.478, 7, 37, 13682
2026/05/22 18:54:58.105, 0, 64, 28810
2026/05/22 18:54:58.105, 1, 66, 22946
2026/05/22 18:54:58.106, 2, 63, 22946
2026/05/22 18:54:58.106, 3, 68, 24578
2026/05/22 18:54:58.106, 4, 66, 22946
2026/05/22 18:54:58.106, 5, 55, 19526
2026/05/22 18:54:58.107, 6, 55, 19512
2026/05/22 18:54:58.107, 7, 38, 13682
2026/05/22 18:54:58.713, 0, 55, 28810
2026/05/22 18:54:58.713, 1, 61, 22946
2026/05/22 18:54:58.714, 2, 42, 22946
2026/05/22 18:54:58.714, 3, 62, 24578
2026/05/22 18:54:58.714, 4, 60, 22946
2026/05/22 18:54:58.714, 5, 51, 19526
2026/05/22 18:54:58.714, 6, 50, 19512
2026/05/22 18:54:58.715, 7, 32, 13682
2026/05/22 18:54:59.319, 0, 48, 28810
2026/05/22 18:54:59.320, 1, 49, 22946
2026/05/22 18:54:59.320, 2, 60, 22946
2026/05/22 18:54:59.320, 3, 50, 24578
2026/05/22 18:54:59.320, 4, 49, 22946
2026/05/22 18:54:59.320, 5, 41, 19526
2026/05/22 18:54:59.321, 6, 40, 19512
2026/05/22 18:54:59.321, 7, 37, 13682
2026/05/22 18:54:59.949, 0, 58, 28810
2026/05/22 18:54:59.949, 1, 50, 22946
2026/05/22 18:54:59.950, 2, 46, 22946
2026/05/22 18:54:59.950, 3, 61, 24578
2026/05/22 18:54:59.950, 4, 52, 22946
2026/05/22 18:54:59.950, 5, 50, 19526
2026/05/22 18:54:59.950, 6, 37, 19512
2026/05/22 18:54:59.951, 7, 40, 13682
2026/05/22 18:55:00.540, 0, 48, 28810
2026/05/22 18:55:00.540, 1, 50, 22946
2026/05/22 18:55:00.540, 2, 49, 22946
2026/05/22 18:55:00.540, 3, 50, 24578
2026/05/22 18:55:00.541, 4, 52, 22946
2026/05/22 18:55:00.541, 5, 41, 19526
2026/05/22 18:55:00.541, 6, 50, 19512
2026/05/22 18:55:00.541, 7, 48, 13682
2026/05/22 18:55:01.133, 0, 49, 28810
2026/05/22 18:55:01.134, 1, 50, 22946
2026/05/22 18:55:01.134, 2, 55, 22946
2026/05/22 18:55:01.134, 3, 51, 24578
2026/05/22 18:55:01.135, 4, 51, 22946
2026/05/22 18:55:01.135, 5, 42, 19526
2026/05/22 18:55:01.135, 6, 41, 19512
2026/05/22 18:55:01.135, 7, 44, 13682
