2026/05/21 14:37:21.445, 0, 0, 0
2026/05/21 14:37:21.446, 1, 0, 0
2026/05/21 14:37:21.446, 2, 0, 0
2026/05/21 14:37:21.446, 3, 0, 0
2026/05/21 14:37:21.447, 4, 0, 0
2026/05/21 14:37:21.447, 5, 0, 0
2026/05/21 14:37:21.447, 6, 0, 0
2026/05/21 14:37:21.448, 7, 0, 0
2026/05/21 14:37:22.162, 0, 0, 4
2026/05/21 14:37:22.163, 1, 0, 4
2026/05/21 14:37:22.194, 2, 0, 14
2026/05/21 14:37:22.224, 3, 0, 10
2026/05/21 14:37:22.225, 4, 0, 8
2026/05/21 14:37:22.255, 5, 0, 10
2026/05/21 14:37:22.256, 6, 0, 10
2026/05/21 14:37:22.256, 7, 0, 8
2026/05/21 14:37:23.303, 0, 0, 16
2026/05/21 14:37:23.309, 1, 0, 16
2026/05/21 14:37:23.311, 2, 0, 16
2026/05/21 14:37:23.319, 3, 0, 16
2026/05/21 14:37:23.322, 4, 0, 16
2026/05/21 14:37:23.324, 5, 0, 16
2026/05/21 14:37:23.326, 6, 0, 16
2026/05/21 14:37:23.332, 7, 0, 16
2026/05/21 14:37:24.029, 0, 0, 21794
2026/05/21 14:37:24.029, 1, 1, 20812
2026/05/21 14:37:24.029, 2, 0, 20812
2026/05/21 14:37:24.029, 3, 1, 20812
2026/05/21 14:37:24.030, 4, 12, 20812
2026/05/21 14:37:24.030, 5, 26, 17406
2026/05/21 14:37:24.030, 6, 2, 17386
2026/05/21 14:37:24.030, 7, 1, 11582
2026/05/21 14:37:24.615, 0, 3, 21794
2026/05/21 14:37:24.615, 1, 3, 20812
2026/05/21 14:37:24.615, 2, 23, 20812
2026/05/21 14:37:24.615, 3, 4, 20812
2026/05/21 14:37:24.616, 4, 30, 20812
2026/05/21 14:37:24.616, 5, 44, 17406
2026/05/21 14:37:24.616, 6, 27, 17386
2026/05/21 14:37:24.616, 7, 28, 11582
2026/05/21 14:37:25.219, 0, 25, 21794
2026/05/21 14:37:25.220, 1, 5, 20812
2026/05/21 14:37:25.220, 2, 4, 20812
2026/05/21 14:37:25.220, 3, 3, 20812
2026/05/21 14:37:25.220, 4, 27, 20812
2026/05/21 14:37:25.221, 5, 34, 17406
2026/05/21 14:37:25.221, 6, 31, 17386
2026/05/21 14:37:25.221, 7, 28, 11582
2026/05/21 14:37:25.821, 0, 25, 21794
2026/05/21 14:37:25.822, 1, 4, 20812
2026/05/21 14:37:25.822, 2, 5, 20812
2026/05/21 14:37:25.822, 3, 3, 20812
2026/05/21 14:37:25.822, 4, 24, 20812
2026/05/21 14:37:25.823, 5, 37, 17406
2026/05/21 14:37:25.823, 6, 31, 17386
2026/05/21 14:37:25.823, 7, 27, 11582
2026/05/21 14:37:26.421, 0, 25, 21794
2026/05/21 14:37:26.421, 1, 4, 20812
2026/05/21 14:37:26.422, 2, 4, 20812
2026/05/21 14:37:26.422, 3, 3, 20812
2026/05/21 14:37:26.422, 4, 32, 20812
2026/05/21 14:37:26.422, 5, 49, 17406
2026/05/21 14:37:26.423, 6, 25, 17386
2026/05/21 14:37:26.423, 7, 25, 11582
2026/05/21 14:37:27.039, 0, 26, 21794
2026/05/21 14:37:27.040, 1, 4, 20812
2026/05/21 14:37:27.040, 2, 4, 20812
2026/05/21 14:37:27.040, 3, 3, 20812
2026/05/21 14:37:27.041, 4, 5, 20812
2026/05/21 14:37:27.041, 5, 42, 17406
2026/05/21 14:37:27.041, 6, 31, 17386
2026/05/21 14:37:27.041, 7, 28, 11582
2026/05/21 14:37:27.613, 0, 27, 21794
2026/05/21 14:37:27.613, 1, 4, 20812
2026/05/21 14:37:27.614, 2, 3, 20812
2026/05/21 14:37:27.614, 3, 3, 20812
2026/05/21 14:37:27.614, 4, 14, 20812
2026/05/21 14:37:27.614, 5, 43, 17406
2026/05/21 14:37:27.615, 6, 31, 17386
2026/05/21 14:37:27.615, 7, 29, 11582
2026/05/21 14:37:28.218, 0, 27, 21794
2026/05/21 14:37:28.218, 1, 4, 20812
2026/05/21 14:37:28.219, 2, 3, 20812
2026/05/21 14:37:28.219, 3, 3, 20812
2026/05/21 14:37:28.220, 4, 4, 20812
2026/05/21 14:37:28.220, 5, 22, 17836
2026/05/21 14:37:28.220, 6, 29, 17386
2026/05/21 14:37:28.221, 7, 30, 11582
2026/05/21 14:37:28.851, 0, 31, 21794
2026/05/21 14:37:28.851, 1, 4, 20812
2026/05/21 14:37:28.852, 2, 6, 20812
2026/05/21 14:37:28.852, 3, 3, 20812
2026/05/21 14:37:28.853, 4, 24, 20812
2026/05/21 14:37:28.853, 5, 0, 17836
2026/05/21 14:37:28.853, 6, 26, 17386
2026/05/21 14:37:28.854, 7, 0, 11838
2026/05/21 14:37:29.457, 0, 35, 21794
2026/05/21 14:37:29.458, 1, 5, 20812
2026/05/21 14:37:29.458, 2, 4, 20812
2026/05/21 14:37:29.458, 3, 4, 20812
2026/05/21 14:37:29.458, 4, 26, 20812
2026/05/21 14:37:29.459, 5, 0, 17836
2026/05/21 14:37:29.459, 6, 26, 17386
2026/05/21 14:37:29.459, 7, 0, 11838
2026/05/21 14:37:30.057, 0, 36, 21794
2026/05/21 14:37:30.057, 1, 4, 20812
2026/05/21 14:37:30.057, 2, 4, 20812
2026/05/21 14:37:30.058, 3, 4, 20812
2026/05/21 14:37:30.058, 4, 26, 20812
2026/05/21 14:37:30.058, 5, 0, 17836
2026/05/21 14:37:30.058, 6, 24, 17386
2026/05/21 14:37:30.058, 7, 0, 11838
2026/05/21 14:37:30.667, 0, 3, 21794
2026/05/21 14:37:30.667, 1, 3, 20812
2026/05/21 14:37:30.668, 2, 2, 20812
2026/05/21 14:37:30.668, 3, 3, 20812
2026/05/21 14:37:30.668, 4, 27, 20812
2026/05/21 14:37:30.669, 5, 0, 17836
2026/05/21 14:37:30.669, 6, 0, 17866
2026/05/21 14:37:30.669, 7, 0, 11838
2026/05/21 14:37:31.288, 0, 4, 21794
2026/05/21 14:37:31.288, 1, 22, 20812
2026/05/21 14:37:31.289, 2, 3, 20812
2026/05/21 14:37:31.289, 3, 3, 20812
2026/05/21 14:37:31.289, 4, 26, 20812
2026/05/21 14:37:31.290, 5, 0, 17836
2026/05/21 14:37:31.290, 6, 0, 17866
2026/05/21 14:37:31.290, 7, 0, 11838
2026/05/21 14:37:31.899, 0, 4, 21794
2026/05/21 14:37:31.899, 1, 27, 20812
2026/05/21 14:37:31.900, 2, 3, 20812
2026/05/21 14:37:31.901, 3, 3, 20812
2026/05/21 14:37:31.901, 4, 38, 20812
2026/05/21 14:37:31.901, 5, 0, 17836
2026/05/21 14:37:31.903, 6, 0, 17866
2026/05/21 14:37:31.903, 7, 0, 11838
2026/05/21 14:37:32.614, 0, 2, 21794
2026/05/21 14:37:32.615, 1, 10, 20812
2026/05/21 14:37:32.615, 2, 1, 20812
2026/05/21 14:37:32.615, 3, 1, 20812
2026/05/21 14:37:32.615, 4, 5, 21354
2026/05/21 14:37:32.616, 5, 0, 17836
2026/05/21 14:37:32.616, 6, 0, 17866
2026/05/21 14:37:32.616, 7, 0, 11838
2026/05/21 14:37:33.207, 0, 4, 21794
2026/05/21 14:37:33.208, 1, 19, 20812
2026/05/21 14:37:33.208, 2, 3, 20812
2026/05/21 14:37:33.208, 3, 2, 20812
2026/05/21 14:37:33.208, 4, 0, 21354
2026/05/21 14:37:33.208, 5, 0, 17836
2026/05/21 14:37:33.209, 6, 0, 17866
2026/05/21 14:37:33.209, 7, 0, 11838
2026/05/21 14:37:33.838, 0, 4, 21794
2026/05/21 14:37:33.838, 1, 4, 20812
2026/05/21 14:37:33.838, 2, 4, 20812
2026/05/21 14:37:33.838, 3, 4, 20812
2026/05/21 14:37:33.839, 4, 0, 21354
2026/05/21 14:37:33.839, 5, 0, 17836
2026/05/21 14:37:33.839, 6, 0, 17866
2026/05/21 14:37:33.839, 7, 0, 11838
2026/05/21 14:37:34.445, 0, 4, 21794
2026/05/21 14:37:34.445, 1, 4, 20812
2026/05/21 14:37:34.445, 2, 4, 20812
2026/05/21 14:37:34.446, 3, 4, 20812
2026/05/21 14:37:34.446, 4, 0, 21354
2026/05/21 14:37:34.446, 5, 0, 17836
2026/05/21 14:37:34.447, 6, 0, 17866
2026/05/21 14:37:34.447, 7, 0, 11838
2026/05/21 14:37:35.015, 0, 4, 21794
2026/05/21 14:37:35.015, 1, 14, 20812
2026/05/21 14:37:35.015, 2, 4, 20812
2026/05/21 14:37:35.015, 3, 3, 20812
2026/05/21 14:37:35.016, 4, 0, 21354
2026/05/21 14:37:35.016, 5, 0, 17836
2026/05/21 14:37:35.016, 6, 0, 17866
2026/05/21 14:37:35.016, 7, 0, 11838
2026/05/21 14:37:35.582, 0, 4, 21794
2026/05/21 14:37:35.582, 1, 6, 20812
2026/05/21 14:37:35.582, 2, 4, 20812
2026/05/21 14:37:35.582, 3, 4, 20812
2026/05/21 14:37:35.583, 4, 0, 21354
2026/05/21 14:37:35.583, 5, 0, 17836
2026/05/21 14:37:35.583, 6, 0, 17866
2026/05/21 14:37:35.583, 7, 0, 11838
2026/05/21 14:37:36.173, 0, 7, 21794
2026/05/21 14:37:36.174, 1, 5, 20812
2026/05/21 14:37:36.174, 2, 4, 20812
2026/05/21 14:37:36.174, 3, 4, 20812
2026/05/21 14:37:36.175, 4, 0, 21354
2026/05/21 14:37:36.175, 5, 0, 17836
2026/05/21 14:37:36.175, 6, 0, 17866
2026/05/21 14:37:36.176, 7, 0, 11838
2026/05/21 14:37:36.772, 0, 4, 21794
2026/05/21 14:37:36.773, 1, 4, 20812
2026/05/21 14:37:36.773, 2, 6, 20812
2026/05/21 14:37:36.773, 3, 12, 20812
2026/05/21 14:37:36.773, 4, 0, 21354
2026/05/21 14:37:36.773, 5, 0, 17836
2026/05/21 14:37:36.774, 6, 0, 17866
2026/05/21 14:37:36.774, 7, 0, 11838
2026/05/21 14:37:37.374, 0, 2, 21794
2026/05/21 14:37:37.375, 1, 2, 20812
2026/05/21 14:37:37.375, 2, 2, 20812
2026/05/21 14:37:37.376, 3, 1, 20812
2026/05/21 14:37:37.376, 4, 0, 21354
2026/05/21 14:37:37.377, 5, 0, 17836
2026/05/21 14:37:37.377, 6, 0, 17866
2026/05/21 14:37:37.377, 7, 0, 11838
2026/05/21 14:37:38.054, 0, 2, 21794
2026/05/21 14:37:38.055, 1, 3, 20812
2026/05/21 14:37:38.055, 2, 3, 20812
2026/05/21 14:37:38.055, 3, 3, 20812
2026/05/21 14:37:38.055, 4, 0, 21354
2026/05/21 14:37:38.055, 5, 0, 17836
2026/05/21 14:37:38.056, 6, 0, 17866
2026/05/21 14:37:38.056, 7, 0, 11838
2026/05/21 14:37:38.639, 0, 4, 22226
2026/05/21 14:37:38.640, 1, 5, 20812
2026/05/21 14:37:38.640, 2, 4, 20812
2026/05/21 14:37:38.640, 3, 4, 20812
2026/05/21 14:37:38.640, 4, 0, 21354
2026/05/21 14:37:38.640, 5, 0, 17836
2026/05/21 14:37:38.641, 6, 0, 17866
2026/05/21 14:37:38.641, 7, 0, 11838
2026/05/21 14:37:39.225, 0, 0, 22226
2026/05/21 14:37:39.225, 1, 4, 20812
2026/05/21 14:37:39.225, 2, 4, 20812
2026/05/21 14:37:39.226, 3, 4, 20812
2026/05/21 14:37:39.226, 4, 0, 21354
2026/05/21 14:37:39.226, 5, 0, 17836
2026/05/21 14:37:39.226, 6, 0, 17866
2026/05/21 14:37:39.226, 7, 0, 11838
2026/05/21 14:37:39.815, 0, 0, 22226
2026/05/21 14:37:39.815, 1, 18, 20812
2026/05/21 14:37:39.815, 2, 4, 20812
2026/05/21 14:37:39.815, 3, 4, 20812
2026/05/21 14:37:39.816, 4, 0, 21354
2026/05/21 14:37:39.816, 5, 0, 17836
2026/05/21 14:37:39.816, 6, 0, 17866
2026/05/21 14:37:39.816, 7, 0, 11838
2026/05/21 14:37:40.402, 0, 0, 22226
2026/05/21 14:37:40.403, 1, 25, 20812
2026/05/21 14:37:40.403, 2, 5, 20812
2026/05/21 14:37:40.403, 3, 4, 20812
2026/05/21 14:37:40.403, 4, 0, 21354
2026/05/21 14:37:40.403, 5, 0, 17836
2026/05/21 14:37:40.404, 6, 0, 17866
2026/05/21 14:37:40.404, 7, 0, 11838
2026/05/21 14:37:40.991, 0, 0, 22226
2026/05/21 14:37:40.991, 1, 3, 20812
2026/05/21 14:37:40.991, 2, 4, 20812
2026/05/21 14:37:40.992, 3, 3, 20812
2026/05/21 14:37:40.992, 4, 0, 21354
2026/05/21 14:37:40.992, 5, 0, 17836
2026/05/21 14:37:40.992, 6, 0, 17866
2026/05/21 14:37:40.993, 7, 0, 11838
2026/05/21 14:37:41.582, 0, 0, 22226
2026/05/21 14:37:41.582, 1, 4, 20812
2026/05/21 14:37:41.583, 2, 5, 20812
2026/05/21 14:37:41.583, 3, 6, 20812
2026/05/21 14:37:41.583, 4, 0, 21354
2026/05/21 14:37:41.583, 5, 0, 17836
2026/05/21 14:37:41.584, 6, 0, 17866
2026/05/21 14:37:41.584, 7, 0, 11838
2026/05/21 14:37:42.218, 0, 0, 22226
2026/05/21 14:37:42.218, 1, 4, 20812
2026/05/21 14:37:42.218, 2, 6, 20812
2026/05/21 14:37:42.219, 3, 4, 20812
2026/05/21 14:37:42.219, 4, 0, 21354
2026/05/21 14:37:42.219, 5, 0, 17836
2026/05/21 14:37:42.220, 6, 0, 17866
2026/05/21 14:37:42.220, 7, 0, 11838
2026/05/21 14:37:42.818, 0, 0, 22226
2026/05/21 14:37:42.818, 1, 5, 20812
2026/05/21 14:37:42.818, 2, 4, 20812
2026/05/21 14:37:42.818, 3, 4, 20812
2026/05/21 14:37:42.819, 4, 0, 21354
2026/05/21 14:37:42.819, 5, 0, 17836
2026/05/21 14:37:42.819, 6, 0, 17866
2026/05/21 14:37:42.819, 7, 0, 11838
2026/05/21 14:37:43.406, 0, 0, 22226
2026/05/21 14:37:43.407, 1, 4, 20812
2026/05/21 14:37:43.407, 2, 5, 20812
2026/05/21 14:37:43.407, 3, 4, 20812
2026/05/21 14:37:43.407, 4, 0, 21354
2026/05/21 14:37:43.407, 5, 0, 17836
2026/05/21 14:37:43.408, 6, 0, 17866
2026/05/21 14:37:43.408, 7, 0, 11838
2026/05/21 14:37:44.030, 0, 0, 22226
2026/05/21 14:37:44.031, 1, 3, 20812
2026/05/21 14:37:44.031, 2, 3, 20812
2026/05/21 14:37:44.031, 3, 3, 20812
2026/05/21 14:37:44.031, 4, 0, 21354
2026/05/21 14:37:44.032, 5, 0, 17836
2026/05/21 14:37:44.032, 6, 0, 17866
2026/05/21 14:37:44.032, 7, 0, 11838
2026/05/21 14:37:44.608, 0, 0, 22226
2026/05/21 14:37:44.609, 1, 4, 20812
2026/05/21 14:37:44.609, 2, 4, 20812
2026/05/21 14:37:44.609, 3, 4, 20812
2026/05/21 14:37:44.610, 4, 0, 21354
2026/05/21 14:37:44.610, 5, 0, 17836
2026/05/21 14:37:44.610, 6, 0, 17866
2026/05/21 14:37:44.611, 7, 0, 11838
2026/05/21 14:37:45.231, 0, 0, 22226
2026/05/21 14:37:45.232, 1, 4, 20812
2026/05/21 14:37:45.233, 2, 4, 20812
2026/05/21 14:37:45.233, 3, 4, 20812
2026/05/21 14:37:45.234, 4, 0, 21354
2026/05/21 14:37:45.234, 5, 0, 17836
2026/05/21 14:37:45.235, 6, 0, 17866
2026/05/21 14:37:45.236, 7, 0, 11838
2026/05/21 14:37:45.836, 0, 0, 22226
2026/05/21 14:37:45.837, 1, 3, 20812
2026/05/21 14:37:45.838, 2, 5, 20812
2026/05/21 14:37:45.838, 3, 3, 20812
2026/05/21 14:37:45.839, 4, 0, 21354
2026/05/21 14:37:45.839, 5, 0, 17836
2026/05/21 14:37:45.840, 6, 0, 17866
2026/05/21 14:37:45.840, 7, 0, 11838
2026/05/21 14:37:46.416, 0, 0, 22226
2026/05/21 14:37:46.416, 1, 4, 20812
2026/05/21 14:37:46.416, 2, 4, 20812
2026/05/21 14:37:46.416, 3, 3, 20812
2026/05/21 14:37:46.416, 4, 0, 21354
2026/05/21 14:37:46.417, 5, 0, 17836
2026/05/21 14:37:46.417, 6, 0, 17866
2026/05/21 14:37:46.417, 7, 0, 11838
2026/05/21 14:37:46.986, 0, 0, 22226
2026/05/21 14:37:46.986, 1, 4, 20812
2026/05/21 14:37:46.987, 2, 4, 20812
2026/05/21 14:37:46.987, 3, 4, 20812
2026/05/21 14:37:46.987, 4, 0, 21354
2026/05/21 14:37:46.987, 5, 0, 17836
2026/05/21 14:37:46.987, 6, 0, 17866
2026/05/21 14:37:46.988, 7, 0, 11838
2026/05/21 14:37:47.578, 0, 0, 22226
2026/05/21 14:37:47.579, 1, 4, 20812
2026/05/21 14:37:47.579, 2, 4, 20812
2026/05/21 14:37:47.579, 3, 4, 20812
2026/05/21 14:37:47.580, 4, 0, 21354
2026/05/21 14:37:47.580, 5, 0, 17836
2026/05/21 14:37:47.580, 6, 0, 17866
2026/05/21 14:37:47.580, 7, 0, 11838
2026/05/21 14:37:48.188, 0, 0, 22226
2026/05/21 14:37:48.189, 1, 4, 20812
2026/05/21 14:37:48.189, 2, 4, 20812
2026/05/21 14:37:48.189, 3, 3, 20812
2026/05/21 14:37:48.190, 4, 0, 21354
2026/05/21 14:37:48.190, 5, 0, 17836
2026/05/21 14:37:48.190, 6, 0, 17866
2026/05/21 14:37:48.190, 7, 0, 11838
2026/05/21 14:37:48.777, 0, 0, 22226
2026/05/21 14:37:48.778, 1, 4, 20812
2026/05/21 14:37:48.778, 2, 4, 20812
2026/05/21 14:37:48.778, 3, 4, 20812
2026/05/21 14:37:48.778, 4, 0, 21354
2026/05/21 14:37:48.778, 5, 0, 17836
2026/05/21 14:37:48.779, 6, 0, 17866
2026/05/21 14:37:48.779, 7, 0, 11838
2026/05/21 14:37:49.369, 0, 0, 22226
2026/05/21 14:37:49.369, 1, 4, 20812
2026/05/21 14:37:49.369, 2, 4, 20812
2026/05/21 14:37:49.370, 3, 4, 20812
2026/05/21 14:37:49.370, 4, 0, 21354
2026/05/21 14:37:49.370, 5, 0, 17836
2026/05/21 14:37:49.371, 6, 0, 17866
2026/05/21 14:37:49.371, 7, 0, 11838
2026/05/21 14:37:49.942, 0, 0, 22226
2026/05/21 14:37:49.942, 1, 4, 20812
2026/05/21 14:37:49.943, 2, 4, 20812
2026/05/21 14:37:49.943, 3, 4, 20812
2026/05/21 14:37:49.943, 4, 0, 21354
2026/05/21 14:37:49.943, 5, 0, 17836
2026/05/21 14:37:49.944, 6, 0, 17866
2026/05/21 14:37:49.944, 7, 0, 11838
2026/05/21 14:37:50.532, 0, 0, 22226
2026/05/21 14:37:50.532, 1, 4, 20812
2026/05/21 14:37:50.533, 2, 4, 20812
2026/05/21 14:37:50.533, 3, 4, 20812
2026/05/21 14:37:50.533, 4, 0, 21354
2026/05/21 14:37:50.534, 5, 0, 17836
2026/05/21 14:37:50.534, 6, 0, 17866
2026/05/21 14:37:50.534, 7, 0, 11838
2026/05/21 14:37:51.154, 0, 0, 22226
2026/05/21 14:37:51.154, 1, 6, 20812
2026/05/21 14:37:51.155, 2, 5, 20812
2026/05/21 14:37:51.155, 3, 4, 20812
2026/05/21 14:37:51.155, 4, 0, 21354
2026/05/21 14:37:51.156, 5, 0, 17836
2026/05/21 14:37:51.156, 6, 0, 17866
2026/05/21 14:37:51.156, 7, 0, 11838
2026/05/21 14:37:51.755, 0, 0, 22226
2026/05/21 14:37:51.755, 1, 10, 20812
2026/05/21 14:37:51.756, 2, 4, 20812
2026/05/21 14:37:51.756, 3, 4, 20812
2026/05/21 14:37:51.756, 4, 0, 21354
2026/05/21 14:37:51.757, 5, 0, 17836
2026/05/21 14:37:51.757, 6, 0, 17866
2026/05/21 14:37:51.757, 7, 0, 11838
2026/05/21 14:37:52.360, 0, 0, 22226
2026/05/21 14:37:52.361, 1, 0, 21354
2026/05/21 14:37:52.361, 2, 4, 20812
2026/05/21 14:37:52.361, 3, 4, 20812
2026/05/21 14:37:52.362, 4, 0, 21354
2026/05/21 14:37:52.362, 5, 0, 17836
2026/05/21 14:37:52.362, 6, 0, 17866
2026/05/21 14:37:52.362, 7, 0, 11838
2026/05/21 14:37:52.950, 0, 0, 22226
2026/05/21 14:37:52.950, 1, 0, 21354
2026/05/21 14:37:52.951, 2, 4, 20812
2026/05/21 14:37:52.951, 3, 4, 20812
2026/05/21 14:37:52.951, 4, 0, 21354
2026/05/21 14:37:52.951, 5, 0, 17836
2026/05/21 14:37:52.952, 6, 0, 17866
2026/05/21 14:37:52.952, 7, 0, 11838
2026/05/21 14:37:53.555, 0, 0, 22226
2026/05/21 14:37:53.555, 1, 0, 21354
2026/05/21 14:37:53.555, 2, 4, 20812
2026/05/21 14:37:53.555, 3, 5, 20812
2026/05/21 14:37:53.556, 4, 0, 21354
2026/05/21 14:37:53.556, 5, 0, 17836
2026/05/21 14:37:53.556, 6, 0, 17866
2026/05/21 14:37:53.556, 7, 0, 11838
2026/05/21 14:37:54.141, 0, 0, 22226
2026/05/21 14:37:54.142, 1, 0, 21354
2026/05/21 14:37:54.142, 2, 4, 20812
2026/05/21 14:37:54.142, 3, 4, 20812
2026/05/21 14:37:54.143, 4, 0, 21354
2026/05/21 14:37:54.143, 5, 0, 17836
2026/05/21 14:37:54.143, 6, 0, 17866
2026/05/21 14:37:54.143, 7, 0, 11838
2026/05/21 14:37:54.748, 0, 0, 22226
2026/05/21 14:37:54.748, 1, 0, 21354
2026/05/21 14:37:54.749, 2, 4, 20812
2026/05/21 14:37:54.749, 3, 4, 20812
2026/05/21 14:37:54.749, 4, 0, 21354
2026/05/21 14:37:54.749, 5, 0, 17836
2026/05/21 14:37:54.749, 6, 0, 17866
2026/05/21 14:37:54.750, 7, 0, 11838
2026/05/21 14:37:55.320, 0, 0, 22226
2026/05/21 14:37:55.321, 1, 0, 21354
2026/05/21 14:37:55.321, 2, 4, 20812
2026/05/21 14:37:55.321, 3, 4, 20812
2026/05/21 14:37:55.322, 4, 0, 21354
2026/05/21 14:37:55.322, 5, 0, 17836
2026/05/21 14:37:55.322, 6, 0, 17866
2026/05/21 14:37:55.322, 7, 0, 11838
2026/05/21 14:37:55.915, 0, 0, 22226
2026/05/21 14:37:55.916, 1, 0, 21354
2026/05/21 14:37:55.916, 2, 5, 20812
2026/05/21 14:37:55.916, 3, 3, 20812
2026/05/21 14:37:55.916, 4, 0, 21354
2026/05/21 14:37:55.917, 5, 0, 17836
2026/05/21 14:37:55.917, 6, 0, 17866
2026/05/21 14:37:55.917, 7, 0, 11838
2026/05/21 14:37:56.484, 0, 0, 22226
2026/05/21 14:37:56.484, 1, 0, 21354
2026/05/21 14:37:56.485, 2, 4, 20812
2026/05/21 14:37:56.485, 3, 4, 20812
2026/05/21 14:37:56.485, 4, 0, 21354
2026/05/21 14:37:56.485, 5, 0, 17836
2026/05/21 14:37:56.485, 6, 0, 17866
2026/05/21 14:37:56.486, 7, 0, 11838
2026/05/21 14:37:57.068, 0, 0, 22226
2026/05/21 14:37:57.069, 1, 0, 21354
2026/05/21 14:37:57.069, 2, 5, 20812
2026/05/21 14:37:57.069, 3, 5, 20812
2026/05/21 14:37:57.069, 4, 0, 21354
2026/05/21 14:37:57.069, 5, 0, 17836
2026/05/21 14:37:57.070, 6, 0, 17866
2026/05/21 14:37:57.070, 7, 0, 11838
2026/05/21 14:37:57.653, 0, 0, 22226
2026/05/21 14:37:57.654, 1, 0, 21354
2026/05/21 14:37:57.654, 2, 4, 20812
2026/05/21 14:37:57.654, 3, 4, 20812
2026/05/21 14:37:57.654, 4, 0, 21354
2026/05/21 14:37:57.655, 5, 0, 17836
2026/05/21 14:37:57.655, 6, 0, 17866
2026/05/21 14:37:57.655, 7, 0, 11838
2026/05/21 14:37:58.240, 0, 0, 22226
2026/05/21 14:37:58.241, 1, 0, 21354
2026/05/21 14:37:58.241, 2, 4, 20812
2026/05/21 14:37:58.241, 3, 4, 20812
2026/05/21 14:37:58.241, 4, 0, 21354
2026/05/21 14:37:58.241, 5, 0, 17836
2026/05/21 14:37:58.242, 6, 0, 17866
2026/05/21 14:37:58.242, 7, 0, 11838
2026/05/21 14:37:58.821, 0, 0, 22226
2026/05/21 14:37:58.821, 1, 0, 21354
2026/05/21 14:37:58.822, 2, 4, 20812
2026/05/21 14:37:58.822, 3, 4, 20812
2026/05/21 14:37:58.822, 4, 0, 21354
2026/05/21 14:37:58.822, 5, 0, 17836
2026/05/21 14:37:58.823, 6, 0, 17866
2026/05/21 14:37:58.823, 7, 0, 11838
2026/05/21 14:37:59.411, 0, 0, 22226
2026/05/21 14:37:59.412, 1, 0, 21354
2026/05/21 14:37:59.412, 2, 5, 20812
2026/05/21 14:37:59.412, 3, 4, 20812
2026/05/21 14:37:59.413, 4, 0, 21354
2026/05/21 14:37:59.413, 5, 0, 17836
2026/05/21 14:37:59.413, 6, 0, 17866
2026/05/21 14:37:59.414, 7, 0, 11838
2026/05/21 14:38:00.013, 0, 0, 22226
2026/05/21 14:38:00.013, 1, 0, 21354
2026/05/21 14:38:00.014, 2, 4, 20812
2026/05/21 14:38:00.014, 3, 4, 20812
2026/05/21 14:38:00.014, 4, 0, 21354
2026/05/21 14:38:00.015, 5, 0, 17836
2026/05/21 14:38:00.015, 6, 0, 17866
2026/05/21 14:38:00.015, 7, 0, 11838
2026/05/21 14:38:00.611, 0, 0, 22226
2026/05/21 14:38:00.611, 1, 0, 21354
2026/05/21 14:38:00.611, 2, 4, 20812
2026/05/21 14:38:00.611, 3, 4, 20812
2026/05/21 14:38:00.612, 4, 0, 21354
2026/05/21 14:38:00.612, 5, 0, 17836
2026/05/21 14:38:00.612, 6, 0, 17866
2026/05/21 14:38:00.612, 7, 0, 11838
2026/05/21 14:38:01.205, 0, 0, 22226
2026/05/21 14:38:01.206, 1, 0, 21354
2026/05/21 14:38:01.206, 2, 4, 20812
2026/05/21 14:38:01.206, 3, 4, 20812
2026/05/21 14:38:01.206, 4, 0, 21354
2026/05/21 14:38:01.207, 5, 0, 17836
2026/05/21 14:38:01.207, 6, 0, 17866
2026/05/21 14:38:01.207, 7, 0, 11838
2026/05/21 14:38:01.789, 0, 0, 22226
2026/05/21 14:38:01.790, 1, 0, 21354
2026/05/21 14:38:01.790, 2, 4, 20812
2026/05/21 14:38:01.790, 3, 4, 20812
2026/05/21 14:38:01.790, 4, 0, 21354
2026/05/21 14:38:01.791, 5, 0, 17836
2026/05/21 14:38:01.791, 6, 0, 17866
2026/05/21 14:38:01.791, 7, 0, 11838
2026/05/21 14:38:02.379, 0, 0, 22226
2026/05/21 14:38:02.380, 1, 0, 21354
2026/05/21 14:38:02.380, 2, 4, 20812
2026/05/21 14:38:02.380, 3, 4, 20812
2026/05/21 14:38:02.381, 4, 0, 21354
2026/05/21 14:38:02.381, 5, 0, 17836
2026/05/21 14:38:02.382, 6, 0, 17866
2026/05/21 14:38:02.382, 7, 0, 11838
2026/05/21 14:38:02.968, 0, 0, 22226
2026/05/21 14:38:02.968, 1, 0, 21354
2026/05/21 14:38:02.968, 2, 5, 20812
2026/05/21 14:38:02.969, 3, 4, 20812
2026/05/21 14:38:02.969, 4, 0, 21354
2026/05/21 14:38:02.969, 5, 0, 17836
2026/05/21 14:38:02.969, 6, 0, 17866
2026/05/21 14:38:02.970, 7, 0, 11838
2026/05/21 14:38:03.560, 0, 0, 22226
2026/05/21 14:38:03.560, 1, 0, 21354
2026/05/21 14:38:03.561, 2, 4, 20812
2026/05/21 14:38:03.561, 3, 4, 20812
2026/05/21 14:38:03.561, 4, 0, 21354
2026/05/21 14:38:03.562, 5, 0, 17836
2026/05/21 14:38:03.562, 6, 0, 17866
2026/05/21 14:38:03.562, 7, 0, 11838
2026/05/21 14:38:04.153, 0, 0, 22226
2026/05/21 14:38:04.154, 1, 0, 21354
2026/05/21 14:38:04.154, 2, 4, 20812
2026/05/21 14:38:04.154, 3, 4, 20812
2026/05/21 14:38:04.155, 4, 0, 21354
2026/05/21 14:38:04.155, 5, 0, 17836
2026/05/21 14:38:04.155, 6, 0, 17866
2026/05/21 14:38:04.156, 7, 0, 11838
2026/05/21 14:38:04.725, 0, 0, 22226
2026/05/21 14:38:04.725, 1, 0, 21354
2026/05/21 14:38:04.726, 2, 3, 20812
2026/05/21 14:38:04.726, 3, 4, 20812
2026/05/21 14:38:04.726, 4, 0, 21354
2026/05/21 14:38:04.726, 5, 0, 17836
2026/05/21 14:38:04.727, 6, 0, 17866
2026/05/21 14:38:04.727, 7, 0, 11838
2026/05/21 14:38:05.316, 0, 0, 22226
2026/05/21 14:38:05.316, 1, 0, 21354
2026/05/21 14:38:05.316, 2, 4, 20812
2026/05/21 14:38:05.317, 3, 4, 20812
2026/05/21 14:38:05.317, 4, 0, 21354
2026/05/21 14:38:05.317, 5, 0, 17836
2026/05/21 14:38:05.318, 6, 0, 17866
2026/05/21 14:38:05.318, 7, 0, 11838
2026/05/21 14:38:05.905, 0, 0, 22226
2026/05/21 14:38:05.906, 1, 0, 21354
2026/05/21 14:38:05.906, 2, 3, 21018
2026/05/21 14:38:05.906, 3, 3, 20812
2026/05/21 14:38:05.907, 4, 0, 21354
2026/05/21 14:38:05.907, 5, 0, 17836
2026/05/21 14:38:05.907, 6, 0, 17866
2026/05/21 14:38:05.908, 7, 0, 11838
2026/05/21 14:38:06.472, 0, 0, 22226
2026/05/21 14:38:06.473, 1, 0, 21354
2026/05/21 14:38:06.473, 2, 0, 21354
2026/05/21 14:38:06.473, 3, 5, 20812
2026/05/21 14:38:06.473, 4, 0, 21354
2026/05/21 14:38:06.473, 5, 0, 17836
2026/05/21 14:38:06.473, 6, 0, 17866
2026/05/21 14:38:06.474, 7, 0, 11838
2026/05/21 14:38:07.064, 0, 0, 22226
2026/05/21 14:38:07.064, 1, 0, 21354
2026/05/21 14:38:07.064, 2, 0, 21354
2026/05/21 14:38:07.065, 3, 5, 20812
2026/05/21 14:38:07.065, 4, 0, 21354
2026/05/21 14:38:07.065, 5, 0, 17836
2026/05/21 14:38:07.066, 6, 0, 17866
2026/05/21 14:38:07.066, 7, 0, 11838
2026/05/21 14:38:07.657, 0, 0, 22226
2026/05/21 14:38:07.657, 1, 0, 21354
2026/05/21 14:38:07.657, 2, 0, 21354
2026/05/21 14:38:07.657, 3, 5, 20812
2026/05/21 14:38:07.658, 4, 0, 21354
2026/05/21 14:38:07.658, 5, 0, 17836
2026/05/21 14:38:07.658, 6, 0, 17866
2026/05/21 14:38:07.659, 7, 0, 11838
2026/05/21 14:38:08.246, 0, 0, 22226
2026/05/21 14:38:08.247, 1, 0, 21354
2026/05/21 14:38:08.247, 2, 0, 21354
2026/05/21 14:38:08.247, 3, 5, 20812
2026/05/21 14:38:08.247, 4, 0, 21354
2026/05/21 14:38:08.247, 5, 0, 17836
2026/05/21 14:38:08.248, 6, 0, 17866
2026/05/21 14:38:08.248, 7, 0, 11838
2026/05/21 14:38:08.835, 0, 0, 22226
2026/05/21 14:38:08.836, 1, 0, 21354
2026/05/21 14:38:08.836, 2, 0, 21354
2026/05/21 14:38:08.836, 3, 5, 20812
2026/05/21 14:38:08.836, 4, 0, 21354
2026/05/21 14:38:08.837, 5, 0, 17836
2026/05/21 14:38:08.837, 6, 0, 17866
2026/05/21 14:38:08.837, 7, 0, 11838
2026/05/21 14:38:09.426, 0, 0, 22226
2026/05/21 14:38:09.427, 1, 0, 21354
2026/05/21 14:38:09.427, 2, 0, 21354
2026/05/21 14:38:09.428, 3, 4, 20812
2026/05/21 14:38:09.428, 4, 0, 21354
2026/05/21 14:38:09.428, 5, 0, 17836
2026/05/21 14:38:09.429, 6, 0, 17866
2026/05/21 14:38:09.429, 7, 0, 11838
2026/05/21 14:38:10.020, 0, 0, 22226
2026/05/21 14:38:10.020, 1, 0, 21354
2026/05/21 14:38:10.022, 2, 0, 21354
2026/05/21 14:38:10.022, 3, 5, 20812
2026/05/21 14:38:10.022, 4, 0, 21354
2026/05/21 14:38:10.022, 5, 0, 17836
2026/05/21 14:38:10.023, 6, 0, 17866
2026/05/21 14:38:10.023, 7, 0, 11838
2026/05/21 14:38:10.663, 0, 0, 24020
2026/05/21 14:38:10.664, 1, 0, 21356
2026/05/21 14:38:10.665, 2, 0, 21356
2026/05/21 14:38:10.665, 3, 6, 21356
2026/05/21 14:38:10.665, 4, 0, 21356
2026/05/21 14:38:10.667, 5, 0, 17838
2026/05/21 14:38:10.667, 6, 0, 17868
2026/05/21 14:38:10.668, 7, 0, 11840
2026/05/21 14:38:11.268, 0, 13, 24020
2026/05/21 14:38:11.269, 1, 0, 21356
2026/05/21 14:38:11.269, 2, 0, 21356
2026/05/21 14:38:11.269, 3, 0, 21356
2026/05/21 14:38:11.269, 4, 0, 21356
2026/05/21 14:38:11.269, 5, 0, 17838
2026/05/21 14:38:11.270, 6, 0, 17868
2026/05/21 14:38:11.270, 7, 0, 11840
2026/05/21 14:38:11.858, 0, 5, 24290
2026/05/21 14:38:11.859, 1, 4, 23418
2026/05/21 14:38:11.859, 2, 0, 23418
2026/05/21 14:38:11.859, 3, 0, 21356
2026/05/21 14:38:11.860, 4, 0, 21356
2026/05/21 14:38:11.860, 5, 0, 17838
2026/05/21 14:38:11.860, 6, 0, 17868
2026/05/21 14:38:11.860, 7, 0, 11840
2026/05/21 14:38:12.488, 0, 5, 24290
2026/05/21 14:38:12.489, 1, 6, 23418
2026/05/21 14:38:12.489, 2, 10, 23418
2026/05/21 14:38:12.489, 3, 10, 23418
2026/05/21 14:38:12.490, 4, 8, 23418
2026/05/21 14:38:12.490, 5, 11, 19900
2026/05/21 14:38:12.490, 6, 8, 19930
2026/05/21 14:38:12.490, 7, 7, 13902
2026/05/21 14:38:13.082, 0, 9, 24290
2026/05/21 14:38:13.083, 1, 6, 23418
2026/05/21 14:38:13.083, 2, 6, 23418
2026/05/21 14:38:13.083, 3, 6, 23418
2026/05/21 14:38:13.084, 4, 11, 23418
2026/05/21 14:38:13.084, 5, 6, 19900
2026/05/21 14:38:13.084, 6, 5, 19930
2026/05/21 14:38:13.085, 7, 0, 13902
2026/05/21 14:38:13.686, 0, 14, 24290
2026/05/21 14:38:13.686, 1, 13, 23418
2026/05/21 14:38:13.687, 2, 17, 23418
2026/05/21 14:38:13.687, 3, 17, 23418
2026/05/21 14:38:13.687, 4, 13, 23418
2026/05/21 14:38:13.687, 5, 11, 19900
2026/05/21 14:38:13.688, 6, 10, 19930
2026/05/21 14:38:13.688, 7, 6, 13902
2026/05/21 14:38:14.256, 0, 12, 24290
2026/05/21 14:38:14.256, 1, 13, 23418
2026/05/21 14:38:14.256, 2, 13, 23418
2026/05/21 14:38:14.257, 3, 13, 23418
2026/05/21 14:38:14.257, 4, 13, 23418
2026/05/21 14:38:14.257, 5, 11, 19900
2026/05/21 14:38:14.257, 6, 12, 19930
2026/05/21 14:38:14.257, 7, 10, 13902
2026/05/21 14:38:14.825, 0, 1, 24290
2026/05/21 14:38:14.826, 1, 4, 23418
2026/05/21 14:38:14.826, 2, 4, 23418
2026/05/21 14:38:14.826, 3, 9, 23418
2026/05/21 14:38:14.826, 4, 13, 23418
2026/05/21 14:38:14.827, 5, 11, 19900
2026/05/21 14:38:14.827, 6, 10, 19930
2026/05/21 14:38:14.827, 7, 7, 13902
2026/05/21 14:38:15.452, 0, 16, 24290
2026/05/21 14:38:15.453, 1, 13, 23418
2026/05/21 14:38:15.453, 2, 14, 23418
2026/05/21 14:38:15.453, 3, 14, 23418
2026/05/21 14:38:15.453, 4, 13, 23418
2026/05/21 14:38:15.453, 5, 11, 19900
2026/05/21 14:38:15.454, 6, 10, 19930
2026/05/21 14:38:15.454, 7, 6, 13902
2026/05/21 14:38:16.031, 0, 15, 24290
2026/05/21 14:38:16.031, 1, 13, 23418
2026/05/21 14:38:16.031, 2, 13, 23418
2026/05/21 14:38:16.032, 3, 17, 23418
2026/05/21 14:38:16.032, 4, 13, 23418
2026/05/21 14:38:16.032, 5, 11, 19900
2026/05/21 14:38:16.033, 6, 10, 19930
2026/05/21 14:38:16.033, 7, 6, 13902
2026/05/21 14:38:16.656, 0, 12, 24290
2026/05/21 14:38:16.656, 1, 14, 23418
2026/05/21 14:38:16.657, 2, 13, 23418
2026/05/21 14:38:16.658, 3, 13, 23418
2026/05/21 14:38:16.658, 4, 16, 23418
2026/05/21 14:38:16.659, 5, 11, 19900
2026/05/21 14:38:16.660, 6, 10, 19930
2026/05/21 14:38:16.661, 7, 10, 13902
2026/05/21 14:38:17.236, 0, 9, 24290
2026/05/21 14:38:17.236, 1, 6, 23418
2026/05/21 14:38:17.236, 2, 6, 23418
2026/05/21 14:38:17.236, 3, 6, 23418
2026/05/21 14:38:17.237, 4, 10, 23418
2026/05/21 14:38:17.237, 5, 9, 19900
2026/05/21 14:38:17.237, 6, 8, 19930
2026/05/21 14:38:17.237, 7, 0, 13902
2026/05/21 14:38:17.835, 0, 17, 24290
2026/05/21 14:38:17.836, 1, 13, 23418
2026/05/21 14:38:17.836, 2, 15, 23418
2026/05/21 14:38:17.836, 3, 14, 23418
2026/05/21 14:38:17.837, 4, 13, 23418
2026/05/21 14:38:17.837, 5, 14, 19900
2026/05/21 14:38:17.837, 6, 10, 19930
2026/05/21 14:38:17.837, 7, 6, 13902
2026/05/21 14:38:18.422, 0, 12, 24290
2026/05/21 14:38:18.422, 1, 13, 23418
2026/05/21 14:38:18.423, 2, 13, 23418
2026/05/21 14:38:18.423, 3, 13, 23418
2026/05/21 14:38:18.423, 4, 13, 23418
2026/05/21 14:38:18.423, 5, 11, 19900
2026/05/21 14:38:18.423, 6, 10, 19930
2026/05/21 14:38:18.424, 7, 10, 13902
2026/05/21 14:38:19.010, 0, 4, 24290
2026/05/21 14:38:19.010, 1, 4, 23418
2026/05/21 14:38:19.011, 2, 4, 23418
2026/05/21 14:38:19.011, 3, 9, 23418
2026/05/21 14:38:19.011, 4, 13, 23418
2026/05/21 14:38:19.011, 5, 11, 19900
2026/05/21 14:38:19.012, 6, 11, 19930
2026/05/21 14:38:19.012, 7, 7, 13902
2026/05/21 14:38:19.602, 0, 13, 24290
2026/05/21 14:38:19.603, 1, 13, 23418
2026/05/21 14:38:19.603, 2, 13, 23418
2026/05/21 14:38:19.603, 3, 17, 23418
2026/05/21 14:38:19.603, 4, 14, 23418
2026/05/21 14:38:19.604, 5, 14, 19900
2026/05/21 14:38:19.604, 6, 10, 19930
2026/05/21 14:38:19.604, 7, 6, 13902
2026/05/21 14:38:20.184, 0, 12, 24290
2026/05/21 14:38:20.184, 1, 13, 23418
2026/05/21 14:38:20.184, 2, 13, 23418
2026/05/21 14:38:20.185, 3, 16, 23418
2026/05/21 14:38:20.185, 4, 13, 23418
2026/05/21 14:38:20.185, 5, 11, 19900
2026/05/21 14:38:20.185, 6, 14, 19930
2026/05/21 14:38:20.185, 7, 6, 13902
2026/05/21 14:38:20.751, 0, 12, 24290
2026/05/21 14:38:20.752, 1, 13, 23418
2026/05/21 14:38:20.752, 2, 13, 23418
2026/05/21 14:38:20.752, 3, 13, 23418
2026/05/21 14:38:20.752, 4, 13, 23418
2026/05/21 14:38:20.752, 5, 11, 19900
2026/05/21 14:38:20.753, 6, 10, 19930
2026/05/21 14:38:20.753, 7, 10, 13902
2026/05/21 14:38:21.316, 0, 0, 24290
2026/05/21 14:38:21.316, 1, 0, 23418
2026/05/21 14:38:21.316, 2, 0, 23418
2026/05/21 14:38:21.317, 3, 0, 23418
2026/05/21 14:38:21.317, 4, 0, 23418
2026/05/21 14:38:21.317, 5, 0, 19900
2026/05/21 14:38:21.317, 6, 0, 19930
2026/05/21 14:38:21.317, 7, 0, 13902
2026/05/21 14:38:21.903, 0, 12, 24290
2026/05/21 14:38:21.903, 1, 17, 23418
2026/05/21 14:38:21.904, 2, 13, 23418
2026/05/21 14:38:21.904, 3, 13, 23418
2026/05/21 14:38:21.904, 4, 14, 23418
2026/05/21 14:38:21.905, 5, 14, 19900
2026/05/21 14:38:21.905, 6, 10, 19930
2026/05/21 14:38:21.906, 7, 9, 13902
2026/05/21 14:38:22.472, 0, 12, 24290
2026/05/21 14:38:22.472, 1, 13, 23418
2026/05/21 14:38:22.473, 2, 13, 23418
2026/05/21 14:38:22.473, 3, 16, 23418
2026/05/21 14:38:22.473, 4, 13, 23418
2026/05/21 14:38:22.473, 5, 13, 19900
2026/05/21 14:38:22.473, 6, 10, 19930
2026/05/21 14:38:22.474, 7, 6, 13902
2026/05/21 14:38:23.044, 0, 12, 24290
2026/05/21 14:38:23.045, 1, 13, 23418
2026/05/21 14:38:23.045, 2, 13, 23418
2026/05/21 14:38:23.045, 3, 13, 23418
2026/05/21 14:38:23.046, 4, 13, 23418
2026/05/21 14:38:23.046, 5, 11, 19900
2026/05/21 14:38:23.046, 6, 11, 19930
2026/05/21 14:38:23.046, 7, 10, 13902
2026/05/21 14:38:23.658, 0, 5, 24290
2026/05/21 14:38:23.658, 1, 6, 23418
2026/05/21 14:38:23.658, 2, 12, 23418
2026/05/21 14:38:23.658, 3, 10, 23418
2026/05/21 14:38:23.658, 4, 10, 23418
2026/05/21 14:38:23.659, 5, 9, 19900
2026/05/21 14:38:23.659, 6, 5, 19930
2026/05/21 14:38:23.659, 7, 8, 13902
2026/05/21 14:38:24.246, 0, 12, 24290
2026/05/21 14:38:24.246, 1, 13, 23418
2026/05/21 14:38:24.246, 2, 16, 23418
2026/05/21 14:38:24.247, 3, 13, 23418
2026/05/21 14:38:24.247, 4, 13, 23418
2026/05/21 14:38:24.247, 5, 11, 19900
2026/05/21 14:38:24.247, 6, 11, 19930
2026/05/21 14:38:24.247, 7, 6, 13902
2026/05/21 14:38:24.811, 0, 12, 24290
2026/05/21 14:38:24.811, 1, 14, 23418
2026/05/21 14:38:24.812, 2, 13, 23418
2026/05/21 14:38:24.812, 3, 13, 23418
2026/05/21 14:38:24.812, 4, 14, 23418
2026/05/21 14:38:24.812, 5, 13, 19900
2026/05/21 14:38:24.812, 6, 10, 19930
2026/05/21 14:38:24.813, 7, 12, 13902
2026/05/21 14:38:25.394, 0, 4, 24290
2026/05/21 14:38:25.395, 1, 4, 23418
2026/05/21 14:38:25.395, 2, 9, 23418
2026/05/21 14:38:25.395, 3, 9, 23418
2026/05/21 14:38:25.395, 4, 13, 23418
2026/05/21 14:38:25.395, 5, 11, 19900
2026/05/21 14:38:25.396, 6, 11, 19930
2026/05/21 14:38:25.396, 7, 7, 13902
2026/05/21 14:38:25.981, 0, 16, 24290
2026/05/21 14:38:25.981, 1, 13, 23418
2026/05/21 14:38:25.981, 2, 14, 23418
2026/05/21 14:38:25.981, 3, 15, 23418
2026/05/21 14:38:25.981, 4, 13, 23418
2026/05/21 14:38:25.982, 5, 11, 19900
2026/05/21 14:38:25.982, 6, 13, 19930
2026/05/21 14:38:25.982, 7, 7, 13902
2026/05/21 14:38:26.571, 0, 17, 24290
2026/05/21 14:38:26.572, 1, 13, 23418
2026/05/21 14:38:26.572, 2, 13, 23418
2026/05/21 14:38:26.572, 3, 14, 23418
2026/05/21 14:38:26.572, 4, 13, 23418
2026/05/21 14:38:26.573, 5, 11, 19900
2026/05/21 14:38:26.573, 6, 12, 19930
2026/05/21 14:38:26.573, 7, 8, 13902
2026/05/21 14:38:27.170, 0, 12, 24290
2026/05/21 14:38:27.170, 1, 16, 23418
2026/05/21 14:38:27.170, 2, 13, 23418
2026/05/21 14:38:27.171, 3, 13, 23418
2026/05/21 14:38:27.171, 4, 16, 23418
2026/05/21 14:38:27.171, 5, 11, 19900
2026/05/21 14:38:27.172, 6, 10, 19930
2026/05/21 14:38:27.172, 7, 10, 13902
2026/05/21 14:38:27.747, 0, 5, 24290
2026/05/21 14:38:27.747, 1, 6, 23418
2026/05/21 14:38:27.747, 2, 0, 23418
2026/05/21 14:38:27.748, 3, 0, 23418
2026/05/21 14:38:27.748, 4, 0, 23418
2026/05/21 14:38:27.748, 5, 0, 19900
2026/05/21 14:38:27.748, 6, 0, 19930
2026/05/21 14:38:27.748, 7, 0, 13902
2026/05/21 14:38:28.316, 0, 12, 24290
2026/05/21 14:38:28.317, 1, 13, 23418
2026/05/21 14:38:28.317, 2, 13, 23418
2026/05/21 14:38:28.317, 3, 15, 23418
2026/05/21 14:38:28.317, 4, 16, 23418
2026/05/21 14:38:28.317, 5, 14, 19900
2026/05/21 14:38:28.318, 6, 10, 19930
2026/05/21 14:38:28.318, 7, 6, 13902
2026/05/21 14:38:28.883, 0, 12, 24290
2026/05/21 14:38:28.884, 1, 13, 23418
2026/05/21 14:38:28.884, 2, 13, 23418
2026/05/21 14:38:28.884, 3, 15, 23418
2026/05/21 14:38:28.884, 4, 13, 23418
2026/05/21 14:38:28.885, 5, 11, 19900
2026/05/21 14:38:28.885, 6, 12, 19930
2026/05/21 14:38:28.885, 7, 8, 13902
2026/05/21 14:38:29.469, 0, 12, 24290
2026/05/21 14:38:29.470, 1, 15, 23418
2026/05/21 14:38:29.470, 2, 13, 23418
2026/05/21 14:38:29.471, 3, 13, 23418
2026/05/21 14:38:29.471, 4, 14, 23418
2026/05/21 14:38:29.471, 5, 11, 19900
2026/05/21 14:38:29.471, 6, 10, 19930
2026/05/21 14:38:29.472, 7, 10, 13902
2026/05/21 14:38:30.064, 0, 14, 24290
2026/05/21 14:38:30.064, 1, 13, 23418
2026/05/21 14:38:30.064, 2, 12, 23418
2026/05/21 14:38:30.065, 3, 9, 23418
2026/05/21 14:38:30.065, 4, 10, 23418
2026/05/21 14:38:30.065, 5, 9, 19900
2026/05/21 14:38:30.066, 6, 5, 19930
2026/05/21 14:38:30.066, 7, 4, 13902
2026/05/21 14:38:30.663, 0, 12, 24290
2026/05/21 14:38:30.664, 1, 13, 23418
2026/05/21 14:38:30.664, 2, 13, 23418
2026/05/21 14:38:30.664, 3, 13, 23418
2026/05/21 14:38:30.664, 4, 13, 23418
2026/05/21 14:38:30.664, 5, 11, 19900
2026/05/21 14:38:30.665, 6, 10, 19930
2026/05/21 14:38:30.665, 7, 6, 13902
2026/05/21 14:38:31.260, 0, 12, 24290
2026/05/21 14:38:31.260, 1, 13, 23418
2026/05/21 14:38:31.261, 2, 13, 23418
2026/05/21 14:38:31.261, 3, 13, 23418
2026/05/21 14:38:31.261, 4, 13, 23418
2026/05/21 14:38:31.261, 5, 12, 19900
2026/05/21 14:38:31.261, 6, 10, 19930
2026/05/21 14:38:31.262, 7, 10, 13902
2026/05/21 14:38:31.857, 0, 4, 24290
2026/05/21 14:38:31.857, 1, 4, 23418
2026/05/21 14:38:31.857, 2, 0, 23418
2026/05/21 14:38:31.858, 3, 0, 23418
2026/05/21 14:38:31.858, 4, 0, 23418
2026/05/21 14:38:31.858, 5, 0, 19900
2026/05/21 14:38:31.858, 6, 3, 19930
2026/05/21 14:38:31.858, 7, 3, 13902
2026/05/21 14:38:32.444, 0, 16, 24290
2026/05/21 14:38:32.444, 1, 13, 23418
2026/05/21 14:38:32.445, 2, 13, 23418
2026/05/21 14:38:32.445, 3, 13, 23418
2026/05/21 14:38:32.445, 4, 12, 23418
2026/05/21 14:38:32.445, 5, 7, 19900
2026/05/21 14:38:32.445, 6, 14, 19930
2026/05/21 14:38:32.446, 7, 6, 13902
2026/05/21 14:38:33.030, 0, 12, 24290
2026/05/21 14:38:33.031, 1, 13, 23418
2026/05/21 14:38:33.031, 2, 14, 23418
2026/05/21 14:38:33.031, 3, 13, 23418
2026/05/21 14:38:33.031, 4, 13, 23418
2026/05/21 14:38:33.032, 5, 11, 19900
2026/05/21 14:38:33.032, 6, 10, 19930
2026/05/21 14:38:33.032, 7, 6, 13902
2026/05/21 14:38:33.643, 0, 12, 24290
2026/05/21 14:38:33.644, 1, 13, 23418
2026/05/21 14:38:33.644, 2, 13, 23418
2026/05/21 14:38:33.645, 3, 13, 23418
2026/05/21 14:38:33.645, 4, 16, 23418
2026/05/21 14:38:33.645, 5, 12, 19900
2026/05/21 14:38:33.646, 6, 10, 19930
2026/05/21 14:38:33.646, 7, 10, 13902
2026/05/21 14:38:34.260, 0, 5, 24290
2026/05/21 14:38:34.260, 1, 6, 23418
2026/05/21 14:38:34.260, 2, 0, 23418
2026/05/21 14:38:34.261, 3, 0, 23418
2026/05/21 14:38:34.261, 4, 0, 23418
2026/05/21 14:38:34.261, 5, 0, 19900
2026/05/21 14:38:34.261, 6, 0, 19930
2026/05/21 14:38:34.261, 7, 0, 13902
2026/05/21 14:38:34.877, 0, 12, 24290
2026/05/21 14:38:34.877, 1, 16, 23418
2026/05/21 14:38:34.878, 2, 13, 23418
2026/05/21 14:38:34.878, 3, 13, 23418
2026/05/21 14:38:34.878, 4, 17, 23418
2026/05/21 14:38:34.878, 5, 14, 19900
2026/05/21 14:38:34.878, 6, 10, 19930
2026/05/21 14:38:34.879, 7, 7, 13902
2026/05/21 14:38:35.502, 0, 12, 24290
2026/05/21 14:38:35.503, 1, 13, 23418
2026/05/21 14:38:35.503, 2, 13, 23418
2026/05/21 14:38:35.503, 3, 15, 23418
2026/05/21 14:38:35.504, 4, 13, 23418
2026/05/21 14:38:35.504, 5, 11, 19900
2026/05/21 14:38:35.504, 6, 10, 19930
2026/05/21 14:38:35.504, 7, 13, 13902
2026/05/21 14:38:36.072, 0, 8, 24290
2026/05/21 14:38:36.072, 1, 9, 23418
2026/05/21 14:38:36.072, 2, 13, 23418
2026/05/21 14:38:36.072, 3, 13, 23418
2026/05/21 14:38:36.073, 4, 13, 23418
2026/05/21 14:38:36.073, 5, 11, 19900
2026/05/21 14:38:36.073, 6, 10, 19930
2026/05/21 14:38:36.074, 7, 10, 13902
2026/05/21 14:38:36.646, 0, 15, 24290
2026/05/21 14:38:36.646, 1, 13, 23418
2026/05/21 14:38:36.647, 2, 12, 23418
2026/05/21 14:38:36.648, 3, 10, 23418
2026/05/21 14:38:36.648, 4, 12, 23418
2026/05/21 14:38:36.648, 5, 10, 19900
2026/05/21 14:38:36.648, 6, 14, 19930
2026/05/21 14:38:36.649, 7, 6, 13902
2026/05/21 14:38:37.242, 0, 15, 24290
2026/05/21 14:38:37.242, 1, 13, 23418
2026/05/21 14:38:37.242, 2, 16, 23418
2026/05/21 14:38:37.243, 3, 13, 23418
2026/05/21 14:38:37.243, 4, 13, 23418
2026/05/21 14:38:37.243, 5, 11, 19900
2026/05/21 14:38:37.243, 6, 10, 19930
2026/05/21 14:38:37.243, 7, 6, 13902
2026/05/21 14:38:37.817, 0, 12, 24290
2026/05/21 14:38:37.817, 1, 13, 23418
2026/05/21 14:38:37.817, 2, 13, 23418
2026/05/21 14:38:37.817, 3, 13, 23418
2026/05/21 14:38:37.818, 4, 16, 23418
2026/05/21 14:38:37.818, 5, 14, 19900
2026/05/21 14:38:37.818, 6, 10, 19930
2026/05/21 14:38:37.818, 7, 10, 13902
2026/05/21 14:38:38.410, 0, 0, 24290
2026/05/21 14:38:38.410, 1, 0, 23418
2026/05/21 14:38:38.410, 2, 0, 23418
2026/05/21 14:38:38.411, 3, 0, 23418
2026/05/21 14:38:38.411, 4, 0, 23418
2026/05/21 14:38:38.411, 5, 0, 19900
2026/05/21 14:38:38.411, 6, 3, 19930
2026/05/21 14:38:38.411, 7, 3, 13902
2026/05/21 14:38:39.015, 0, 12, 24290
2026/05/21 14:38:39.015, 1, 13, 23418
2026/05/21 14:38:39.015, 2, 13, 23418
2026/05/21 14:38:39.015, 3, 17, 23418
2026/05/21 14:38:39.016, 4, 17, 23418
2026/05/21 14:38:39.016, 5, 13, 19900
2026/05/21 14:38:39.016, 6, 10, 19930
2026/05/21 14:38:39.016, 7, 9, 13902
2026/05/21 14:38:39.600, 0, 12, 24290
2026/05/21 14:38:39.600, 1, 13, 23418
2026/05/21 14:38:39.601, 2, 13, 23418
2026/05/21 14:38:39.601, 3, 15, 23418
2026/05/21 14:38:39.601, 4, 13, 23418
2026/05/21 14:38:39.601, 5, 11, 19900
2026/05/21 14:38:39.602, 6, 14, 19930
2026/05/21 14:38:39.602, 7, 6, 13902
2026/05/21 14:38:40.193, 0, 13, 24290
2026/05/21 14:38:40.194, 1, 15, 23418
2026/05/21 14:38:40.194, 2, 13, 23418
2026/05/21 14:38:40.195, 3, 13, 23418
2026/05/21 14:38:40.195, 4, 13, 23418
2026/05/21 14:38:40.195, 5, 11, 19900
2026/05/21 14:38:40.196, 6, 11, 19930
2026/05/21 14:38:40.196, 7, 10, 13902
2026/05/21 14:38:40.792, 0, 11, 24290
2026/05/21 14:38:40.792, 1, 8, 23418
2026/05/21 14:38:40.793, 2, 15, 23418
2026/05/21 14:38:40.793, 3, 11, 23418
2026/05/21 14:38:40.793, 4, 6, 23418
2026/05/21 14:38:40.793, 5, 6, 19900
2026/05/21 14:38:40.794, 6, 13, 19930
2026/05/21 14:38:40.794, 7, 8, 13902
2026/05/21 14:38:41.387, 0, 12, 24290
2026/05/21 14:38:41.387, 1, 15, 23418
2026/05/21 14:38:41.388, 2, 16, 23418
2026/05/21 14:38:41.388, 3, 13, 23418
2026/05/21 14:38:41.388, 4, 14, 23418
2026/05/21 14:38:41.388, 5, 11, 19900
2026/05/21 14:38:41.389, 6, 10, 19930
2026/05/21 14:38:41.389, 7, 6, 13902
2026/05/21 14:38:41.960, 0, 12, 24290
2026/05/21 14:38:41.961, 1, 13, 23418
2026/05/21 14:38:41.961, 2, 13, 23418
2026/05/21 14:38:41.961, 3, 13, 23418
2026/05/21 14:38:41.961, 4, 13, 23418
2026/05/21 14:38:41.961, 5, 12, 19900
2026/05/21 14:38:41.962, 6, 10, 19930
2026/05/21 14:38:41.962, 7, 10, 13902
2026/05/21 14:38:42.558, 0, 8, 24290
2026/05/21 14:38:42.559, 1, 9, 23418
2026/05/21 14:38:42.559, 2, 0, 23418
2026/05/21 14:38:42.559, 3, 0, 23418
2026/05/21 14:38:42.559, 4, 1, 23418
2026/05/21 14:38:42.560, 5, 4, 19900
2026/05/21 14:38:42.560, 6, 7, 19930
2026/05/21 14:38:42.560, 7, 7, 13902
2026/05/21 14:38:43.163, 0, 16, 24290
2026/05/21 14:38:43.163, 1, 13, 23418
2026/05/21 14:38:43.163, 2, 15, 23418
2026/05/21 14:38:43.163, 3, 13, 23418
2026/05/21 14:38:43.164, 4, 12, 23418
2026/05/21 14:38:43.164, 5, 11, 19900
2026/05/21 14:38:43.164, 6, 14, 19930
2026/05/21 14:38:43.164, 7, 6, 13902
2026/05/21 14:38:43.749, 0, 12, 24290
2026/05/21 14:38:43.750, 1, 13, 23418
2026/05/21 14:38:43.750, 2, 14, 23418
2026/05/21 14:38:43.750, 3, 13, 23418
2026/05/21 14:38:43.750, 4, 13, 23418
2026/05/21 14:38:43.751, 5, 11, 19900
2026/05/21 14:38:43.751, 6, 10, 19930
2026/05/21 14:38:43.751, 7, 6, 13902
2026/05/21 14:38:44.328, 0, 13, 24290
2026/05/21 14:38:44.329, 1, 13, 23418
2026/05/21 14:38:44.329, 2, 13, 23418
2026/05/21 14:38:44.329, 3, 15, 23418
2026/05/21 14:38:44.330, 4, 13, 23418
2026/05/21 14:38:44.331, 5, 11, 19900
2026/05/21 14:38:44.331, 6, 11, 19930
2026/05/21 14:38:44.331, 7, 13, 13902
2026/05/21 14:38:44.910, 0, 0, 24290
2026/05/21 14:38:44.911, 1, 8, 23418
2026/05/21 14:38:44.911, 2, 6, 23418
2026/05/21 14:38:44.911, 3, 6, 23418
2026/05/21 14:38:44.912, 4, 6, 23418
2026/05/21 14:38:44.912, 5, 0, 19900
2026/05/21 14:38:44.912, 6, 0, 19930
2026/05/21 14:38:44.912, 7, 0, 13902
2026/05/21 14:38:45.505, 0, 12, 24290
2026/05/21 14:38:45.506, 1, 13, 23418
2026/05/21 14:38:45.506, 2, 13, 23418
2026/05/21 14:38:45.506, 3, 16, 23418
2026/05/21 14:38:45.506, 4, 13, 23418
2026/05/21 14:38:45.506, 5, 11, 19900
2026/05/21 14:38:45.507, 6, 10, 19930
2026/05/21 14:38:45.507, 7, 9, 13902
2026/05/21 14:38:46.092, 0, 13, 24290
2026/05/21 14:38:46.092, 1, 13, 23418
2026/05/21 14:38:46.092, 2, 13, 23418
2026/05/21 14:38:46.092, 3, 13, 23418
2026/05/21 14:38:46.092, 4, 13, 23418
2026/05/21 14:38:46.093, 5, 11, 19900
2026/05/21 14:38:46.093, 6, 13, 19930
2026/05/21 14:38:46.093, 7, 10, 13902
2026/05/21 14:38:46.660, 0, 13, 24290
2026/05/21 14:38:46.660, 1, 13, 23418
2026/05/21 14:38:46.660, 2, 13, 23418
2026/05/21 14:38:46.661, 3, 14, 23418
2026/05/21 14:38:46.661, 4, 14, 23418
2026/05/21 14:38:46.661, 5, 11, 19900
2026/05/21 14:38:46.661, 6, 11, 19930
2026/05/21 14:38:46.661, 7, 13, 13902
2026/05/21 14:38:47.254, 0, 98, 24290
2026/05/21 14:38:47.254, 1, 91, 23418
2026/05/21 14:38:47.254, 2, 91, 23418
2026/05/21 14:38:47.254, 3, 91, 23418
2026/05/21 14:38:47.255, 4, 91, 23418
2026/05/21 14:38:47.255, 5, 75, 19900
2026/05/21 14:38:47.255, 6, 75, 19930
2026/05/21 14:38:47.255, 7, 47, 13902
2026/05/21 14:38:47.841, 0, 31, 24290
2026/05/21 14:38:47.841, 1, 91, 23418
2026/05/21 14:38:47.841, 2, 96, 23418
2026/05/21 14:38:47.841, 3, 95, 23418
2026/05/21 14:38:47.842, 4, 94, 23418
2026/05/21 14:38:47.842, 5, 51, 19900
2026/05/21 14:38:47.842, 6, 55, 19930
2026/05/21 14:38:47.842, 7, 41, 13902
2026/05/21 14:38:48.406, 0, 98, 24290
2026/05/21 14:38:48.407, 1, 94, 23418
2026/05/21 14:38:48.407, 2, 94, 23418
2026/05/21 14:38:48.407, 3, 94, 23418
2026/05/21 14:38:48.407, 4, 94, 23418
2026/05/21 14:38:48.407, 5, 78, 19900
2026/05/21 14:38:48.408, 6, 77, 19930
2026/05/21 14:38:48.408, 7, 46, 13902
2026/05/21 14:38:49.013, 0, 98, 24290
2026/05/21 14:38:49.013, 1, 94, 23418
2026/05/21 14:38:49.013, 2, 94, 23418
2026/05/21 14:38:49.014, 3, 94, 23418
2026/05/21 14:38:49.014, 4, 94, 23418
2026/05/21 14:38:49.014, 5, 78, 19900
2026/05/21 14:38:49.014, 6, 77, 19930
2026/05/21 14:38:49.014, 7, 47, 13902
2026/05/21 14:38:49.580, 0, 97, 24290
2026/05/21 14:38:49.580, 1, 94, 23418
2026/05/21 14:38:49.580, 2, 94, 23418
2026/05/21 14:38:49.580, 3, 81, 23418
2026/05/21 14:38:49.581, 4, 86, 23418
2026/05/21 14:38:49.581, 5, 78, 19900
2026/05/21 14:38:49.581, 6, 78, 19930
2026/05/21 14:38:49.581, 7, 48, 13902
2026/05/21 14:38:50.165, 0, 98, 24290
2026/05/21 14:38:50.165, 1, 93, 23418
2026/05/21 14:38:50.165, 2, 93, 23418
2026/05/21 14:38:50.166, 3, 93, 23418
2026/05/21 14:38:50.166, 4, 92, 23418
2026/05/21 14:38:50.166, 5, 78, 19900
2026/05/21 14:38:50.166, 6, 77, 19930
2026/05/21 14:38:50.167, 7, 47, 13902
2026/05/21 14:38:50.765, 0, 80, 24290
2026/05/21 14:38:50.765, 1, 93, 23418
2026/05/21 14:38:50.766, 2, 93, 23418
2026/05/21 14:38:50.766, 3, 93, 23418
2026/05/21 14:38:50.766, 4, 93, 23418
2026/05/21 14:38:50.767, 5, 78, 19900
2026/05/21 14:38:50.767, 6, 67, 19930
2026/05/21 14:38:50.767, 7, 36, 13902
2026/05/21 14:38:51.364, 0, 91, 24290
2026/05/21 14:38:51.365, 1, 93, 23418
2026/05/21 14:38:51.366, 2, 93, 23418
2026/05/21 14:38:51.366, 3, 93, 23418
2026/05/21 14:38:51.367, 4, 93, 23418
2026/05/21 14:38:51.368, 5, 78, 19900
2026/05/21 14:38:51.369, 6, 77, 19930
2026/05/21 14:38:51.369, 7, 47, 13902
2026/05/21 14:38:51.950, 0, 97, 24290
2026/05/21 14:38:51.951, 1, 94, 23418
2026/05/21 14:38:51.951, 2, 94, 23418
2026/05/21 14:38:51.951, 3, 94, 23418
2026/05/21 14:38:51.951, 4, 94, 23418
2026/05/21 14:38:51.951, 5, 78, 19900
2026/05/21 14:38:51.952, 6, 77, 19930
2026/05/21 14:38:51.952, 7, 47, 13902
2026/05/21 14:38:52.561, 0, 98, 24290
2026/05/21 14:38:52.562, 1, 93, 23418
2026/05/21 14:38:52.562, 2, 85, 23418
2026/05/21 14:38:52.562, 3, 54, 23418
2026/05/21 14:38:52.562, 4, 56, 23418
2026/05/21 14:38:52.563, 5, 63, 19900
2026/05/21 14:38:52.563, 6, 61, 19930
2026/05/21 14:38:52.563, 7, 38, 13902
2026/05/21 14:38:53.148, 0, 54, 24290
2026/05/21 14:38:53.148, 1, 94, 23418
2026/05/21 14:38:53.149, 2, 92, 23418
2026/05/21 14:38:53.149, 3, 94, 23418
2026/05/21 14:38:53.149, 4, 94, 23418
2026/05/21 14:38:53.149, 5, 78, 19900
2026/05/21 14:38:53.150, 6, 77, 19930
2026/05/21 14:38:53.150, 7, 47, 13902
2026/05/21 14:38:53.719, 0, 98, 24290
2026/05/21 14:38:53.720, 1, 93, 23418
2026/05/21 14:38:53.720, 2, 94, 23418
2026/05/21 14:38:53.720, 3, 93, 23418
2026/05/21 14:38:53.721, 4, 93, 23418
2026/05/21 14:38:53.721, 5, 78, 19900
2026/05/21 14:38:53.721, 6, 76, 19930
2026/05/21 14:38:53.721, 7, 48, 13902
2026/05/21 14:38:54.318, 0, 98, 24290
2026/05/21 14:38:54.319, 1, 94, 23418
2026/05/21 14:38:54.319, 2, 94, 23418
2026/05/21 14:38:54.320, 3, 81, 23418
2026/05/21 14:38:54.321, 4, 76, 23418
2026/05/21 14:38:54.322, 5, 60, 19900
2026/05/21 14:38:54.322, 6, 59, 19930
2026/05/21 14:38:54.323, 7, 37, 13902
2026/05/21 14:38:54.924, 0, 98, 24290
2026/05/21 14:38:54.925, 1, 93, 23418
2026/05/21 14:38:54.925, 2, 93, 23418
2026/05/21 14:38:54.926, 3, 93, 23418
2026/05/21 14:38:54.926, 4, 93, 23418
2026/05/21 14:38:54.926, 5, 77, 19900
2026/05/21 14:38:54.927, 6, 76, 19930
2026/05/21 14:38:54.928, 7, 47, 13902
2026/05/21 14:38:55.523, 0, 98, 24290
2026/05/21 14:38:55.524, 1, 93, 23418
2026/05/21 14:38:55.524, 2, 93, 23418
2026/05/21 14:38:55.524, 3, 93, 23418
2026/05/21 14:38:55.525, 4, 92, 23418
2026/05/21 14:38:55.525, 5, 77, 19900
2026/05/21 14:38:55.525, 6, 77, 19930
2026/05/21 14:38:55.526, 7, 47, 13902
2026/05/21 14:38:56.125, 0, 82, 24290
2026/05/21 14:38:56.127, 1, 93, 23418
2026/05/21 14:38:56.127, 2, 93, 23418
2026/05/21 14:38:56.128, 3, 93, 23418
2026/05/21 14:38:56.128, 4, 93, 23418
2026/05/21 14:38:56.130, 5, 59, 19900
2026/05/21 14:38:56.130, 6, 59, 19930
2026/05/21 14:38:56.131, 7, 36, 13902
2026/05/21 14:38:56.712, 0, 80, 24290
2026/05/21 14:38:56.713, 1, 94, 23418
2026/05/21 14:38:56.714, 2, 93, 23418
2026/05/21 14:38:56.714, 3, 94, 23418
2026/05/21 14:38:56.715, 4, 93, 23418
2026/05/21 14:38:56.716, 5, 78, 19900
2026/05/21 14:38:56.717, 6, 77, 19930
2026/05/21 14:38:56.717, 7, 47, 13902
2026/05/21 14:38:57.313, 0, 98, 24290
2026/05/21 14:38:57.314, 1, 93, 23418
2026/05/21 14:38:57.314, 2, 93, 23418
2026/05/21 14:38:57.314, 3, 93, 23418
2026/05/21 14:38:57.314, 4, 93, 23418
2026/05/21 14:38:57.315, 5, 78, 19900
2026/05/21 14:38:57.315, 6, 77, 19930
2026/05/21 14:38:57.315, 7, 48, 13902
2026/05/21 14:38:57.938, 0, 98, 24290
2026/05/21 14:38:57.938, 1, 71, 23418
2026/05/21 14:38:57.938, 2, 71, 23418
2026/05/21 14:38:57.938, 3, 94, 23418
2026/05/21 14:38:57.939, 4, 94, 23418
2026/05/21 14:38:57.939, 5, 78, 19900
2026/05/21 14:38:57.939, 6, 68, 19930
2026/05/21 14:38:57.939, 7, 36, 13902
2026/05/21 14:38:58.544, 0, 98, 24290
2026/05/21 14:38:58.545, 1, 93, 23418
2026/05/21 14:38:58.545, 2, 93, 23418
2026/05/21 14:38:58.545, 3, 93, 23418
2026/05/21 14:38:58.545, 4, 93, 23418
2026/05/21 14:38:58.545, 5, 79, 19900
2026/05/21 14:38:58.546, 6, 77, 19930
2026/05/21 14:38:58.546, 7, 46, 13902
2026/05/21 14:38:59.114, 0, 98, 24290
2026/05/21 14:38:59.114, 1, 93, 23418
2026/05/21 14:38:59.115, 2, 93, 23418
2026/05/21 14:38:59.115, 3, 92, 23418
2026/05/21 14:38:59.115, 4, 92, 23418
2026/05/21 14:38:59.116, 5, 77, 19900
2026/05/21 14:38:59.116, 6, 76, 19930
2026/05/21 14:38:59.116, 7, 47, 13902
2026/05/21 14:38:59.710, 0, 54, 24290
2026/05/21 14:38:59.710, 1, 86, 23418
2026/05/21 14:38:59.711, 2, 78, 23418
2026/05/21 14:38:59.711, 3, 72, 23418
2026/05/21 14:38:59.711, 4, 71, 23418
2026/05/21 14:38:59.712, 5, 60, 19900
2026/05/21 14:38:59.712, 6, 77, 19930
2026/05/21 14:38:59.712, 7, 45, 13902
2026/05/21 14:39:00.320, 0, 98, 24290
2026/05/21 14:39:00.321, 1, 94, 23418
2026/05/21 14:39:00.321, 2, 94, 23418
2026/05/21 14:39:00.321, 3, 93, 23418
2026/05/21 14:39:00.321, 4, 92, 23418
2026/05/21 14:39:00.322, 5, 78, 19900
2026/05/21 14:39:00.322, 6, 76, 19930
2026/05/21 14:39:00.322, 7, 47, 13902
2026/05/21 14:39:00.919, 0, 98, 24290
2026/05/21 14:39:00.919, 1, 93, 23418
2026/05/21 14:39:00.919, 2, 93, 23418
2026/05/21 14:39:00.920, 3, 93, 23418
2026/05/21 14:39:00.920, 4, 93, 23418
2026/05/21 14:39:00.920, 5, 78, 19900
2026/05/21 14:39:00.921, 6, 77, 19930
2026/05/21 14:39:00.921, 7, 47, 13902
2026/05/21 14:39:01.498, 0, 76, 24290
2026/05/21 14:39:01.498, 1, 94, 23418
2026/05/21 14:39:01.498, 2, 93, 23418
2026/05/21 14:39:01.499, 3, 85, 23418
2026/05/21 14:39:01.499, 4, 80, 23418
2026/05/21 14:39:01.499, 5, 60, 19900
2026/05/21 14:39:01.500, 6, 59, 19930
2026/05/21 14:39:01.500, 7, 36, 13902
2026/05/21 14:39:02.073, 0, 98, 24290
2026/05/21 14:39:02.073, 1, 93, 23418
2026/05/21 14:39:02.073, 2, 93, 23418
2026/05/21 14:39:02.074, 3, 93, 23418
2026/05/21 14:39:02.074, 4, 93, 23418
2026/05/21 14:39:02.074, 5, 77, 19900
2026/05/21 14:39:02.074, 6, 77, 19930
2026/05/21 14:39:02.075, 7, 47, 13902
2026/05/21 14:39:02.714, 0, 98, 24290
2026/05/21 14:39:02.715, 1, 94, 23418
2026/05/21 14:39:02.715, 2, 94, 23418
2026/05/21 14:39:02.715, 3, 94, 23418
2026/05/21 14:39:02.715, 4, 93, 23418
2026/05/21 14:39:02.716, 5, 78, 19900
2026/05/21 14:39:02.716, 6, 77, 19930
2026/05/21 14:39:02.716, 7, 47, 13902
2026/05/21 14:39:03.344, 0, 0, 24290
2026/05/21 14:39:03.344, 1, 0, 23418
2026/05/21 14:39:03.345, 2, 0, 23418
2026/05/21 14:39:03.345, 3, 0, 23418
2026/05/21 14:39:03.345, 4, 0, 23418
2026/05/21 14:39:03.345, 5, 0, 19900
2026/05/21 14:39:03.345, 6, 7, 19930
2026/05/21 14:39:03.346, 7, 83, 13902
2026/05/21 14:39:03.928, 0, 98, 24290
2026/05/21 14:39:03.928, 1, 93, 23418
2026/05/21 14:39:03.929, 2, 93, 23418
2026/05/21 14:39:03.929, 3, 93, 23418
2026/05/21 14:39:03.929, 4, 93, 23418
2026/05/21 14:39:03.929, 5, 78, 19900
2026/05/21 14:39:03.930, 6, 77, 19930
2026/05/21 14:39:03.930, 7, 47, 13902
2026/05/21 14:39:04.521, 0, 0, 24290
2026/05/21 14:39:04.521, 1, 4, 23418
2026/05/21 14:39:04.522, 2, 0, 23418
2026/05/21 14:39:04.522, 3, 0, 23418
2026/05/21 14:39:04.522, 4, 0, 23418
2026/05/21 14:39:04.523, 5, 0, 19900
2026/05/21 14:39:04.523, 6, 0, 19930
2026/05/21 14:39:04.523, 7, 89, 13902
2026/05/21 14:39:05.139, 0, 98, 24290
2026/05/21 14:39:05.139, 1, 93, 23418
2026/05/21 14:39:05.140, 2, 93, 23418
2026/05/21 14:39:05.140, 3, 94, 23418
2026/05/21 14:39:05.140, 4, 93, 23418
2026/05/21 14:39:05.140, 5, 78, 19900
2026/05/21 14:39:05.141, 6, 77, 19930
2026/05/21 14:39:05.141, 7, 47, 13902
2026/05/21 14:39:05.762, 0, 71, 24290
2026/05/21 14:39:05.762, 1, 9, 23418
2026/05/21 14:39:05.763, 2, 1, 23418
2026/05/21 14:39:05.763, 3, 0, 23418
2026/05/21 14:39:05.763, 4, 0, 23418
2026/05/21 14:39:05.763, 5, 36, 19900
2026/05/21 14:39:05.763, 6, 25, 19930
2026/05/21 14:39:05.764, 7, 66, 13902
2026/05/21 14:39:06.355, 0, 98, 24290
2026/05/21 14:39:06.355, 1, 93, 23418
2026/05/21 14:39:06.356, 2, 93, 23418
2026/05/21 14:39:06.356, 3, 94, 23418
2026/05/21 14:39:06.356, 4, 93, 23418
2026/05/21 14:39:06.356, 5, 78, 19900
2026/05/21 14:39:06.357, 6, 77, 19930
2026/05/21 14:39:06.357, 7, 47, 13902
2026/05/21 14:39:06.944, 0, 85, 24290
2026/05/21 14:39:06.945, 1, 23, 23418
2026/05/21 14:39:06.945, 2, 14, 23418
2026/05/21 14:39:06.945, 3, 1, 23418
2026/05/21 14:39:06.945, 4, 0, 23418
2026/05/21 14:39:06.946, 5, 47, 19900
2026/05/21 14:39:06.946, 6, 36, 19930
2026/05/21 14:39:06.946, 7, 58, 13902
2026/05/21 14:39:07.535, 0, 98, 24290
2026/05/21 14:39:07.535, 1, 93, 23418
2026/05/21 14:39:07.536, 2, 93, 23418
2026/05/21 14:39:07.536, 3, 93, 23418
2026/05/21 14:39:07.536, 4, 92, 23418
2026/05/21 14:39:07.536, 5, 77, 19900
2026/05/21 14:39:07.537, 6, 76, 19930
2026/05/21 14:39:07.537, 7, 47, 13902
2026/05/21 14:39:08.127, 0, 97, 24290
2026/05/21 14:39:08.127, 1, 34, 23418
2026/05/21 14:39:08.127, 2, 26, 23418
2026/05/21 14:39:08.128, 3, 13, 23418
2026/05/21 14:39:08.128, 4, 7, 23418
2026/05/21 14:39:08.128, 5, 56, 19900
2026/05/21 14:39:08.129, 6, 46, 19930
2026/05/21 14:39:08.129, 7, 51, 13902
2026/05/21 14:39:08.722, 0, 98, 24290
2026/05/21 14:39:08.723, 1, 94, 23418
2026/05/21 14:39:08.723, 2, 94, 23418
2026/05/21 14:39:08.723, 3, 94, 23418
2026/05/21 14:39:08.724, 4, 93, 23418
2026/05/21 14:39:08.724, 5, 78, 19900
2026/05/21 14:39:08.724, 6, 76, 19930
2026/05/21 14:39:08.725, 7, 47, 13902
2026/05/21 14:39:09.317, 0, 98, 24290
2026/05/21 14:39:09.317, 1, 45, 23418
2026/05/21 14:39:09.318, 2, 38, 23418
2026/05/21 14:39:09.318, 3, 93, 23418
2026/05/21 14:39:09.318, 4, 92, 23418
2026/05/21 14:39:09.318, 5, 66, 19900
2026/05/21 14:39:09.319, 6, 55, 19930
2026/05/21 14:39:09.319, 7, 45, 13902
2026/05/21 14:39:09.915, 0, 98, 24290
2026/05/21 14:39:09.916, 1, 93, 23418
2026/05/21 14:39:09.917, 2, 93, 23418
2026/05/21 14:39:09.917, 3, 93, 23418
2026/05/21 14:39:09.918, 4, 92, 23418
2026/05/21 14:39:09.918, 5, 78, 19900
2026/05/21 14:39:09.918, 6, 77, 19930
2026/05/21 14:39:09.919, 7, 47, 13902
2026/05/21 14:39:10.515, 0, 98, 24290
2026/05/21 14:39:10.516, 1, 93, 23418
2026/05/21 14:39:10.516, 2, 93, 23418
2026/05/21 14:39:10.516, 3, 94, 23418
2026/05/21 14:39:10.517, 4, 93, 23418
2026/05/21 14:39:10.517, 5, 70, 19900
2026/05/21 14:39:10.517, 6, 59, 19930
2026/05/21 14:39:10.517, 7, 44, 13902
2026/05/21 14:39:11.114, 0, 61, 24290
2026/05/21 14:39:11.114, 1, 94, 23418
2026/05/21 14:39:11.115, 2, 94, 23418
2026/05/21 14:39:11.115, 3, 93, 23418
2026/05/21 14:39:11.115, 4, 93, 23418
2026/05/21 14:39:11.115, 5, 78, 19900
2026/05/21 14:39:11.115, 6, 77, 19930
2026/05/21 14:39:11.116, 7, 47, 13902
2026/05/21 14:39:11.703, 0, 98, 24290
2026/05/21 14:39:11.703, 1, 93, 23418
2026/05/21 14:39:11.704, 2, 94, 23418
2026/05/21 14:39:11.704, 3, 93, 23418
2026/05/21 14:39:11.704, 4, 93, 23418
2026/05/21 14:39:11.704, 5, 78, 19900
2026/05/21 14:39:11.705, 6, 68, 19930
2026/05/21 14:39:11.705, 7, 37, 13902
2026/05/21 14:39:12.288, 0, 50, 24290
2026/05/21 14:39:12.288, 1, 93, 23418
2026/05/21 14:39:12.288, 2, 93, 23418
2026/05/21 14:39:12.289, 3, 93, 23418
2026/05/21 14:39:12.289, 4, 93, 23418
2026/05/21 14:39:12.289, 5, 78, 19900
2026/05/21 14:39:12.289, 6, 77, 19930
2026/05/21 14:39:12.290, 7, 47, 13902
2026/05/21 14:39:12.863, 0, 98, 24290
2026/05/21 14:39:12.863, 1, 86, 23418
2026/05/21 14:39:12.863, 2, 93, 23418
2026/05/21 14:39:12.863, 3, 94, 23418
2026/05/21 14:39:12.863, 4, 94, 23418
2026/05/21 14:39:12.864, 5, 70, 19900
2026/05/21 14:39:12.864, 6, 68, 19930
2026/05/21 14:39:12.864, 7, 33, 13902
2026/05/21 14:39:13.478, 0, 40, 24290
2026/05/21 14:39:13.478, 1, 93, 23418
2026/05/21 14:39:13.478, 2, 92, 23418
2026/05/21 14:39:13.479, 3, 93, 23418
2026/05/21 14:39:13.479, 4, 93, 23418
2026/05/21 14:39:13.479, 5, 78, 19900
2026/05/21 14:39:13.479, 6, 76, 19930
2026/05/21 14:39:13.480, 7, 47, 13902
2026/05/21 14:39:14.049, 0, 97, 24290
2026/05/21 14:39:14.050, 1, 83, 23418
2026/05/21 14:39:14.050, 2, 93, 23418
2026/05/21 14:39:14.050, 3, 92, 23418
2026/05/21 14:39:14.050, 4, 89, 23418
2026/05/21 14:39:14.051, 5, 73, 19900
2026/05/21 14:39:14.051, 6, 61, 19930
2026/05/21 14:39:14.051, 7, 35, 13902
2026/05/21 14:39:14.620, 0, 98, 24290
2026/05/21 14:39:14.620, 1, 94, 23418
2026/05/21 14:39:14.620, 2, 93, 23418
2026/05/21 14:39:14.621, 3, 93, 23418
2026/05/21 14:39:14.621, 4, 93, 23418
2026/05/21 14:39:14.621, 5, 78, 19900
2026/05/21 14:39:14.621, 6, 76, 19930
2026/05/21 14:39:14.622, 7, 48, 13902
2026/05/21 14:39:15.209, 0, 98, 24290
2026/05/21 14:39:15.209, 1, 87, 23418
2026/05/21 14:39:15.210, 2, 92, 23418
2026/05/21 14:39:15.210, 3, 92, 23418
2026/05/21 14:39:15.210, 4, 91, 23418
2026/05/21 14:39:15.211, 5, 72, 19900
2026/05/21 14:39:15.211, 6, 61, 19930
2026/05/21 14:39:15.211, 7, 41, 13902
2026/05/21 14:39:15.784, 0, 98, 24290
2026/05/21 14:39:15.784, 1, 95, 23418
2026/05/21 14:39:15.784, 2, 94, 23418
2026/05/21 14:39:15.785, 3, 94, 23418
2026/05/21 14:39:15.785, 4, 93, 23418
2026/05/21 14:39:15.785, 5, 79, 19900
2026/05/21 14:39:15.785, 6, 77, 19930
2026/05/21 14:39:15.786, 7, 47, 13902
2026/05/21 14:39:16.375, 0, 98, 24290
2026/05/21 14:39:16.376, 1, 93, 23418
2026/05/21 14:39:16.376, 2, 94, 23418
2026/05/21 14:39:16.376, 3, 94, 23418
2026/05/21 14:39:16.378, 4, 93, 23418
2026/05/21 14:39:16.378, 5, 78, 19900
2026/05/21 14:39:16.378, 6, 68, 19930
2026/05/21 14:39:16.379, 7, 37, 13902
2026/05/21 14:39:16.977, 0, 49, 24290
2026/05/21 14:39:16.977, 1, 94, 23418
2026/05/21 14:39:16.977, 2, 93, 23418
2026/05/21 14:39:16.978, 3, 93, 23418
2026/05/21 14:39:16.978, 4, 93, 23418
2026/05/21 14:39:16.978, 5, 78, 19900
2026/05/21 14:39:16.978, 6, 77, 19930
2026/05/21 14:39:16.979, 7, 47, 13902
2026/05/21 14:39:17.573, 0, 98, 24290
2026/05/21 14:39:17.574, 1, 93, 23418
2026/05/21 14:39:17.574, 2, 93, 23418
2026/05/21 14:39:17.576, 3, 94, 23418
2026/05/21 14:39:17.576, 4, 93, 23418
2026/05/21 14:39:17.576, 5, 78, 19900
2026/05/21 14:39:17.576, 6, 74, 19930
2026/05/21 14:39:17.578, 7, 47, 13902
2026/05/21 14:39:18.154, 0, 42, 24290
2026/05/21 14:39:18.155, 1, 95, 23418
2026/05/21 14:39:18.156, 2, 93, 23418
2026/05/21 14:39:18.156, 3, 93, 23418
2026/05/21 14:39:18.157, 4, 93, 23418
2026/05/21 14:39:18.158, 5, 79, 19900
2026/05/21 14:39:18.158, 6, 78, 19930
2026/05/21 14:39:18.159, 7, 47, 13902
2026/05/21 14:39:18.741, 0, 98, 24290
2026/05/21 14:39:18.741, 1, 94, 23418
2026/05/21 14:39:18.742, 2, 93, 23418
2026/05/21 14:39:18.742, 3, 93, 23418
2026/05/21 14:39:18.744, 4, 93, 23418
2026/05/21 14:39:18.744, 5, 78, 19900
2026/05/21 14:39:18.745, 6, 77, 19930
2026/05/21 14:39:18.746, 7, 42, 13902
2026/05/21 14:39:19.325, 0, 37, 24290
2026/05/21 14:39:19.326, 1, 94, 23418
2026/05/21 14:39:19.326, 2, 94, 23418
2026/05/21 14:39:19.326, 3, 94, 23418
2026/05/21 14:39:19.327, 4, 93, 23418
2026/05/21 14:39:19.327, 5, 79, 19900
2026/05/21 14:39:19.327, 6, 78, 19930
2026/05/21 14:39:19.327, 7, 48, 13902
2026/05/21 14:39:19.914, 0, 98, 24290
2026/05/21 14:39:19.915, 1, 93, 23418
2026/05/21 14:39:19.915, 2, 93, 23418
2026/05/21 14:39:19.915, 3, 93, 23418
2026/05/21 14:39:19.915, 4, 92, 23418
2026/05/21 14:39:19.916, 5, 78, 19900
2026/05/21 14:39:19.916, 6, 77, 19930
2026/05/21 14:39:19.916, 7, 44, 13902
2026/05/21 14:39:20.503, 0, 33, 24290
2026/05/21 14:39:20.504, 1, 82, 23418
2026/05/21 14:39:20.504, 2, 95, 23418
2026/05/21 14:39:20.504, 3, 94, 23418
2026/05/21 14:39:20.504, 4, 94, 23418
2026/05/21 14:39:20.505, 5, 70, 19900
2026/05/21 14:39:20.505, 6, 73, 19930
2026/05/21 14:39:20.505, 7, 47, 13902
2026/05/21 14:39:21.068, 0, 0, 24290
2026/05/21 14:39:21.068, 1, 0, 23418
2026/05/21 14:39:21.069, 2, 0, 23418
2026/05/21 14:39:21.069, 3, 0, 23418
2026/05/21 14:39:21.069, 4, 0, 23418
2026/05/21 14:39:21.069, 5, 0, 19900
2026/05/21 14:39:21.070, 6, 0, 19930
2026/05/21 14:39:21.070, 7, 0, 13902
