2026/05/22 15:50:12.279, 0, 0, 0
2026/05/22 15:50:12.280, 1, 0, 0
2026/05/22 15:50:12.280, 2, 0, 0
2026/05/22 15:50:12.281, 3, 0, 0
2026/05/22 15:50:12.281, 4, 0, 0
2026/05/22 15:50:12.281, 5, 0, 0
2026/05/22 15:50:12.282, 6, 0, 0
2026/05/22 15:50:12.282, 7, 0, 0
2026/05/22 15:50:13.169, 0, 0, 4
2026/05/22 15:50:13.169, 1, 0, 4
2026/05/22 15:50:13.175, 2, 0, 4
2026/05/22 15:50:13.176, 3, 0, 1
2026/05/22 15:50:13.176, 4, 0, 0
2026/05/22 15:50:13.176, 5, 0, 0
2026/05/22 15:50:13.177, 6, 0, 0
2026/05/22 15:50:13.177, 7, 0, 0
2026/05/22 15:50:14.377, 0, 0, 16
2026/05/22 15:50:14.386, 1, 0, 16
2026/05/22 15:50:14.394, 2, 0, 16
2026/05/22 15:50:14.399, 3, 0, 16
2026/05/22 15:50:14.400, 4, 0, 16
2026/05/22 15:50:14.401, 5, 0, 16
2026/05/22 15:50:14.403, 6, 0, 16
2026/05/22 15:50:14.409, 7, 0, 16
2026/05/22 15:50:15.128, 0, 1, 21794
2026/05/22 15:50:15.129, 1, 0, 312
2026/05/22 15:50:15.129, 2, 0, 312
2026/05/22 15:50:15.130, 3, 4, 312
2026/05/22 15:50:15.130, 4, 0, 312
2026/05/22 15:50:15.131, 5, 0, 17406
2026/05/22 15:50:15.132, 6, 0, 312
2026/05/22 15:50:15.133, 7, 1, 11582
2026/05/22 15:50:15.731, 0, 26, 21794
2026/05/22 15:50:15.732, 1, 16, 20812
2026/05/22 15:50:15.732, 2, 3, 20812
2026/05/22 15:50:15.732, 3, 23, 20812
2026/05/22 15:50:15.732, 4, 29, 20812
2026/05/22 15:50:15.733, 5, 46, 17406
2026/05/22 15:50:15.733, 6, 25, 17386
2026/05/22 15:50:15.733, 7, 30, 11582
2026/05/22 15:50:16.338, 0, 2, 21794
2026/05/22 15:50:16.338, 1, 2, 20812
2026/05/22 15:50:16.338, 2, 2, 20812
2026/05/22 15:50:16.338, 3, 3, 20812
2026/05/22 15:50:16.339, 4, 29, 20812
2026/05/22 15:50:16.339, 5, 3, 17406
2026/05/22 15:50:16.339, 6, 2, 17386
2026/05/22 15:50:16.339, 7, 2, 11582
2026/05/22 15:50:16.937, 0, 2, 21794
2026/05/22 15:50:16.937, 1, 2, 20812
2026/05/22 15:50:16.938, 2, 2, 20812
2026/05/22 15:50:16.938, 3, 2, 20812
2026/05/22 15:50:16.939, 4, 2, 20812
2026/05/22 15:50:16.939, 5, 2, 17406
2026/05/22 15:50:16.939, 6, 2, 17386
2026/05/22 15:50:16.940, 7, 2, 11582
2026/05/22 15:50:17.538, 0, 3, 21794
2026/05/22 15:50:17.539, 1, 2, 20812
2026/05/22 15:50:17.539, 2, 2, 20812
2026/05/22 15:50:17.540, 3, 2, 20812
2026/05/22 15:50:17.540, 4, 5, 20812
2026/05/22 15:50:17.540, 5, 4, 17406
2026/05/22 15:50:17.540, 6, 2, 17386
2026/05/22 15:50:17.540, 7, 3, 11582
2026/05/22 15:50:18.126, 0, 2, 21794
2026/05/22 15:50:18.126, 1, 2, 20812
2026/05/22 15:50:18.126, 2, 2, 20812
2026/05/22 15:50:18.127, 3, 2, 20812
2026/05/22 15:50:18.127, 4, 2, 20812
2026/05/22 15:50:18.127, 5, 2, 17406
2026/05/22 15:50:18.127, 6, 2, 17386
2026/05/22 15:50:18.128, 7, 2, 11582
2026/05/22 15:50:18.740, 0, 2, 21794
2026/05/22 15:50:18.740, 1, 2, 20812
2026/05/22 15:50:18.740, 2, 2, 20812
2026/05/22 15:50:18.741, 3, 2, 20812
2026/05/22 15:50:18.741, 4, 2, 20812
2026/05/22 15:50:18.741, 5, 2, 17406
2026/05/22 15:50:18.742, 6, 2, 17386
2026/05/22 15:50:18.742, 7, 2, 11582
2026/05/22 15:50:19.339, 0, 2, 21794
2026/05/22 15:50:19.340, 1, 2, 20812
2026/05/22 15:50:19.340, 2, 2, 20812
2026/05/22 15:50:19.341, 3, 2, 20812
2026/05/22 15:50:19.341, 4, 3, 20812
2026/05/22 15:50:19.341, 5, 2, 17406
2026/05/22 15:50:19.342, 6, 2, 17386
2026/05/22 15:50:19.342, 7, 2, 11582
2026/05/22 15:50:19.946, 0, 2, 21794
2026/05/22 15:50:19.946, 1, 2, 20812
2026/05/22 15:50:19.946, 2, 2, 20812
2026/05/22 15:50:19.947, 3, 2, 20812
2026/05/22 15:50:19.947, 4, 2, 20812
2026/05/22 15:50:19.947, 5, 2, 17406
2026/05/22 15:50:19.947, 6, 2, 17386
2026/05/22 15:50:19.947, 7, 2, 11582
2026/05/22 15:50:20.541, 0, 2, 21794
2026/05/22 15:50:20.542, 1, 2, 20812
2026/05/22 15:50:20.542, 2, 2, 20812
2026/05/22 15:50:20.543, 3, 2, 20812
2026/05/22 15:50:20.543, 4, 2, 20812
2026/05/22 15:50:20.543, 5, 2, 17406
2026/05/22 15:50:20.543, 6, 2, 17386
2026/05/22 15:50:20.544, 7, 2, 11582
2026/05/22 15:50:21.135, 0, 2, 21794
2026/05/22 15:50:21.136, 1, 3, 20812
2026/05/22 15:50:21.136, 2, 2, 20812
2026/05/22 15:50:21.136, 3, 2, 20812
2026/05/22 15:50:21.137, 4, 2, 20812
2026/05/22 15:50:21.137, 5, 2, 17406
2026/05/22 15:50:21.137, 6, 2, 17386
2026/05/22 15:50:21.137, 7, 2, 11582
2026/05/22 15:50:21.724, 0, 2, 21794
2026/05/22 15:50:21.724, 1, 2, 20812
2026/05/22 15:50:21.724, 2, 2, 20812
2026/05/22 15:50:21.724, 3, 2, 20812
2026/05/22 15:50:21.725, 4, 2, 20812
2026/05/22 15:50:21.725, 5, 2, 17406
2026/05/22 15:50:21.725, 6, 2, 17386
2026/05/22 15:50:21.725, 7, 2, 11582
2026/05/22 15:50:22.310, 0, 2, 21794
2026/05/22 15:50:22.310, 1, 2, 20812
2026/05/22 15:50:22.310, 2, 2, 20812
2026/05/22 15:50:22.311, 3, 2, 20812
2026/05/22 15:50:22.311, 4, 2, 20812
2026/05/22 15:50:22.311, 5, 2, 17406
2026/05/22 15:50:22.311, 6, 2, 17386
2026/05/22 15:50:22.311, 7, 2, 11582
2026/05/22 15:50:22.908, 0, 2, 21794
2026/05/22 15:50:22.909, 1, 2, 20812
2026/05/22 15:50:22.909, 2, 2, 20812
2026/05/22 15:50:22.909, 3, 2, 20812
2026/05/22 15:50:22.910, 4, 2, 20812
2026/05/22 15:50:22.910, 5, 2, 17406
2026/05/22 15:50:22.910, 6, 2, 17386
2026/05/22 15:50:22.911, 7, 2, 11582
2026/05/22 15:50:23.530, 0, 2, 21794
2026/05/22 15:50:23.531, 1, 2, 20812
2026/05/22 15:50:23.531, 2, 2, 20812
2026/05/22 15:50:23.531, 3, 2, 20812
2026/05/22 15:50:23.531, 4, 2, 20812
2026/05/22 15:50:23.532, 5, 2, 17406
2026/05/22 15:50:23.532, 6, 2, 17386
2026/05/22 15:50:23.532, 7, 2, 11582
2026/05/22 15:50:24.135, 0, 2, 21794
2026/05/22 15:50:24.135, 1, 2, 20812
2026/05/22 15:50:24.135, 2, 2, 20812
2026/05/22 15:50:24.136, 3, 2, 20812
2026/05/22 15:50:24.136, 4, 2, 20812
2026/05/22 15:50:24.136, 5, 2, 17406
2026/05/22 15:50:24.136, 6, 2, 17386
2026/05/22 15:50:24.137, 7, 20, 11582
2026/05/22 15:50:24.744, 0, 2, 21794
2026/05/22 15:50:24.744, 1, 2, 20812
2026/05/22 15:50:24.744, 2, 2, 20812
2026/05/22 15:50:24.744, 3, 2, 20812
2026/05/22 15:50:24.745, 4, 3, 20812
2026/05/22 15:50:24.745, 5, 2, 17406
2026/05/22 15:50:24.745, 6, 2, 17386
2026/05/22 15:50:24.745, 7, 2, 11582
2026/05/22 15:50:25.330, 0, 2, 21794
2026/05/22 15:50:25.330, 1, 2, 20812
2026/05/22 15:50:25.330, 2, 2, 20812
2026/05/22 15:50:25.331, 3, 2, 20812
2026/05/22 15:50:25.331, 4, 2, 20812
2026/05/22 15:50:25.331, 5, 2, 17406
2026/05/22 15:50:25.332, 6, 2, 17386
2026/05/22 15:50:25.332, 7, 2, 11582
2026/05/22 15:50:25.902, 0, 2, 21794
2026/05/22 15:50:25.902, 1, 2, 20812
2026/05/22 15:50:25.902, 2, 2, 20812
2026/05/22 15:50:25.902, 3, 2, 20812
2026/05/22 15:50:25.903, 4, 2, 20812
2026/05/22 15:50:25.903, 5, 3, 17406
2026/05/22 15:50:25.903, 6, 2, 17386
2026/05/22 15:50:25.903, 7, 2, 11582
2026/05/22 15:50:26.490, 0, 2, 21794
2026/05/22 15:50:26.490, 1, 2, 20812
2026/05/22 15:50:26.490, 2, 2, 20812
2026/05/22 15:50:26.491, 3, 2, 20812
2026/05/22 15:50:26.491, 4, 2, 20812
2026/05/22 15:50:26.491, 5, 2, 17406
2026/05/22 15:50:26.492, 6, 2, 17386
2026/05/22 15:50:26.492, 7, 2, 11582
2026/05/22 15:50:27.068, 0, 2, 21794
2026/05/22 15:50:27.068, 1, 2, 20812
2026/05/22 15:50:27.068, 2, 2, 20812
2026/05/22 15:50:27.069, 3, 2, 20812
2026/05/22 15:50:27.069, 4, 2, 20812
2026/05/22 15:50:27.069, 5, 2, 17406
2026/05/22 15:50:27.070, 6, 2, 17386
2026/05/22 15:50:27.070, 7, 2, 11582
2026/05/22 15:50:27.694, 0, 2, 21794
2026/05/22 15:50:27.695, 1, 2, 20812
2026/05/22 15:50:27.695, 2, 2, 20812
2026/05/22 15:50:27.696, 3, 2, 20812
2026/05/22 15:50:27.696, 4, 3, 20812
2026/05/22 15:50:27.697, 5, 3, 17406
2026/05/22 15:50:27.697, 6, 2, 17386
2026/05/22 15:50:27.698, 7, 2, 11582
2026/05/22 15:50:28.320, 0, 2, 21794
2026/05/22 15:50:28.320, 1, 2, 20812
2026/05/22 15:50:28.320, 2, 2, 20812
2026/05/22 15:50:28.321, 3, 2, 20812
2026/05/22 15:50:28.321, 4, 2, 20812
2026/05/22 15:50:28.321, 5, 2, 17406
2026/05/22 15:50:28.321, 6, 2, 17386
2026/05/22 15:50:28.322, 7, 2, 11582
2026/05/22 15:50:28.910, 0, 2, 21794
2026/05/22 15:50:28.910, 1, 2, 20812
2026/05/22 15:50:28.910, 2, 2, 20812
2026/05/22 15:50:28.911, 3, 2, 20812
2026/05/22 15:50:28.911, 4, 2, 20812
2026/05/22 15:50:28.911, 5, 2, 17406
2026/05/22 15:50:28.911, 6, 2, 17386
2026/05/22 15:50:28.911, 7, 2, 11582
2026/05/22 15:50:29.515, 0, 2, 21794
2026/05/22 15:50:29.515, 1, 2, 20812
2026/05/22 15:50:29.516, 2, 2, 20812
2026/05/22 15:50:29.516, 3, 3, 20812
2026/05/22 15:50:29.516, 4, 2, 20812
2026/05/22 15:50:29.516, 5, 2, 17406
2026/05/22 15:50:29.516, 6, 2, 17386
2026/05/22 15:50:29.517, 7, 2, 11582
2026/05/22 15:50:30.112, 0, 2, 21794
2026/05/22 15:50:30.112, 1, 2, 20812
2026/05/22 15:50:30.112, 2, 2, 20812
2026/05/22 15:50:30.113, 3, 2, 20812
2026/05/22 15:50:30.113, 4, 2, 20812
2026/05/22 15:50:30.113, 5, 2, 17406
2026/05/22 15:50:30.113, 6, 2, 17386
2026/05/22 15:50:30.114, 7, 3, 11582
2026/05/22 15:50:30.707, 0, 2, 21794
2026/05/22 15:50:30.707, 1, 2, 20812
2026/05/22 15:50:30.707, 2, 2, 20812
2026/05/22 15:50:30.708, 3, 2, 20812
2026/05/22 15:50:30.708, 4, 2, 20812
2026/05/22 15:50:30.708, 5, 2, 17406
2026/05/22 15:50:30.708, 6, 2, 17386
2026/05/22 15:50:30.708, 7, 2, 11582
2026/05/22 15:50:31.281, 0, 3, 21794
2026/05/22 15:50:31.282, 1, 3, 20812
2026/05/22 15:50:31.282, 2, 2, 20812
2026/05/22 15:50:31.282, 3, 2, 20812
2026/05/22 15:50:31.282, 4, 2, 20812
2026/05/22 15:50:31.283, 5, 3, 17406
2026/05/22 15:50:31.283, 6, 3, 17386
2026/05/22 15:50:31.283, 7, 8, 11582
2026/05/22 15:50:31.907, 0, 2, 21794
2026/05/22 15:50:31.907, 1, 3, 20812
2026/05/22 15:50:31.908, 2, 2, 20812
2026/05/22 15:50:31.908, 3, 3, 20812
2026/05/22 15:50:31.909, 4, 2, 20812
2026/05/22 15:50:31.909, 5, 3, 17406
2026/05/22 15:50:31.910, 6, 3, 17386
2026/05/22 15:50:31.910, 7, 2, 11582
2026/05/22 15:50:32.510, 0, 2, 21794
2026/05/22 15:50:32.510, 1, 2, 20812
2026/05/22 15:50:32.511, 2, 2, 20812
2026/05/22 15:50:32.511, 3, 2, 20812
2026/05/22 15:50:32.511, 4, 2, 20812
2026/05/22 15:50:32.511, 5, 2, 17406
2026/05/22 15:50:32.512, 6, 2, 17386
2026/05/22 15:50:32.512, 7, 2, 11582
2026/05/22 15:50:33.079, 0, 4, 21794
2026/05/22 15:50:33.079, 1, 3, 20812
2026/05/22 15:50:33.080, 2, 3, 20812
2026/05/22 15:50:33.080, 3, 7, 20812
2026/05/22 15:50:33.080, 4, 16, 20812
2026/05/22 15:50:33.080, 5, 3, 17406
2026/05/22 15:50:33.080, 6, 3, 17386
2026/05/22 15:50:33.080, 7, 4, 11582
2026/05/22 15:50:33.690, 0, 2, 21794
2026/05/22 15:50:33.690, 1, 2, 20812
2026/05/22 15:50:33.691, 2, 2, 20812
2026/05/22 15:50:33.691, 3, 2, 20812
2026/05/22 15:50:33.691, 4, 2, 20812
2026/05/22 15:50:33.691, 5, 2, 17406
2026/05/22 15:50:33.691, 6, 3, 17386
2026/05/22 15:50:33.692, 7, 10, 11582
2026/05/22 15:50:34.265, 0, 3, 21794
2026/05/22 15:50:34.265, 1, 3, 20812
2026/05/22 15:50:34.265, 2, 2, 20812
2026/05/22 15:50:34.266, 3, 12, 20812
2026/05/22 15:50:34.266, 4, 3, 20812
2026/05/22 15:50:34.266, 5, 14, 17406
2026/05/22 15:50:34.266, 6, 3, 17386
2026/05/22 15:50:34.267, 7, 17, 11582
2026/05/22 15:50:34.894, 0, 10, 21794
2026/05/22 15:50:34.894, 1, 3, 20812
2026/05/22 15:50:34.895, 2, 16, 20812
2026/05/22 15:50:34.895, 3, 6, 20812
2026/05/22 15:50:34.895, 4, 3, 20812
2026/05/22 15:50:34.896, 5, 14, 17406
2026/05/22 15:50:34.896, 6, 3, 17386
2026/05/22 15:50:34.896, 7, 10, 11582
2026/05/22 15:50:35.498, 0, 8, 21794
2026/05/22 15:50:35.498, 1, 3, 20812
2026/05/22 15:50:35.498, 2, 3, 20812
2026/05/22 15:50:35.499, 3, 3, 20812
2026/05/22 15:50:35.499, 4, 3, 20812
2026/05/22 15:50:35.499, 5, 3, 17406
2026/05/22 15:50:35.499, 6, 12, 17386
2026/05/22 15:50:35.500, 7, 3, 11582
2026/05/22 15:50:36.092, 0, 13, 21794
2026/05/22 15:50:36.092, 1, 3, 20812
2026/05/22 15:50:36.092, 2, 3, 20812
2026/05/22 15:50:36.093, 3, 3, 20812
2026/05/22 15:50:36.093, 4, 2, 20812
2026/05/22 15:50:36.093, 5, 2, 17406
2026/05/22 15:50:36.093, 6, 6, 17386
2026/05/22 15:50:36.093, 7, 4, 11582
2026/05/22 15:50:36.685, 0, 14, 21794
2026/05/22 15:50:36.685, 1, 4, 20812
2026/05/22 15:50:36.686, 2, 3, 20812
2026/05/22 15:50:36.686, 3, 3, 20812
2026/05/22 15:50:36.686, 4, 3, 20812
2026/05/22 15:50:36.686, 5, 24, 17406
2026/05/22 15:50:36.687, 6, 10, 17386
2026/05/22 15:50:36.687, 7, 4, 11582
2026/05/22 15:50:37.392, 0, 4, 21794
2026/05/22 15:50:37.392, 1, 1, 20812
2026/05/22 15:50:37.392, 2, 1, 20812
2026/05/22 15:50:37.393, 3, 1, 20812
2026/05/22 15:50:37.393, 4, 1, 20812
2026/05/22 15:50:37.393, 5, 0, 17406
2026/05/22 15:50:37.393, 6, 1, 17386
2026/05/22 15:50:37.393, 7, 1, 11582
2026/05/22 15:50:37.965, 0, 6, 21794
2026/05/22 15:50:37.966, 1, 3, 20812
2026/05/22 15:50:37.966, 2, 2, 20812
2026/05/22 15:50:37.966, 3, 3, 20812
2026/05/22 15:50:37.966, 4, 3, 20812
2026/05/22 15:50:37.967, 5, 2, 17406
2026/05/22 15:50:37.967, 6, 2, 17386
2026/05/22 15:50:37.967, 7, 7, 11582
2026/05/22 15:50:38.562, 0, 2, 21794
2026/05/22 15:50:38.630, 1, 4, 20812
2026/05/22 15:50:38.630, 2, 3, 20812
2026/05/22 15:50:38.630, 3, 2, 20812
2026/05/22 15:50:38.630, 4, 34, 20812
2026/05/22 15:50:38.631, 5, 5, 17406
2026/05/22 15:50:38.631, 6, 4, 17386
2026/05/22 15:50:38.631, 7, 4, 11582
2026/05/22 15:50:39.283, 0, 9, 21794
2026/05/22 15:50:39.284, 1, 3, 20812
2026/05/22 15:50:39.284, 2, 2, 20812
2026/05/22 15:50:39.285, 3, 3, 20812
2026/05/22 15:50:39.285, 4, 3, 20812
2026/05/22 15:50:39.285, 5, 2, 17406
2026/05/22 15:50:39.286, 6, 23, 17386
2026/05/22 15:50:39.286, 7, 3, 11582
2026/05/22 15:50:39.852, 0, 23, 21794
2026/05/22 15:50:39.852, 1, 5, 20812
2026/05/22 15:50:39.852, 2, 3, 20812
2026/05/22 15:50:39.853, 3, 3, 20812
2026/05/22 15:50:39.853, 4, 3, 20812
2026/05/22 15:50:39.853, 5, 3, 17406
2026/05/22 15:50:39.853, 6, 4, 17386
2026/05/22 15:50:39.853, 7, 4, 11582
2026/05/22 15:50:40.437, 0, 3, 21794
2026/05/22 15:50:40.437, 1, 3, 20812
2026/05/22 15:50:40.437, 2, 3, 20812
2026/05/22 15:50:40.438, 3, 3, 20812
2026/05/22 15:50:40.438, 4, 3, 20812
2026/05/22 15:50:40.438, 5, 1, 17406
2026/05/22 15:50:40.438, 6, 3, 17386
2026/05/22 15:50:40.438, 7, 19, 11582
2026/05/22 15:50:41.024, 0, 2, 21794
2026/05/22 15:50:41.024, 1, 3, 20812
2026/05/22 15:50:41.025, 2, 2, 20812
2026/05/22 15:50:41.025, 3, 2, 20812
2026/05/22 15:50:41.025, 4, 2, 20812
2026/05/22 15:50:41.025, 5, 2, 17406
2026/05/22 15:50:41.025, 6, 3, 17386
2026/05/22 15:50:41.025, 7, 2, 11582
2026/05/22 15:50:41.614, 0, 3, 21794
2026/05/22 15:50:41.614, 1, 2, 20812
2026/05/22 15:50:41.615, 2, 2, 20812
2026/05/22 15:50:41.615, 3, 2, 20812
2026/05/22 15:50:41.615, 4, 7, 20812
2026/05/22 15:50:41.615, 5, 2, 17406
2026/05/22 15:50:41.616, 6, 2, 17386
2026/05/22 15:50:41.616, 7, 3, 11582
2026/05/22 15:50:42.210, 0, 3, 21794
2026/05/22 15:50:42.211, 1, 2, 20812
2026/05/22 15:50:42.211, 2, 4, 20812
2026/05/22 15:50:42.212, 3, 4, 20812
2026/05/22 15:50:42.212, 4, 2, 20812
2026/05/22 15:50:42.213, 5, 2, 17406
2026/05/22 15:50:42.213, 6, 3, 17386
2026/05/22 15:50:42.214, 7, 4, 11582
2026/05/22 15:50:42.804, 0, 3, 21794
2026/05/22 15:50:42.805, 1, 3, 20812
2026/05/22 15:50:42.805, 2, 12, 20812
2026/05/22 15:50:42.805, 3, 3, 20812
2026/05/22 15:50:42.805, 4, 3, 20812
2026/05/22 15:50:42.806, 5, 3, 17406
2026/05/22 15:50:42.806, 6, 3, 17386
2026/05/22 15:50:42.806, 7, 4, 11582
2026/05/22 15:50:43.434, 0, 3, 21794
2026/05/22 15:50:43.434, 1, 3, 20812
2026/05/22 15:50:43.434, 2, 3, 20812
2026/05/22 15:50:43.435, 3, 17, 20812
2026/05/22 15:50:43.435, 4, 2, 20812
2026/05/22 15:50:43.435, 5, 2, 17406
2026/05/22 15:50:43.435, 6, 2, 17386
2026/05/22 15:50:43.436, 7, 0, 11616
2026/05/22 15:50:44.002, 0, 3, 21794
2026/05/22 15:50:44.002, 1, 4, 20812
2026/05/22 15:50:44.003, 2, 15, 20812
2026/05/22 15:50:44.003, 3, 5, 20812
2026/05/22 15:50:44.003, 4, 3, 20812
2026/05/22 15:50:44.003, 5, 3, 17406
2026/05/22 15:50:44.003, 6, 3, 17386
2026/05/22 15:50:44.004, 7, 0, 11616
2026/05/22 15:50:44.568, 0, 5, 21794
2026/05/22 15:50:44.568, 1, 24, 20812
2026/05/22 15:50:44.569, 2, 33, 20812
2026/05/22 15:50:44.569, 3, 7, 20812
2026/05/22 15:50:44.569, 4, 3, 20812
2026/05/22 15:50:44.569, 5, 3, 17406
2026/05/22 15:50:44.569, 6, 4, 17386
2026/05/22 15:50:44.569, 7, 0, 11616
2026/05/22 15:50:45.166, 0, 3, 21794
2026/05/22 15:50:45.166, 1, 3, 20812
2026/05/22 15:50:45.167, 2, 25, 20812
2026/05/22 15:50:45.168, 3, 3, 20812
2026/05/22 15:50:45.168, 4, 3, 20812
2026/05/22 15:50:45.169, 5, 2, 17406
2026/05/22 15:50:45.169, 6, 3, 17386
2026/05/22 15:50:45.170, 7, 0, 11616
2026/05/22 15:50:45.767, 0, 3, 21794
2026/05/22 15:50:45.767, 1, 2, 20812
2026/05/22 15:50:45.767, 2, 27, 20812
2026/05/22 15:50:45.767, 3, 4, 20812
2026/05/22 15:50:45.768, 4, 3, 20812
2026/05/22 15:50:45.768, 5, 3, 17406
2026/05/22 15:50:45.768, 6, 3, 17386
2026/05/22 15:50:45.768, 7, 0, 11616
2026/05/22 15:50:46.375, 0, 5, 21794
2026/05/22 15:50:46.375, 1, 3, 20812
2026/05/22 15:50:46.375, 2, 3, 20812
2026/05/22 15:50:46.376, 3, 9, 20812
2026/05/22 15:50:46.376, 4, 8, 20812
2026/05/22 15:50:46.376, 5, 3, 17406
2026/05/22 15:50:46.376, 6, 3, 17386
2026/05/22 15:50:46.376, 7, 0, 11616
2026/05/22 15:50:46.983, 0, 3, 21794
2026/05/22 15:50:46.983, 1, 2, 20812
2026/05/22 15:50:46.983, 2, 3, 20812
2026/05/22 15:50:46.983, 3, 6, 20812
2026/05/22 15:50:46.984, 4, 11, 20812
2026/05/22 15:50:46.984, 5, 3, 17406
2026/05/22 15:50:46.984, 6, 2, 17386
2026/05/22 15:50:46.984, 7, 0, 11616
2026/05/22 15:50:47.593, 0, 3, 21794
2026/05/22 15:50:47.593, 1, 3, 20812
2026/05/22 15:50:47.594, 2, 3, 20812
2026/05/22 15:50:47.594, 3, 6, 20812
2026/05/22 15:50:47.594, 4, 3, 20812
2026/05/22 15:50:47.594, 5, 2, 17406
2026/05/22 15:50:47.595, 6, 3, 17386
2026/05/22 15:50:47.595, 7, 0, 11616
2026/05/22 15:50:48.181, 0, 3, 21794
2026/05/22 15:50:48.181, 1, 3, 20812
2026/05/22 15:50:48.181, 2, 3, 20812
2026/05/22 15:50:48.181, 3, 3, 20812
2026/05/22 15:50:48.182, 4, 6, 20812
2026/05/22 15:50:48.182, 5, 3, 17406
2026/05/22 15:50:48.182, 6, 3, 17386
2026/05/22 15:50:48.182, 7, 0, 11616
2026/05/22 15:50:48.771, 0, 3, 21794
2026/05/22 15:50:48.772, 1, 6, 20812
2026/05/22 15:50:48.772, 2, 3, 20812
2026/05/22 15:50:48.772, 3, 5, 20812
2026/05/22 15:50:48.772, 4, 30, 20812
2026/05/22 15:50:48.772, 5, 3, 17406
2026/05/22 15:50:48.773, 6, 3, 17386
2026/05/22 15:50:48.773, 7, 0, 11616
2026/05/22 15:50:49.407, 0, 3, 21794
2026/05/22 15:50:49.407, 1, 3, 20812
2026/05/22 15:50:49.407, 2, 3, 20812
2026/05/22 15:50:49.407, 3, 3, 20812
2026/05/22 15:50:49.408, 4, 3, 20812
2026/05/22 15:50:49.408, 5, 3, 17406
2026/05/22 15:50:49.408, 6, 27, 17386
2026/05/22 15:50:49.408, 7, 0, 11616
2026/05/22 15:50:49.993, 0, 3, 21794
2026/05/22 15:50:49.993, 1, 3, 20812
2026/05/22 15:50:49.993, 2, 3, 20812
2026/05/22 15:50:49.993, 3, 7, 20812
2026/05/22 15:50:49.994, 4, 3, 20812
2026/05/22 15:50:49.994, 5, 3, 17406
2026/05/22 15:50:49.994, 6, 4, 17386
2026/05/22 15:50:49.994, 7, 0, 11616
2026/05/22 15:50:50.581, 0, 2, 21794
2026/05/22 15:50:50.581, 1, 2, 20812
2026/05/22 15:50:50.581, 2, 3, 20812
2026/05/22 15:50:50.582, 3, 3, 20812
2026/05/22 15:50:50.582, 4, 3, 20812
2026/05/22 15:50:50.582, 5, 3, 17406
2026/05/22 15:50:50.582, 6, 4, 17386
2026/05/22 15:50:50.583, 7, 0, 11616
2026/05/22 15:50:51.175, 0, 7, 21794
2026/05/22 15:50:51.176, 1, 3, 20812
2026/05/22 15:50:51.176, 2, 3, 20812
2026/05/22 15:50:51.176, 3, 3, 20812
2026/05/22 15:50:51.176, 4, 3, 20812
2026/05/22 15:50:51.177, 5, 3, 17406
2026/05/22 15:50:51.177, 6, 2, 17386
2026/05/22 15:50:51.177, 7, 0, 11616
2026/05/22 15:50:51.772, 0, 9, 21794
2026/05/22 15:50:51.773, 1, 3, 20812
2026/05/22 15:50:51.773, 2, 3, 20812
2026/05/22 15:50:51.773, 3, 6, 20812
2026/05/22 15:50:51.773, 4, 3, 20812
2026/05/22 15:50:51.774, 5, 3, 17406
2026/05/22 15:50:51.774, 6, 3, 17386
2026/05/22 15:50:51.774, 7, 0, 11616
2026/05/22 15:50:52.361, 0, 11, 21794
2026/05/22 15:50:52.361, 1, 10, 20812
2026/05/22 15:50:52.361, 2, 3, 20812
2026/05/22 15:50:52.362, 3, 12, 20812
2026/05/22 15:50:52.362, 4, 3, 20812
2026/05/22 15:50:52.362, 5, 3, 17406
2026/05/22 15:50:52.362, 6, 3, 17386
2026/05/22 15:50:52.363, 7, 0, 11616
2026/05/22 15:50:52.971, 0, 9, 21794
2026/05/22 15:50:52.972, 1, 6, 20812
2026/05/22 15:50:52.972, 2, 3, 20812
2026/05/22 15:50:52.972, 3, 3, 20812
2026/05/22 15:50:52.972, 4, 3, 20812
2026/05/22 15:50:52.972, 5, 3, 17406
2026/05/22 15:50:52.973, 6, 3, 17386
2026/05/22 15:50:52.973, 7, 0, 11616
2026/05/22 15:50:53.557, 0, 22, 21794
2026/05/22 15:50:53.557, 1, 5, 20812
2026/05/22 15:50:53.557, 2, 3, 20812
2026/05/22 15:50:53.557, 3, 18, 20812
2026/05/22 15:50:53.558, 4, 3, 20812
2026/05/22 15:50:53.558, 5, 3, 17406
2026/05/22 15:50:53.558, 6, 2, 17386
2026/05/22 15:50:53.558, 7, 0, 11616
2026/05/22 15:50:54.131, 0, 5, 21794
2026/05/22 15:50:54.132, 1, 3, 20812
2026/05/22 15:50:54.132, 2, 3, 20812
2026/05/22 15:50:54.132, 3, 20, 20812
2026/05/22 15:50:54.133, 4, 3, 20812
2026/05/22 15:50:54.133, 5, 3, 17406
2026/05/22 15:50:54.133, 6, 9, 17386
2026/05/22 15:50:54.134, 7, 0, 11616
2026/05/22 15:50:54.745, 0, 6, 21794
2026/05/22 15:50:54.745, 1, 3, 20812
2026/05/22 15:50:54.745, 2, 3, 20812
2026/05/22 15:50:54.745, 3, 9, 20812
2026/05/22 15:50:54.746, 4, 2, 20812
2026/05/22 15:50:54.746, 5, 2, 17406
2026/05/22 15:50:54.746, 6, 3, 17386
2026/05/22 15:50:54.746, 7, 0, 11616
2026/05/22 15:50:55.337, 0, 0, 21850
2026/05/22 15:50:55.337, 1, 3, 20812
2026/05/22 15:50:55.337, 2, 3, 20812
2026/05/22 15:50:55.337, 3, 0, 20882
2026/05/22 15:50:55.338, 4, 0, 20882
2026/05/22 15:50:55.338, 5, 3, 17406
2026/05/22 15:50:55.338, 6, 3, 17386
2026/05/22 15:50:55.338, 7, 0, 11616
2026/05/22 15:50:55.910, 0, 0, 21850
2026/05/22 15:50:55.910, 1, 25, 20812
2026/05/22 15:50:55.911, 2, 4, 20812
2026/05/22 15:50:55.911, 3, 0, 20882
2026/05/22 15:50:55.911, 4, 0, 20882
2026/05/22 15:50:55.911, 5, 4, 17406
2026/05/22 15:50:55.912, 6, 4, 17386
2026/05/22 15:50:55.912, 7, 0, 11616
2026/05/22 15:50:56.496, 0, 0, 21850
2026/05/22 15:50:56.496, 1, 16, 20812
2026/05/22 15:50:56.496, 2, 11, 20812
2026/05/22 15:50:56.496, 3, 0, 20882
2026/05/22 15:50:56.497, 4, 0, 20882
2026/05/22 15:50:56.497, 5, 4, 17406
2026/05/22 15:50:56.497, 6, 4, 17386
2026/05/22 15:50:56.497, 7, 0, 11616
2026/05/22 15:50:57.068, 0, 0, 21850
2026/05/22 15:50:57.068, 1, 20, 20812
2026/05/22 15:50:57.069, 2, 4, 20812
2026/05/22 15:50:57.069, 3, 0, 20882
2026/05/22 15:50:57.069, 4, 0, 20882
2026/05/22 15:50:57.069, 5, 3, 17406
2026/05/22 15:50:57.070, 6, 13, 17386
2026/05/22 15:50:57.070, 7, 0, 11616
2026/05/22 15:50:57.662, 0, 0, 21850
2026/05/22 15:50:57.662, 1, 26, 20812
2026/05/22 15:50:57.662, 2, 4, 20812
2026/05/22 15:50:57.663, 3, 0, 20882
2026/05/22 15:50:57.663, 4, 0, 20882
2026/05/22 15:50:57.663, 5, 4, 17406
2026/05/22 15:50:57.663, 6, 0, 17448
2026/05/22 15:50:57.664, 7, 0, 11616
2026/05/22 15:50:58.257, 0, 0, 21850
2026/05/22 15:50:58.258, 1, 4, 20812
2026/05/22 15:50:58.258, 2, 11, 20812
2026/05/22 15:50:58.258, 3, 0, 20882
2026/05/22 15:50:58.258, 4, 0, 20882
2026/05/22 15:50:58.259, 5, 4, 17406
2026/05/22 15:50:58.259, 6, 0, 17448
2026/05/22 15:50:58.259, 7, 0, 11616
2026/05/22 15:50:58.849, 0, 0, 21850
2026/05/22 15:50:58.849, 1, 5, 20812
2026/05/22 15:50:58.849, 2, 0, 20882
2026/05/22 15:50:58.850, 3, 0, 20882
2026/05/22 15:50:58.850, 4, 0, 20882
2026/05/22 15:50:58.850, 5, 0, 17462
2026/05/22 15:50:58.850, 6, 0, 17448
2026/05/22 15:50:58.851, 7, 0, 11616
2026/05/22 15:50:59.435, 0, 0, 21850
2026/05/22 15:50:59.436, 1, 26, 20812
2026/05/22 15:50:59.436, 2, 0, 20882
2026/05/22 15:50:59.436, 3, 0, 20882
2026/05/22 15:50:59.436, 4, 0, 20882
2026/05/22 15:50:59.437, 5, 0, 17462
2026/05/22 15:50:59.437, 6, 0, 17448
2026/05/22 15:50:59.437, 7, 0, 11616
2026/05/22 15:51:00.025, 0, 15, 23644
2026/05/22 15:51:00.025, 1, 0, 20884
2026/05/22 15:51:00.026, 2, 0, 20884
2026/05/22 15:51:00.026, 3, 0, 20884
2026/05/22 15:51:00.026, 4, 0, 20884
2026/05/22 15:51:00.026, 5, 0, 17464
2026/05/22 15:51:00.026, 6, 0, 17450
2026/05/22 15:51:00.027, 7, 0, 11618
2026/05/22 15:51:00.657, 0, 5, 23914
2026/05/22 15:51:00.657, 1, 7, 22946
2026/05/22 15:51:00.658, 2, 7, 22946
2026/05/22 15:51:00.658, 3, 2, 22946
2026/05/22 15:51:00.659, 4, 7, 22946
2026/05/22 15:51:00.659, 5, 0, 19270
2026/05/22 15:51:00.660, 6, 0, 17450
2026/05/22 15:51:00.661, 7, 0, 11618
2026/05/22 15:51:01.266, 0, 0, 23914
2026/05/22 15:51:01.266, 1, 0, 22946
2026/05/22 15:51:01.267, 2, 0, 22946
2026/05/22 15:51:01.267, 3, 0, 22946
2026/05/22 15:51:01.267, 4, 1, 22946
2026/05/22 15:51:01.267, 5, 1, 19526
2026/05/22 15:51:01.268, 6, 0, 19512
2026/05/22 15:51:01.268, 7, 3, 13680
2026/05/22 15:51:01.863, 0, 13, 23914
2026/05/22 15:51:01.863, 1, 1, 22946
2026/05/22 15:51:01.863, 2, 0, 22946
2026/05/22 15:51:01.863, 3, 1, 22946
2026/05/22 15:51:01.864, 4, 5, 22946
2026/05/22 15:51:01.864, 5, 4, 19526
2026/05/22 15:51:01.864, 6, 1, 19512
2026/05/22 15:51:01.864, 7, 3, 13682
2026/05/22 15:51:02.472, 0, 15, 23914
2026/05/22 15:51:02.473, 1, 16, 22946
2026/05/22 15:51:02.473, 2, 13, 22946
2026/05/22 15:51:02.473, 3, 13, 22946
2026/05/22 15:51:02.474, 4, 12, 22946
2026/05/22 15:51:02.474, 5, 11, 19526
2026/05/22 15:51:02.474, 6, 10, 19512
2026/05/22 15:51:02.474, 7, 6, 13682
2026/05/22 15:51:03.061, 0, 15, 23914
2026/05/22 15:51:03.061, 1, 13, 22946
2026/05/22 15:51:03.061, 2, 13, 22946
2026/05/22 15:51:03.062, 3, 13, 22946
2026/05/22 15:51:03.062, 4, 13, 22946
2026/05/22 15:51:03.062, 5, 11, 19526
2026/05/22 15:51:03.062, 6, 13, 19512
2026/05/22 15:51:03.062, 7, 10, 13682
2026/05/22 15:51:03.669, 0, 4, 23914
2026/05/22 15:51:03.670, 1, 2, 22946
2026/05/22 15:51:03.670, 2, 4, 22946
2026/05/22 15:51:03.670, 3, 5, 22946
2026/05/22 15:51:03.670, 4, 29, 22946
2026/05/22 15:51:03.671, 5, 16, 19526
2026/05/22 15:51:03.671, 6, 4, 19512
2026/05/22 15:51:03.671, 7, 9, 13682
2026/05/22 15:51:04.283, 0, 67, 23914
2026/05/22 15:51:04.284, 1, 72, 22946
2026/05/22 15:51:04.284, 2, 71, 22946
2026/05/22 15:51:04.284, 3, 72, 22946
2026/05/22 15:51:04.284, 4, 72, 22946
2026/05/22 15:51:04.284, 5, 60, 19526
2026/05/22 15:51:04.285, 6, 58, 19512
2026/05/22 15:51:04.285, 7, 41, 13682
2026/05/22 15:51:04.867, 0, 67, 23914
2026/05/22 15:51:04.867, 1, 61, 22946
2026/05/22 15:51:04.867, 2, 72, 22946
2026/05/22 15:51:04.867, 3, 69, 22946
2026/05/22 15:51:04.867, 4, 71, 22946
2026/05/22 15:51:04.868, 5, 57, 19526
2026/05/22 15:51:04.868, 6, 58, 19512
2026/05/22 15:51:04.868, 7, 38, 13682
2026/05/22 15:51:05.461, 0, 70, 23914
2026/05/22 15:51:05.462, 1, 71, 22946
2026/05/22 15:51:05.462, 2, 71, 22946
2026/05/22 15:51:05.462, 3, 72, 22946
2026/05/22 15:51:05.463, 4, 71, 22946
2026/05/22 15:51:05.463, 5, 59, 19526
2026/05/22 15:51:05.463, 6, 59, 19512
2026/05/22 15:51:05.464, 7, 40, 13682
2026/05/22 15:51:06.060, 0, 66, 23914
2026/05/22 15:51:06.060, 1, 61, 22946
2026/05/22 15:51:06.061, 2, 72, 22946
2026/05/22 15:51:06.061, 3, 69, 22946
2026/05/22 15:51:06.062, 4, 71, 22946
2026/05/22 15:51:06.062, 5, 56, 19526
2026/05/22 15:51:06.063, 6, 58, 19512
2026/05/22 15:51:06.063, 7, 37, 13682
2026/05/22 15:51:06.663, 0, 59, 23914
2026/05/22 15:51:06.663, 1, 60, 22946
2026/05/22 15:51:06.663, 2, 60, 22946
2026/05/22 15:51:06.664, 3, 60, 22946
2026/05/22 15:51:06.664, 4, 54, 22946
2026/05/22 15:51:06.664, 5, 45, 19526
2026/05/22 15:51:06.664, 6, 49, 19512
2026/05/22 15:51:06.665, 7, 46, 13682
2026/05/22 15:51:07.281, 0, 51, 23914
2026/05/22 15:51:07.281, 1, 56, 22946
2026/05/22 15:51:07.281, 2, 53, 22946
2026/05/22 15:51:07.282, 3, 53, 22946
2026/05/22 15:51:07.282, 4, 53, 22946
2026/05/22 15:51:07.282, 5, 50, 19526
2026/05/22 15:51:07.282, 6, 44, 19512
2026/05/22 15:51:07.283, 7, 48, 13682
2026/05/22 15:51:07.869, 0, 51, 23914
2026/05/22 15:51:07.869, 1, 53, 22946
2026/05/22 15:51:07.869, 2, 53, 22946
2026/05/22 15:51:07.869, 3, 53, 22946
2026/05/22 15:51:07.870, 4, 59, 22946
2026/05/22 15:51:07.870, 5, 46, 19526
2026/05/22 15:51:07.870, 6, 43, 19512
2026/05/22 15:51:07.870, 7, 42, 13682
2026/05/22 15:51:08.502, 0, 58, 23914
2026/05/22 15:51:08.502, 1, 53, 22946
2026/05/22 15:51:08.503, 2, 60, 22946
2026/05/22 15:51:08.503, 3, 53, 22946
2026/05/22 15:51:08.503, 4, 59, 22946
2026/05/22 15:51:08.503, 5, 45, 19526
2026/05/22 15:51:08.504, 6, 49, 19512
2026/05/22 15:51:08.504, 7, 45, 13682
2026/05/22 15:51:09.142, 0, 0, 23914
2026/05/22 15:51:09.143, 1, 0, 22946
2026/05/22 15:51:09.143, 2, 0, 22946
2026/05/22 15:51:09.143, 3, 0, 22946
2026/05/22 15:51:09.143, 4, 7, 22946
2026/05/22 15:51:09.143, 5, 38, 19526
2026/05/22 15:51:09.144, 6, 0, 19512
2026/05/22 15:51:09.144, 7, 41, 13682
