2026/05/21 00:07:59.592, 0, 100, 0
2026/05/21 00:07:59.592, 1, 98, 0
2026/05/21 00:07:59.624, 2, 100, 0
2026/05/21 00:07:59.624, 3, 100, 0
2026/05/21 00:07:59.657, 4, 100, 0
2026/05/21 00:07:59.663, 5, 100, 0
2026/05/21 00:07:59.697, 6, 100, 0
2026/05/21 00:07:59.703, 7, 45, 0
2026/05/21 00:08:01.021, 0, 0, 16
2026/05/21 00:08:01.022, 1, 0, 16
2026/05/21 00:08:01.022, 2, 0, 16
2026/05/21 00:08:01.022, 3, 0, 16
2026/05/21 00:08:01.026, 4, 0, 16
2026/05/21 00:08:01.028, 5, 0, 16
2026/05/21 00:08:01.032, 6, 0, 16
2026/05/21 00:08:01.033, 7, 0, 16
2026/05/21 00:08:01.788, 0, 0, 20
2026/05/21 00:08:01.789, 1, 1, 28
2026/05/21 00:08:01.789, 2, 0, 20
2026/05/21 00:08:01.789, 3, 0, 18
2026/05/21 00:08:01.790, 4, 1, 20
2026/05/21 00:08:01.791, 5, 1, 20
2026/05/21 00:08:01.791, 6, 0, 18
2026/05/21 00:08:01.791, 7, 1, 20
2026/05/21 00:08:02.400, 0, 2, 21794
2026/05/21 00:08:02.401, 1, 2, 20812
2026/05/21 00:08:02.401, 2, 14, 20812
2026/05/21 00:08:02.401, 3, 1, 20812
2026/05/21 00:08:02.401, 4, 2, 20812
2026/05/21 00:08:02.401, 5, 1, 17406
2026/05/21 00:08:02.402, 6, 2, 17386
2026/05/21 00:08:02.402, 7, 22, 11582
2026/05/21 00:08:03.010, 0, 25, 21794
2026/05/21 00:08:03.010, 1, 3, 20812
2026/05/21 00:08:03.010, 2, 3, 20812
2026/05/21 00:08:03.011, 3, 2, 20812
2026/05/21 00:08:03.011, 4, 10, 20812
2026/05/21 00:08:03.011, 5, 2, 17406
2026/05/21 00:08:03.011, 6, 6, 17386
2026/05/21 00:08:03.011, 7, 24, 11582
2026/05/21 00:08:03.600, 0, 26, 21794
2026/05/21 00:08:03.601, 1, 4, 20812
2026/05/21 00:08:03.601, 2, 6, 20812
2026/05/21 00:08:03.601, 3, 1, 20812
2026/05/21 00:08:03.601, 4, 3, 20812
2026/05/21 00:08:03.602, 5, 3, 17406
2026/05/21 00:08:03.602, 6, 33, 17386
2026/05/21 00:08:03.602, 7, 31, 11582
2026/05/21 00:08:04.172, 0, 26, 21794
2026/05/21 00:08:04.173, 1, 3, 20812
2026/05/21 00:08:04.173, 2, 3, 20812
2026/05/21 00:08:04.173, 3, 2, 20812
2026/05/21 00:08:04.174, 4, 2, 20812
2026/05/21 00:08:04.174, 5, 2, 17406
2026/05/21 00:08:04.174, 6, 9, 17386
2026/05/21 00:08:04.174, 7, 25, 11582
2026/05/21 00:08:04.786, 0, 7, 21794
2026/05/21 00:08:04.787, 1, 3, 20812
2026/05/21 00:08:04.787, 2, 14, 20812
2026/05/21 00:08:04.788, 3, 2, 20812
2026/05/21 00:08:04.788, 4, 2, 20812
2026/05/21 00:08:04.788, 5, 2, 17406
2026/05/21 00:08:04.789, 6, 2, 17386
2026/05/21 00:08:04.789, 7, 25, 11582
2026/05/21 00:08:05.383, 0, 18, 21794
2026/05/21 00:08:05.384, 1, 3, 20812
2026/05/21 00:08:05.384, 2, 9, 20812
2026/05/21 00:08:05.384, 3, 2, 20812
2026/05/21 00:08:05.385, 4, 2, 20812
2026/05/21 00:08:05.385, 5, 2, 17406
2026/05/21 00:08:05.385, 6, 3, 17386
2026/05/21 00:08:05.386, 7, 25, 11582
2026/05/21 00:08:05.988, 0, 4, 21794
2026/05/21 00:08:05.988, 1, 3, 20812
2026/05/21 00:08:05.989, 2, 3, 20812
2026/05/21 00:08:05.989, 3, 27, 20812
2026/05/21 00:08:05.989, 4, 2, 20812
2026/05/21 00:08:05.990, 5, 2, 17406
2026/05/21 00:08:05.990, 6, 2, 17386
2026/05/21 00:08:05.990, 7, 11, 11582
2026/05/21 00:08:06.597, 0, 14, 21794
2026/05/21 00:08:06.598, 1, 3, 20812
2026/05/21 00:08:06.598, 2, 3, 20812
2026/05/21 00:08:06.598, 3, 26, 20812
2026/05/21 00:08:06.599, 4, 2, 20812
2026/05/21 00:08:06.599, 5, 2, 17406
2026/05/21 00:08:06.600, 6, 2, 17386
2026/05/21 00:08:06.601, 7, 9, 11582
2026/05/21 00:08:07.219, 0, 3, 21794
2026/05/21 00:08:07.219, 1, 3, 20812
2026/05/21 00:08:07.219, 2, 10, 20812
2026/05/21 00:08:07.220, 3, 27, 20812
2026/05/21 00:08:07.220, 4, 2, 20812
2026/05/21 00:08:07.220, 5, 2, 17406
2026/05/21 00:08:07.220, 6, 2, 17386
2026/05/21 00:08:07.221, 7, 4, 11582
2026/05/21 00:08:07.811, 0, 3, 21794
2026/05/21 00:08:07.812, 1, 2, 20812
2026/05/21 00:08:07.812, 2, 2, 20812
2026/05/21 00:08:07.812, 3, 2, 20812
2026/05/21 00:08:07.813, 4, 2, 20812
2026/05/21 00:08:07.813, 5, 3, 17406
2026/05/21 00:08:07.813, 6, 2, 17386
2026/05/21 00:08:07.813, 7, 0, 11600
2026/05/21 00:08:08.404, 0, 3, 21794
2026/05/21 00:08:08.404, 1, 3, 20812
2026/05/21 00:08:08.405, 2, 29, 20812
2026/05/21 00:08:08.405, 3, 3, 20812
2026/05/21 00:08:08.405, 4, 2, 20812
2026/05/21 00:08:08.405, 5, 3, 17406
2026/05/21 00:08:08.406, 6, 2, 17386
2026/05/21 00:08:08.406, 7, 0, 11600
2026/05/21 00:08:09.032, 0, 3, 21794
2026/05/21 00:08:09.033, 1, 3, 20812
2026/05/21 00:08:09.033, 2, 29, 20812
2026/05/21 00:08:09.034, 3, 9, 20812
2026/05/21 00:08:09.034, 4, 2, 20812
2026/05/21 00:08:09.034, 5, 3, 17406
2026/05/21 00:08:09.035, 6, 2, 17386
2026/05/21 00:08:09.035, 7, 0, 11600
2026/05/21 00:08:09.659, 0, 4, 21794
2026/05/21 00:08:09.660, 1, 20, 20812
2026/05/21 00:08:09.660, 2, 31, 20812
2026/05/21 00:08:09.660, 3, 12, 20812
2026/05/21 00:08:09.661, 4, 2, 20812
2026/05/21 00:08:09.661, 5, 3, 17406
2026/05/21 00:08:09.661, 6, 2, 17386
2026/05/21 00:08:09.662, 7, 0, 11600
2026/05/21 00:08:10.293, 0, 3, 21794
2026/05/21 00:08:10.294, 1, 3, 20812
2026/05/21 00:08:10.294, 2, 2, 20812
2026/05/21 00:08:10.294, 3, 2, 20812
2026/05/21 00:08:10.294, 4, 2, 20812
2026/05/21 00:08:10.295, 5, 2, 17406
2026/05/21 00:08:10.295, 6, 2, 17386
2026/05/21 00:08:10.295, 7, 0, 11600
2026/05/21 00:08:10.888, 0, 3, 21794
2026/05/21 00:08:10.888, 1, 3, 20812
2026/05/21 00:08:10.888, 2, 2, 20812
2026/05/21 00:08:10.889, 3, 3, 20812
2026/05/21 00:08:10.889, 4, 2, 20812
2026/05/21 00:08:10.889, 5, 3, 17406
2026/05/21 00:08:10.890, 6, 2, 17386
2026/05/21 00:08:10.890, 7, 0, 11600
2026/05/21 00:08:11.480, 0, 3, 21794
2026/05/21 00:08:11.481, 1, 3, 20812
2026/05/21 00:08:11.481, 2, 3, 20812
2026/05/21 00:08:11.481, 3, 2, 20812
2026/05/21 00:08:11.481, 4, 2, 20812
2026/05/21 00:08:11.482, 5, 2, 17406
2026/05/21 00:08:11.482, 6, 2, 17386
2026/05/21 00:08:11.482, 7, 0, 11600
2026/05/21 00:08:12.073, 0, 3, 21794
2026/05/21 00:08:12.073, 1, 2, 20812
2026/05/21 00:08:12.074, 2, 3, 20812
2026/05/21 00:08:12.074, 3, 2, 20812
2026/05/21 00:08:12.074, 4, 2, 20812
2026/05/21 00:08:12.074, 5, 2, 17406
2026/05/21 00:08:12.075, 6, 2, 17386
2026/05/21 00:08:12.075, 7, 0, 11600
2026/05/21 00:08:12.665, 0, 3, 21794
2026/05/21 00:08:12.665, 1, 3, 20812
2026/05/21 00:08:12.666, 2, 3, 20812
2026/05/21 00:08:12.666, 3, 2, 20812
2026/05/21 00:08:12.666, 4, 2, 20812
2026/05/21 00:08:12.666, 5, 2, 17406
2026/05/21 00:08:12.667, 6, 2, 17386
2026/05/21 00:08:12.667, 7, 0, 11600
2026/05/21 00:08:13.283, 0, 3, 21794
2026/05/21 00:08:13.283, 1, 2, 20812
2026/05/21 00:08:13.284, 2, 3, 20812
2026/05/21 00:08:13.284, 3, 3, 20812
2026/05/21 00:08:13.285, 4, 2, 20812
2026/05/21 00:08:13.285, 5, 2, 17406
2026/05/21 00:08:13.285, 6, 2, 17386
2026/05/21 00:08:13.286, 7, 0, 11600
2026/05/21 00:08:13.886, 0, 3, 21794
2026/05/21 00:08:13.887, 1, 8, 20812
2026/05/21 00:08:13.887, 2, 3, 20812
2026/05/21 00:08:13.887, 3, 3, 20812
2026/05/21 00:08:13.888, 4, 2, 20812
2026/05/21 00:08:13.888, 5, 3, 17406
2026/05/21 00:08:13.888, 6, 2, 17386
2026/05/21 00:08:13.888, 7, 0, 11600
2026/05/21 00:08:14.456, 0, 36, 21794
2026/05/21 00:08:14.457, 1, 33, 20812
2026/05/21 00:08:14.457, 2, 4, 20812
2026/05/21 00:08:14.457, 3, 4, 20812
2026/05/21 00:08:14.457, 4, 3, 20812
2026/05/21 00:08:14.458, 5, 2, 17406
2026/05/21 00:08:14.458, 6, 3, 17386
2026/05/21 00:08:14.458, 7, 0, 11600
2026/05/21 00:08:15.072, 0, 4, 21794
2026/05/21 00:08:15.072, 1, 3, 20812
2026/05/21 00:08:15.073, 2, 4, 20812
2026/05/21 00:08:15.073, 3, 3, 20812
2026/05/21 00:08:15.073, 4, 3, 20812
2026/05/21 00:08:15.074, 5, 3, 17406
2026/05/21 00:08:15.074, 6, 3, 17386
2026/05/21 00:08:15.075, 7, 0, 11600
2026/05/21 00:08:15.670, 0, 3, 21794
2026/05/21 00:08:15.670, 1, 2, 20812
2026/05/21 00:08:15.670, 2, 3, 20812
2026/05/21 00:08:15.671, 3, 3, 20812
2026/05/21 00:08:15.671, 4, 3, 20812
2026/05/21 00:08:15.671, 5, 3, 17406
2026/05/21 00:08:15.672, 6, 2, 17386
2026/05/21 00:08:15.672, 7, 0, 11600
2026/05/21 00:08:16.276, 0, 3, 21794
2026/05/21 00:08:16.277, 1, 3, 20812
2026/05/21 00:08:16.277, 2, 4, 20812
2026/05/21 00:08:16.278, 3, 3, 20812
2026/05/21 00:08:16.278, 4, 2, 20812
2026/05/21 00:08:16.278, 5, 3, 17406
2026/05/21 00:08:16.279, 6, 3, 17386
2026/05/21 00:08:16.279, 7, 0, 11600
2026/05/21 00:08:16.914, 0, 3, 21794
2026/05/21 00:08:16.914, 1, 3, 20812
2026/05/21 00:08:16.914, 2, 3, 20812
2026/05/21 00:08:16.914, 3, 3, 20812
2026/05/21 00:08:16.915, 4, 2, 20812
2026/05/21 00:08:16.915, 5, 3, 17406
2026/05/21 00:08:16.915, 6, 3, 17386
2026/05/21 00:08:16.915, 7, 0, 11600
2026/05/21 00:08:17.526, 0, 3, 21794
2026/05/21 00:08:17.526, 1, 3, 20812
2026/05/21 00:08:17.527, 2, 4, 20812
2026/05/21 00:08:17.527, 3, 3, 20812
2026/05/21 00:08:17.527, 4, 2, 20812
2026/05/21 00:08:17.527, 5, 3, 17406
2026/05/21 00:08:17.528, 6, 3, 17386
2026/05/21 00:08:17.528, 7, 0, 11600
2026/05/21 00:08:18.158, 0, 4, 21794
2026/05/21 00:08:18.159, 1, 3, 20812
2026/05/21 00:08:18.159, 2, 3, 20812
2026/05/21 00:08:18.159, 3, 4, 20812
2026/05/21 00:08:18.160, 4, 2, 20812
2026/05/21 00:08:18.160, 5, 3, 17406
2026/05/21 00:08:18.160, 6, 3, 17386
2026/05/21 00:08:18.161, 7, 0, 11600
2026/05/21 00:08:18.756, 0, 16, 21794
2026/05/21 00:08:18.757, 1, 3, 20812
2026/05/21 00:08:18.757, 2, 3, 20812
2026/05/21 00:08:18.757, 3, 3, 20812
2026/05/21 00:08:18.758, 4, 2, 20812
2026/05/21 00:08:18.758, 5, 2, 17406
2026/05/21 00:08:18.758, 6, 3, 17386
2026/05/21 00:08:18.759, 7, 0, 11600
2026/05/21 00:08:19.356, 0, 20, 21794
2026/05/21 00:08:19.357, 1, 3, 20812
2026/05/21 00:08:19.357, 2, 3, 20812
2026/05/21 00:08:19.357, 3, 3, 20812
2026/05/21 00:08:19.358, 4, 2, 20812
2026/05/21 00:08:19.358, 5, 3, 17406
2026/05/21 00:08:19.358, 6, 3, 17386
2026/05/21 00:08:19.359, 7, 0, 11600
2026/05/21 00:08:19.965, 0, 27, 21794
2026/05/21 00:08:19.966, 1, 4, 20812
2026/05/21 00:08:19.966, 2, 3, 20812
2026/05/21 00:08:19.966, 3, 5, 20812
2026/05/21 00:08:19.966, 4, 2, 20812
2026/05/21 00:08:19.967, 5, 3, 17406
2026/05/21 00:08:19.967, 6, 3, 17386
2026/05/21 00:08:19.968, 7, 0, 11600
2026/05/21 00:08:20.569, 0, 27, 21794
2026/05/21 00:08:20.570, 1, 4, 20812
2026/05/21 00:08:20.570, 2, 2, 20812
2026/05/21 00:08:20.570, 3, 3, 20812
2026/05/21 00:08:20.570, 4, 2, 20812
2026/05/21 00:08:20.571, 5, 3, 17406
2026/05/21 00:08:20.571, 6, 3, 17386
2026/05/21 00:08:20.571, 7, 0, 11600
2026/05/21 00:08:21.161, 0, 27, 21794
2026/05/21 00:08:21.162, 1, 4, 20812
2026/05/21 00:08:21.162, 2, 4, 20812
2026/05/21 00:08:21.162, 3, 4, 20812
2026/05/21 00:08:21.162, 4, 2, 20812
2026/05/21 00:08:21.163, 5, 3, 17406
2026/05/21 00:08:21.163, 6, 2, 17386
2026/05/21 00:08:21.163, 7, 0, 11600
2026/05/21 00:08:21.769, 0, 0, 21824
2026/05/21 00:08:21.769, 1, 2, 20812
2026/05/21 00:08:21.769, 2, 9, 20812
2026/05/21 00:08:21.769, 3, 3, 20812
2026/05/21 00:08:21.770, 4, 2, 20812
2026/05/21 00:08:21.770, 5, 8, 17406
2026/05/21 00:08:21.770, 6, 3, 17386
2026/05/21 00:08:21.770, 7, 0, 11600
2026/05/21 00:08:22.380, 0, 0, 21824
2026/05/21 00:08:22.381, 1, 3, 20812
2026/05/21 00:08:22.381, 2, 4, 20812
2026/05/21 00:08:22.381, 3, 5, 20812
2026/05/21 00:08:22.381, 4, 2, 20812
2026/05/21 00:08:22.382, 5, 10, 17406
2026/05/21 00:08:22.382, 6, 3, 17386
2026/05/21 00:08:22.382, 7, 0, 11600
2026/05/21 00:08:22.950, 0, 0, 21824
2026/05/21 00:08:22.950, 1, 3, 20812
2026/05/21 00:08:22.950, 2, 4, 20812
2026/05/21 00:08:22.950, 3, 4, 20812
2026/05/21 00:08:22.951, 4, 2, 20812
2026/05/21 00:08:22.951, 5, 9, 17406
2026/05/21 00:08:22.951, 6, 3, 17386
2026/05/21 00:08:22.951, 7, 0, 11600
2026/05/21 00:08:23.556, 0, 0, 21824
2026/05/21 00:08:23.556, 1, 3, 20812
2026/05/21 00:08:23.557, 2, 4, 20812
2026/05/21 00:08:23.557, 3, 5, 20812
2026/05/21 00:08:23.558, 4, 2, 20812
2026/05/21 00:08:23.558, 5, 3, 17406
2026/05/21 00:08:23.558, 6, 3, 17386
2026/05/21 00:08:23.559, 7, 0, 11600
2026/05/21 00:08:24.158, 0, 0, 21824
2026/05/21 00:08:24.159, 1, 3, 20812
2026/05/21 00:08:24.159, 2, 3, 20812
2026/05/21 00:08:24.160, 3, 3, 20812
2026/05/21 00:08:24.160, 4, 2, 20812
2026/05/21 00:08:24.160, 5, 3, 17406
2026/05/21 00:08:24.160, 6, 3, 17386
2026/05/21 00:08:24.161, 7, 0, 11600
2026/05/21 00:08:24.796, 0, 0, 21824
2026/05/21 00:08:24.797, 1, 16, 20812
2026/05/21 00:08:24.797, 2, 4, 20812
2026/05/21 00:08:24.797, 3, 4, 20812
2026/05/21 00:08:24.798, 4, 2, 20812
2026/05/21 00:08:24.798, 5, 4, 17406
2026/05/21 00:08:24.798, 6, 2, 17386
2026/05/21 00:08:24.799, 7, 0, 11600
2026/05/21 00:08:25.404, 0, 0, 21824
2026/05/21 00:08:25.405, 1, 3, 20812
2026/05/21 00:08:25.405, 2, 5, 20812
2026/05/21 00:08:25.405, 3, 4, 20812
2026/05/21 00:08:25.405, 4, 2, 20812
2026/05/21 00:08:25.406, 5, 3, 17406
2026/05/21 00:08:25.406, 6, 3, 17386
2026/05/21 00:08:25.406, 7, 0, 11600
2026/05/21 00:08:25.998, 0, 0, 21824
2026/05/21 00:08:25.999, 1, 3, 20812
2026/05/21 00:08:25.999, 2, 5, 20812
2026/05/21 00:08:25.999, 3, 4, 20812
2026/05/21 00:08:25.999, 4, 2, 20812
2026/05/21 00:08:25.999, 5, 3, 17406
2026/05/21 00:08:26.000, 6, 3, 17386
2026/05/21 00:08:26.000, 7, 0, 11600
2026/05/21 00:08:26.608, 0, 0, 21824
2026/05/21 00:08:26.609, 1, 3, 20812
2026/05/21 00:08:26.609, 2, 11, 20812
2026/05/21 00:08:26.610, 3, 3, 20812
2026/05/21 00:08:26.610, 4, 3, 20812
2026/05/21 00:08:26.610, 5, 4, 17406
2026/05/21 00:08:26.610, 6, 3, 17386
2026/05/21 00:08:26.611, 7, 0, 11600
2026/05/21 00:08:27.224, 0, 0, 21824
2026/05/21 00:08:27.224, 1, 3, 20812
2026/05/21 00:08:27.225, 2, 3, 20812
2026/05/21 00:08:27.225, 3, 3, 20812
2026/05/21 00:08:27.225, 4, 2, 20812
2026/05/21 00:08:27.226, 5, 3, 17406
2026/05/21 00:08:27.226, 6, 3, 17386
2026/05/21 00:08:27.226, 7, 0, 11600
2026/05/21 00:08:27.829, 0, 0, 21824
2026/05/21 00:08:27.829, 1, 3, 20812
2026/05/21 00:08:27.830, 2, 14, 20812
2026/05/21 00:08:27.830, 3, 26, 20812
2026/05/21 00:08:27.830, 4, 3, 20812
2026/05/21 00:08:27.831, 5, 2, 17406
2026/05/21 00:08:27.831, 6, 3, 17386
2026/05/21 00:08:27.831, 7, 0, 11600
2026/05/21 00:08:28.438, 0, 0, 21824
2026/05/21 00:08:28.439, 1, 3, 20812
2026/05/21 00:08:28.440, 2, 7, 20812
2026/05/21 00:08:28.440, 3, 28, 20812
2026/05/21 00:08:28.441, 4, 3, 20812
2026/05/21 00:08:28.441, 5, 3, 17406
2026/05/21 00:08:28.442, 6, 3, 17386
2026/05/21 00:08:28.442, 7, 0, 11600
2026/05/21 00:08:29.054, 0, 0, 21824
2026/05/21 00:08:29.054, 1, 4, 20812
2026/05/21 00:08:29.055, 2, 26, 20812
2026/05/21 00:08:29.055, 3, 29, 20812
2026/05/21 00:08:29.055, 4, 4, 20812
2026/05/21 00:08:29.056, 5, 3, 17406
2026/05/21 00:08:29.056, 6, 3, 17386
2026/05/21 00:08:29.056, 7, 0, 11600
2026/05/21 00:08:29.650, 0, 0, 21824
2026/05/21 00:08:29.650, 1, 3, 20812
2026/05/21 00:08:29.650, 2, 23, 20812
2026/05/21 00:08:29.650, 3, 33, 20812
2026/05/21 00:08:29.651, 4, 13, 20812
2026/05/21 00:08:29.651, 5, 1, 17406
2026/05/21 00:08:29.651, 6, 3, 17386
2026/05/21 00:08:29.651, 7, 0, 11600
2026/05/21 00:08:30.278, 0, 0, 21824
2026/05/21 00:08:30.278, 1, 3, 20812
2026/05/21 00:08:30.279, 2, 27, 20812
2026/05/21 00:08:30.279, 3, 0, 20848
2026/05/21 00:08:30.279, 4, 4, 20812
2026/05/21 00:08:30.279, 5, 3, 17406
2026/05/21 00:08:30.279, 6, 3, 17386
2026/05/21 00:08:30.280, 7, 0, 11600
2026/05/21 00:08:30.889, 0, 0, 21824
2026/05/21 00:08:30.889, 1, 4, 20812
2026/05/21 00:08:30.890, 2, 0, 20848
2026/05/21 00:08:30.890, 3, 0, 20848
2026/05/21 00:08:30.890, 4, 4, 20812
2026/05/21 00:08:30.891, 5, 3, 17406
2026/05/21 00:08:30.891, 6, 3, 17386
2026/05/21 00:08:30.891, 7, 0, 11600
2026/05/21 00:08:31.492, 0, 0, 21824
2026/05/21 00:08:31.493, 1, 4, 20812
2026/05/21 00:08:31.493, 2, 0, 20848
2026/05/21 00:08:31.493, 3, 0, 20848
2026/05/21 00:08:31.494, 4, 4, 20812
2026/05/21 00:08:31.494, 5, 1, 17406
2026/05/21 00:08:31.494, 6, 3, 17386
2026/05/21 00:08:31.495, 7, 0, 11600
2026/05/21 00:08:32.088, 0, 0, 21824
2026/05/21 00:08:32.088, 1, 4, 20812
2026/05/21 00:08:32.088, 2, 0, 20848
2026/05/21 00:08:32.089, 3, 0, 20848
2026/05/21 00:08:32.089, 4, 4, 20812
2026/05/21 00:08:32.089, 5, 1, 17406
2026/05/21 00:08:32.090, 6, 3, 17386
2026/05/21 00:08:32.090, 7, 0, 11600
2026/05/21 00:08:32.708, 0, 0, 21824
2026/05/21 00:08:32.708, 1, 4, 20812
2026/05/21 00:08:32.709, 2, 0, 20848
2026/05/21 00:08:32.709, 3, 0, 20848
2026/05/21 00:08:32.709, 4, 4, 20812
2026/05/21 00:08:32.709, 5, 3, 17406
2026/05/21 00:08:32.709, 6, 3, 17386
2026/05/21 00:08:32.710, 7, 0, 11600
2026/05/21 00:08:33.286, 0, 0, 21824
2026/05/21 00:08:33.287, 1, 3, 20812
2026/05/21 00:08:33.287, 2, 0, 20848
2026/05/21 00:08:33.287, 3, 0, 20848
2026/05/21 00:08:33.288, 4, 2, 20812
2026/05/21 00:08:33.289, 5, 3, 17406
2026/05/21 00:08:33.289, 6, 3, 17386
2026/05/21 00:08:33.290, 7, 0, 11600
2026/05/21 00:08:33.919, 0, 0, 21824
2026/05/21 00:08:33.919, 1, 3, 20812
2026/05/21 00:08:33.920, 2, 0, 20848
2026/05/21 00:08:33.920, 3, 0, 20848
2026/05/21 00:08:33.920, 4, 3, 20812
2026/05/21 00:08:33.920, 5, 3, 17406
2026/05/21 00:08:33.920, 6, 3, 17386
2026/05/21 00:08:33.921, 7, 0, 11600
2026/05/21 00:08:34.511, 0, 0, 21824
2026/05/21 00:08:34.512, 1, 3, 20812
2026/05/21 00:08:34.512, 2, 0, 20848
2026/05/21 00:08:34.512, 3, 0, 20848
2026/05/21 00:08:34.512, 4, 3, 20812
2026/05/21 00:08:34.512, 5, 3, 17406
2026/05/21 00:08:34.513, 6, 3, 17386
2026/05/21 00:08:34.513, 7, 0, 11600
2026/05/21 00:08:35.099, 0, 0, 21824
2026/05/21 00:08:35.099, 1, 4, 20812
2026/05/21 00:08:35.099, 2, 0, 20848
2026/05/21 00:08:35.100, 3, 0, 20848
2026/05/21 00:08:35.100, 4, 4, 20812
2026/05/21 00:08:35.100, 5, 4, 17406
2026/05/21 00:08:35.100, 6, 4, 17386
2026/05/21 00:08:35.100, 7, 0, 11600
2026/05/21 00:08:35.695, 0, 0, 21824
2026/05/21 00:08:35.695, 1, 4, 20812
2026/05/21 00:08:35.696, 2, 0, 20848
2026/05/21 00:08:35.696, 3, 0, 20848
2026/05/21 00:08:35.696, 4, 4, 20812
2026/05/21 00:08:35.697, 5, 4, 17406
2026/05/21 00:08:35.697, 6, 4, 17386
2026/05/21 00:08:35.697, 7, 0, 11600
2026/05/21 00:08:36.291, 0, 0, 21824
2026/05/21 00:08:36.291, 1, 4, 20812
2026/05/21 00:08:36.291, 2, 0, 20848
2026/05/21 00:08:36.292, 3, 0, 20848
2026/05/21 00:08:36.292, 4, 4, 20812
2026/05/21 00:08:36.292, 5, 4, 17406
2026/05/21 00:08:36.292, 6, 4, 17386
2026/05/21 00:08:36.293, 7, 0, 11600
2026/05/21 00:08:36.882, 0, 0, 21824
2026/05/21 00:08:36.882, 1, 4, 20812
2026/05/21 00:08:36.882, 2, 0, 20848
2026/05/21 00:08:36.882, 3, 0, 20848
2026/05/21 00:08:36.883, 4, 4, 20812
2026/05/21 00:08:36.883, 5, 12, 17406
2026/05/21 00:08:36.883, 6, 4, 17386
2026/05/21 00:08:36.883, 7, 0, 11600
2026/05/21 00:08:37.477, 0, 0, 21824
2026/05/21 00:08:37.477, 1, 4, 20812
2026/05/21 00:08:37.478, 2, 0, 20848
2026/05/21 00:08:37.478, 3, 0, 20848
2026/05/21 00:08:37.478, 4, 4, 20812
2026/05/21 00:08:37.479, 5, 5, 17406
2026/05/21 00:08:37.479, 6, 4, 17386
2026/05/21 00:08:37.479, 7, 0, 11600
2026/05/21 00:08:38.092, 0, 0, 21824
2026/05/21 00:08:38.093, 1, 4, 20812
2026/05/21 00:08:38.093, 2, 0, 20848
2026/05/21 00:08:38.093, 3, 0, 20848
2026/05/21 00:08:38.094, 4, 4, 20812
2026/05/21 00:08:38.094, 5, 6, 17406
2026/05/21 00:08:38.094, 6, 4, 17386
2026/05/21 00:08:38.095, 7, 0, 11600
2026/05/21 00:08:38.725, 0, 0, 21824
2026/05/21 00:08:38.725, 1, 3, 20812
2026/05/21 00:08:38.725, 2, 0, 20848
2026/05/21 00:08:38.725, 3, 0, 20848
2026/05/21 00:08:38.726, 4, 4, 20812
2026/05/21 00:08:38.726, 5, 2, 17406
2026/05/21 00:08:38.726, 6, 4, 17386
2026/05/21 00:08:38.726, 7, 0, 11600
2026/05/21 00:08:39.315, 0, 0, 21824
2026/05/21 00:08:39.316, 1, 4, 20812
2026/05/21 00:08:39.316, 2, 0, 20848
2026/05/21 00:08:39.316, 3, 0, 20848
2026/05/21 00:08:39.317, 4, 4, 20812
2026/05/21 00:08:39.317, 5, 4, 17406
2026/05/21 00:08:39.317, 6, 3, 17386
2026/05/21 00:08:39.317, 7, 0, 11600
2026/05/21 00:08:39.919, 0, 0, 21824
2026/05/21 00:08:39.920, 1, 4, 20812
2026/05/21 00:08:39.920, 2, 0, 20848
2026/05/21 00:08:39.920, 3, 0, 20848
2026/05/21 00:08:39.921, 4, 4, 20812
2026/05/21 00:08:39.921, 5, 3, 17406
2026/05/21 00:08:39.921, 6, 4, 17386
2026/05/21 00:08:39.922, 7, 0, 11600
2026/05/21 00:08:40.533, 0, 0, 21824
2026/05/21 00:08:40.534, 1, 4, 20812
2026/05/21 00:08:40.534, 2, 0, 20848
2026/05/21 00:08:40.535, 3, 0, 20848
2026/05/21 00:08:40.536, 4, 4, 20812
2026/05/21 00:08:40.536, 5, 3, 17406
2026/05/21 00:08:40.536, 6, 4, 17386
2026/05/21 00:08:40.536, 7, 0, 11600
2026/05/21 00:08:41.126, 0, 0, 21824
2026/05/21 00:08:41.126, 1, 4, 20812
2026/05/21 00:08:41.126, 2, 0, 20848
2026/05/21 00:08:41.127, 3, 0, 20848
2026/05/21 00:08:41.127, 4, 4, 20812
2026/05/21 00:08:41.127, 5, 4, 17406
2026/05/21 00:08:41.127, 6, 4, 17386
2026/05/21 00:08:41.128, 7, 0, 11600
2026/05/21 00:08:41.744, 0, 0, 21824
2026/05/21 00:08:41.744, 1, 4, 20812
2026/05/21 00:08:41.745, 2, 0, 20848
2026/05/21 00:08:41.745, 3, 0, 20848
2026/05/21 00:08:41.745, 4, 3, 20812
2026/05/21 00:08:41.746, 5, 4, 17406
2026/05/21 00:08:41.746, 6, 4, 17386
2026/05/21 00:08:41.746, 7, 0, 11600
2026/05/21 00:08:42.341, 0, 0, 21824
2026/05/21 00:08:42.342, 1, 4, 20812
2026/05/21 00:08:42.343, 2, 0, 20848
2026/05/21 00:08:42.343, 3, 0, 20848
2026/05/21 00:08:42.344, 4, 4, 20812
2026/05/21 00:08:42.344, 5, 4, 17406
2026/05/21 00:08:42.344, 6, 3, 17386
2026/05/21 00:08:42.345, 7, 0, 11600
2026/05/21 00:08:42.978, 0, 0, 21824
2026/05/21 00:08:42.978, 1, 4, 20812
2026/05/21 00:08:42.978, 2, 0, 20848
2026/05/21 00:08:42.979, 3, 0, 20848
2026/05/21 00:08:42.979, 4, 4, 20812
2026/05/21 00:08:42.979, 5, 4, 17406
2026/05/21 00:08:42.979, 6, 4, 17386
2026/05/21 00:08:42.980, 7, 0, 11600
2026/05/21 00:08:43.609, 0, 0, 21824
2026/05/21 00:08:43.609, 1, 4, 20812
2026/05/21 00:08:43.610, 2, 0, 20848
2026/05/21 00:08:43.610, 3, 0, 20848
2026/05/21 00:08:43.610, 4, 4, 20812
2026/05/21 00:08:43.610, 5, 3, 17406
2026/05/21 00:08:43.611, 6, 4, 17386
2026/05/21 00:08:43.611, 7, 0, 11600
2026/05/21 00:08:44.180, 0, 0, 21824
2026/05/21 00:08:44.181, 1, 4, 20812
2026/05/21 00:08:44.181, 2, 0, 20848
2026/05/21 00:08:44.181, 3, 0, 20848
2026/05/21 00:08:44.182, 4, 4, 20812
2026/05/21 00:08:44.182, 5, 4, 17406
2026/05/21 00:08:44.182, 6, 4, 17386
2026/05/21 00:08:44.182, 7, 0, 11600
2026/05/21 00:08:44.750, 0, 0, 21824
2026/05/21 00:08:44.750, 1, 4, 20812
2026/05/21 00:08:44.751, 2, 0, 20848
2026/05/21 00:08:44.751, 3, 0, 20848
2026/05/21 00:08:44.751, 4, 4, 20812
2026/05/21 00:08:44.751, 5, 5, 17406
2026/05/21 00:08:44.752, 6, 4, 17386
2026/05/21 00:08:44.752, 7, 0, 11600
2026/05/21 00:08:45.348, 0, 0, 21824
2026/05/21 00:08:45.348, 1, 4, 20812
2026/05/21 00:08:45.349, 2, 0, 20848
2026/05/21 00:08:45.349, 3, 0, 20848
2026/05/21 00:08:45.349, 4, 9, 20812
2026/05/21 00:08:45.350, 5, 4, 17406
2026/05/21 00:08:45.350, 6, 4, 17386
2026/05/21 00:08:45.350, 7, 0, 11600
2026/05/21 00:08:45.949, 0, 0, 21824
2026/05/21 00:08:45.949, 1, 4, 20812
2026/05/21 00:08:45.950, 2, 0, 20848
2026/05/21 00:08:45.950, 3, 0, 20848
2026/05/21 00:08:45.950, 4, 4, 20812
2026/05/21 00:08:45.950, 5, 4, 17406
2026/05/21 00:08:45.951, 6, 4, 17386
2026/05/21 00:08:45.951, 7, 0, 11600
2026/05/21 00:08:46.555, 0, 0, 21824
2026/05/21 00:08:46.555, 1, 3, 20812
2026/05/21 00:08:46.556, 2, 0, 20848
2026/05/21 00:08:46.556, 3, 0, 20848
2026/05/21 00:08:46.556, 4, 4, 20812
2026/05/21 00:08:46.557, 5, 4, 17406
2026/05/21 00:08:46.557, 6, 4, 17386
2026/05/21 00:08:46.557, 7, 0, 11600
2026/05/21 00:08:47.141, 0, 0, 21824
2026/05/21 00:08:47.142, 1, 0, 20848
2026/05/21 00:08:47.142, 2, 0, 20848
2026/05/21 00:08:47.142, 3, 0, 20848
2026/05/21 00:08:47.143, 4, 4, 20812
2026/05/21 00:08:47.143, 5, 4, 17406
2026/05/21 00:08:47.143, 6, 3, 17386
2026/05/21 00:08:47.143, 7, 0, 11600
2026/05/21 00:08:47.756, 0, 0, 21824
2026/05/21 00:08:47.757, 1, 0, 20848
2026/05/21 00:08:47.757, 2, 0, 20848
2026/05/21 00:08:47.757, 3, 0, 20848
2026/05/21 00:08:47.757, 4, 5, 20812
2026/05/21 00:08:47.758, 5, 7, 17436
2026/05/21 00:08:47.758, 6, 0, 17418
2026/05/21 00:08:47.758, 7, 0, 11600
2026/05/21 00:08:48.346, 0, 0, 21824
2026/05/21 00:08:48.346, 1, 0, 20848
2026/05/21 00:08:48.347, 2, 0, 20848
2026/05/21 00:08:48.347, 3, 0, 20848
2026/05/21 00:08:48.347, 4, 5, 20812
2026/05/21 00:08:48.347, 5, 0, 17436
2026/05/21 00:08:48.347, 6, 0, 17418
2026/05/21 00:08:48.348, 7, 0, 11600
2026/05/21 00:08:48.976, 0, 0, 21824
2026/05/21 00:08:48.976, 1, 0, 20848
2026/05/21 00:08:48.976, 2, 0, 20848
2026/05/21 00:08:48.976, 3, 0, 20848
2026/05/21 00:08:48.977, 4, 5, 20812
2026/05/21 00:08:48.977, 5, 0, 17436
2026/05/21 00:08:48.977, 6, 0, 17418
2026/05/21 00:08:48.977, 7, 0, 11600
2026/05/21 00:08:49.592, 0, 0, 21824
2026/05/21 00:08:49.592, 1, 0, 20848
2026/05/21 00:08:49.593, 2, 0, 20848
2026/05/21 00:08:49.593, 3, 0, 20848
2026/05/21 00:08:49.593, 4, 5, 20812
2026/05/21 00:08:49.593, 5, 0, 17436
2026/05/21 00:08:49.594, 6, 0, 17418
2026/05/21 00:08:49.594, 7, 0, 11600
2026/05/21 00:08:50.183, 0, 0, 21824
2026/05/21 00:08:50.183, 1, 0, 20848
2026/05/21 00:08:50.184, 2, 0, 20848
2026/05/21 00:08:50.184, 3, 0, 20848
2026/05/21 00:08:50.184, 4, 5, 20812
2026/05/21 00:08:50.184, 5, 0, 17436
2026/05/21 00:08:50.185, 6, 0, 17418
2026/05/21 00:08:50.185, 7, 0, 11600
2026/05/21 00:08:50.775, 0, 0, 21824
2026/05/21 00:08:50.775, 1, 0, 20848
2026/05/21 00:08:50.776, 2, 0, 20848
2026/05/21 00:08:50.776, 3, 0, 20848
2026/05/21 00:08:50.776, 4, 5, 20812
2026/05/21 00:08:50.776, 5, 0, 17436
2026/05/21 00:08:50.776, 6, 0, 17418
2026/05/21 00:08:50.777, 7, 0, 11600
2026/05/21 00:08:51.380, 0, 0, 21824
2026/05/21 00:08:51.381, 1, 0, 20848
2026/05/21 00:08:51.381, 2, 0, 20848
2026/05/21 00:08:51.381, 3, 0, 20848
2026/05/21 00:08:51.382, 4, 5, 20812
2026/05/21 00:08:51.382, 5, 0, 17436
2026/05/21 00:08:51.383, 6, 0, 17418
2026/05/21 00:08:51.384, 7, 0, 11600
2026/05/21 00:08:51.981, 0, 0, 21824
2026/05/21 00:08:51.981, 1, 0, 20848
2026/05/21 00:08:51.982, 2, 0, 20848
2026/05/21 00:08:51.982, 3, 0, 20848
2026/05/21 00:08:51.982, 4, 5, 20812
2026/05/21 00:08:51.982, 5, 0, 17436
2026/05/21 00:08:51.982, 6, 0, 17418
2026/05/21 00:08:51.983, 7, 0, 11600
2026/05/21 00:08:52.570, 0, 0, 21824
2026/05/21 00:08:52.570, 1, 0, 20848
2026/05/21 00:08:52.570, 2, 0, 20848
2026/05/21 00:08:52.571, 3, 0, 20848
2026/05/21 00:08:52.571, 4, 5, 20812
2026/05/21 00:08:52.571, 5, 0, 17436
2026/05/21 00:08:52.571, 6, 0, 17418
2026/05/21 00:08:52.571, 7, 0, 11600
2026/05/21 00:08:53.159, 0, 0, 21824
2026/05/21 00:08:53.159, 1, 0, 20848
2026/05/21 00:08:53.159, 2, 0, 20848
2026/05/21 00:08:53.159, 3, 0, 20848
2026/05/21 00:08:53.160, 4, 5, 20812
2026/05/21 00:08:53.160, 5, 0, 17436
2026/05/21 00:08:53.160, 6, 0, 17418
2026/05/21 00:08:53.160, 7, 0, 11600
2026/05/21 00:08:53.755, 0, 0, 23618
2026/05/21 00:08:53.755, 1, 0, 20850
2026/05/21 00:08:53.756, 2, 0, 20850
2026/05/21 00:08:53.756, 3, 0, 20850
2026/05/21 00:08:53.757, 4, 0, 20850
2026/05/21 00:08:53.757, 5, 0, 17438
2026/05/21 00:08:53.758, 6, 0, 17420
2026/05/21 00:08:53.758, 7, 0, 11602
2026/05/21 00:08:54.380, 0, 13, 23888
2026/05/21 00:08:54.380, 1, 0, 20850
2026/05/21 00:08:54.381, 2, 0, 20850
2026/05/21 00:08:54.381, 3, 0, 20850
2026/05/21 00:08:54.381, 4, 0, 20850
2026/05/21 00:08:54.382, 5, 0, 17438
2026/05/21 00:08:54.382, 6, 0, 17420
2026/05/21 00:08:54.383, 7, 0, 11602
2026/05/21 00:08:54.982, 0, 10, 23888
2026/05/21 00:08:54.983, 1, 14, 22912
2026/05/21 00:08:54.983, 2, 11, 22912
2026/05/21 00:08:54.983, 3, 5, 22912
2026/05/21 00:08:54.984, 4, 5, 22912
2026/05/21 00:08:54.984, 5, 4, 19500
2026/05/21 00:08:54.984, 6, 9, 19482
2026/05/21 00:08:54.985, 7, 5, 13664
2026/05/21 00:08:55.564, 0, 0, 23888
2026/05/21 00:08:55.564, 1, 0, 22912
2026/05/21 00:08:55.564, 2, 0, 22912
2026/05/21 00:08:55.564, 3, 0, 22912
2026/05/21 00:08:55.565, 4, 0, 22912
2026/05/21 00:08:55.565, 5, 0, 19500
2026/05/21 00:08:55.565, 6, 0, 19482
2026/05/21 00:08:55.565, 7, 0, 13666
2026/05/21 00:08:56.148, 0, 10, 23888
2026/05/21 00:08:56.149, 1, 11, 22912
2026/05/21 00:08:56.149, 2, 11, 22912
2026/05/21 00:08:56.149, 3, 11, 22912
2026/05/21 00:08:56.149, 4, 16, 22912
2026/05/21 00:08:56.150, 5, 13, 19500
2026/05/21 00:08:56.150, 6, 9, 19482
2026/05/21 00:08:56.150, 7, 8, 13666
2026/05/21 00:08:56.735, 0, 16, 23888
2026/05/21 00:08:56.736, 1, 16, 22912
2026/05/21 00:08:56.736, 2, 15, 22912
2026/05/21 00:08:56.736, 3, 16, 22912
2026/05/21 00:08:56.736, 4, 11, 22912
2026/05/21 00:08:56.737, 5, 9, 19500
2026/05/21 00:08:56.737, 6, 13, 19482
2026/05/21 00:08:56.737, 7, 8, 13666
2026/05/21 00:08:57.305, 0, 10, 23888
2026/05/21 00:08:57.305, 1, 11, 22912
2026/05/21 00:08:57.305, 2, 10, 22912
2026/05/21 00:08:57.306, 3, 11, 22912
2026/05/21 00:08:57.306, 4, 10, 22912
2026/05/21 00:08:57.306, 5, 9, 19500
2026/05/21 00:08:57.306, 6, 11, 19482
2026/05/21 00:08:57.307, 7, 8, 13666
2026/05/21 00:08:57.897, 0, 16, 23888
2026/05/21 00:08:57.898, 1, 16, 22912
2026/05/21 00:08:57.898, 2, 16, 22912
2026/05/21 00:08:57.898, 3, 11, 22912
2026/05/21 00:08:57.898, 4, 10, 22912
2026/05/21 00:08:57.898, 5, 9, 19500
2026/05/21 00:08:57.899, 6, 12, 19482
2026/05/21 00:08:57.899, 7, 12, 13666
2026/05/21 00:08:58.510, 0, 40, 23888
2026/05/21 00:08:58.510, 1, 51, 22912
2026/05/21 00:08:58.511, 2, 40, 22912
2026/05/21 00:08:58.511, 3, 48, 22912
2026/05/21 00:08:58.512, 4, 43, 22912
2026/05/21 00:08:58.512, 5, 35, 19500
2026/05/21 00:08:58.513, 6, 34, 19482
2026/05/21 00:08:58.513, 7, 23, 13666
2026/05/21 00:08:59.110, 0, 37, 23888
2026/05/21 00:08:59.110, 1, 41, 22912
2026/05/21 00:08:59.111, 2, 37, 22912
2026/05/21 00:08:59.111, 3, 57, 22912
2026/05/21 00:08:59.112, 4, 51, 22912
2026/05/21 00:08:59.113, 5, 44, 19500
2026/05/21 00:08:59.113, 6, 33, 19482
2026/05/21 00:08:59.113, 7, 36, 13666
2026/05/21 00:08:59.728, 0, 62, 23888
2026/05/21 00:08:59.728, 1, 42, 22912
2026/05/21 00:08:59.729, 2, 62, 22912
2026/05/21 00:08:59.729, 3, 45, 22912
2026/05/21 00:08:59.729, 4, 50, 22912
2026/05/21 00:08:59.729, 5, 40, 19500
2026/05/21 00:08:59.730, 6, 51, 19482
2026/05/21 00:08:59.730, 7, 28, 13666
2026/05/21 00:09:00.316, 0, 37, 23888
2026/05/21 00:09:00.316, 1, 62, 22912
2026/05/21 00:09:00.317, 2, 38, 22912
2026/05/21 00:09:00.317, 3, 37, 22912
2026/05/21 00:09:00.317, 4, 41, 22912
2026/05/21 00:09:00.317, 5, 33, 19500
2026/05/21 00:09:00.318, 6, 52, 19482
2026/05/21 00:09:00.318, 7, 34, 13666
2026/05/21 00:09:00.907, 0, 53, 23888
2026/05/21 00:09:00.908, 1, 44, 22912
2026/05/21 00:09:00.908, 2, 52, 22912
2026/05/21 00:09:00.908, 3, 38, 22912
2026/05/21 00:09:00.908, 4, 37, 22912
2026/05/21 00:09:00.908, 5, 31, 19500
2026/05/21 00:09:00.909, 6, 43, 19482
2026/05/21 00:09:00.909, 7, 39, 13666
2026/05/21 00:09:01.532, 0, 54, 23888
2026/05/21 00:09:01.532, 1, 38, 22912
2026/05/21 00:09:01.533, 2, 54, 22912
2026/05/21 00:09:01.533, 3, 47, 22912
2026/05/21 00:09:01.533, 4, 52, 22912
2026/05/21 00:09:01.533, 5, 44, 19500
2026/05/21 00:09:01.533, 6, 45, 19482
2026/05/21 00:09:01.534, 7, 36, 13666
2026/05/21 00:09:02.123, 0, 37, 23888
2026/05/21 00:09:02.123, 1, 38, 22912
2026/05/21 00:09:02.124, 2, 38, 22912
2026/05/21 00:09:02.124, 3, 53, 22912
2026/05/21 00:09:02.124, 4, 50, 22912
2026/05/21 00:09:02.124, 5, 44, 19500
2026/05/21 00:09:02.125, 6, 31, 19482
2026/05/21 00:09:02.125, 7, 28, 13666
