2026/05/20 21:41:46.934, 0, 0, 0
2026/05/20 21:41:46.935, 1, 0, 0
2026/05/20 21:41:46.935, 2, 0, 0
2026/05/20 21:41:46.935, 3, 0, 0
2026/05/20 21:41:46.935, 4, 0, 0
2026/05/20 21:41:46.936, 5, 0, 0
2026/05/20 21:41:46.936, 6, 0, 0
2026/05/20 21:41:46.936, 7, 0, 0
2026/05/20 21:41:47.818, 0, 0, 4
2026/05/20 21:41:47.819, 1, 0, 4
2026/05/20 21:41:47.820, 2, 0, 4
2026/05/20 21:41:47.820, 3, 0, 4
2026/05/20 21:41:47.820, 4, 0, 0
2026/05/20 21:41:47.821, 5, 0, 0
2026/05/20 21:41:47.821, 6, 0, 0
2026/05/20 21:41:47.822, 7, 0, 0
2026/05/20 21:41:48.890, 0, 0, 16
2026/05/20 21:41:48.891, 1, 0, 16
2026/05/20 21:41:48.895, 2, 0, 16
2026/05/20 21:41:48.896, 3, 0, 16
2026/05/20 21:41:48.898, 4, 0, 16
2026/05/20 21:41:48.900, 5, 0, 16
2026/05/20 21:41:48.902, 6, 0, 16
2026/05/20 21:41:48.904, 7, 0, 16
2026/05/20 21:41:49.615, 0, 0, 30
2026/05/20 21:41:49.616, 1, 0, 62
2026/05/20 21:41:49.616, 2, 1, 26
2026/05/20 21:41:49.616, 3, 1, 30
2026/05/20 21:41:49.617, 4, 1, 28
2026/05/20 21:41:49.618, 5, 1, 312
2026/05/20 21:41:49.619, 6, 1, 28
2026/05/20 21:41:49.619, 7, 1, 30
2026/05/20 21:41:50.228, 0, 2, 21794
2026/05/20 21:41:50.229, 1, 2, 20812
2026/05/20 21:41:50.229, 2, 12, 20812
2026/05/20 21:41:50.229, 3, 10, 20812
2026/05/20 21:41:50.229, 4, 2, 20812
2026/05/20 21:41:50.230, 5, 18, 17406
2026/05/20 21:41:50.230, 6, 24, 17386
2026/05/20 21:41:50.230, 7, 3, 11582
2026/05/20 21:41:50.843, 0, 2, 21794
2026/05/20 21:41:50.843, 1, 2, 20812
2026/05/20 21:41:50.843, 2, 22, 20812
2026/05/20 21:41:50.844, 3, 5, 20812
2026/05/20 21:41:50.844, 4, 16, 20812
2026/05/20 21:41:50.844, 5, 25, 17406
2026/05/20 21:41:50.844, 6, 2, 17386
2026/05/20 21:41:50.845, 7, 3, 11582
2026/05/20 21:41:51.438, 0, 15, 21794
2026/05/20 21:41:51.438, 1, 3, 20812
2026/05/20 21:41:51.438, 2, 12, 20812
2026/05/20 21:41:51.439, 3, 3, 20812
2026/05/20 21:41:51.439, 4, 27, 20812
2026/05/20 21:41:51.439, 5, 34, 17406
2026/05/20 21:41:51.439, 6, 2, 17386
2026/05/20 21:41:51.440, 7, 2, 11582
2026/05/20 21:41:52.010, 0, 3, 21794
2026/05/20 21:41:52.010, 1, 3, 20812
2026/05/20 21:41:52.010, 2, 3, 20812
2026/05/20 21:41:52.011, 3, 3, 20812
2026/05/20 21:41:52.011, 4, 32, 20812
2026/05/20 21:41:52.011, 5, 37, 17406
2026/05/20 21:41:52.011, 6, 3, 17386
2026/05/20 21:41:52.011, 7, 3, 11582
2026/05/20 21:41:52.619, 0, 2, 21794
2026/05/20 21:41:52.620, 1, 3, 20812
2026/05/20 21:41:52.620, 2, 2, 20812
2026/05/20 21:41:52.620, 3, 2, 20812
2026/05/20 21:41:52.621, 4, 27, 20812
2026/05/20 21:41:52.621, 5, 3, 17406
2026/05/20 21:41:52.621, 6, 3, 17386
2026/05/20 21:41:52.622, 7, 2, 11582
2026/05/20 21:41:53.257, 0, 3, 21794
2026/05/20 21:41:53.257, 1, 3, 20812
2026/05/20 21:41:53.258, 2, 3, 20812
2026/05/20 21:41:53.258, 3, 8, 20812
2026/05/20 21:41:53.258, 4, 32, 20812
2026/05/20 21:41:53.259, 5, 24, 17406
2026/05/20 21:41:53.259, 6, 3, 17386
2026/05/20 21:41:53.259, 7, 4, 11582
2026/05/20 21:41:53.857, 0, 3, 21794
2026/05/20 21:41:53.857, 1, 3, 20812
2026/05/20 21:41:53.858, 2, 3, 20812
2026/05/20 21:41:53.858, 3, 5, 20812
2026/05/20 21:41:53.858, 4, 28, 20812
2026/05/20 21:41:53.858, 5, 3, 17406
2026/05/20 21:41:53.859, 6, 3, 17386
2026/05/20 21:41:53.859, 7, 2, 11582
2026/05/20 21:41:54.448, 0, 3, 21794
2026/05/20 21:41:54.449, 1, 3, 20812
2026/05/20 21:41:54.449, 2, 3, 20812
2026/05/20 21:41:54.449, 3, 4, 20812
2026/05/20 21:41:54.449, 4, 13, 20812
2026/05/20 21:41:54.450, 5, 14, 17406
2026/05/20 21:41:54.450, 6, 3, 17386
2026/05/20 21:41:54.450, 7, 3, 11582
2026/05/20 21:41:55.042, 0, 3, 21794
2026/05/20 21:41:55.043, 1, 3, 20812
2026/05/20 21:41:55.043, 2, 2, 20812
2026/05/20 21:41:55.044, 3, 3, 20812
2026/05/20 21:41:55.044, 4, 6, 20812
2026/05/20 21:41:55.044, 5, 2, 17406
2026/05/20 21:41:55.045, 6, 2, 17386
2026/05/20 21:41:55.045, 7, 2, 11582
2026/05/20 21:41:55.664, 0, 3, 21794
2026/05/20 21:41:55.664, 1, 3, 20812
2026/05/20 21:41:55.664, 2, 2, 20812
2026/05/20 21:41:55.665, 3, 2, 20812
2026/05/20 21:41:55.665, 4, 26, 20812
2026/05/20 21:41:55.665, 5, 3, 17406
2026/05/20 21:41:55.665, 6, 3, 17386
2026/05/20 21:41:55.665, 7, 2, 11582
2026/05/20 21:41:56.256, 0, 8, 21794
2026/05/20 21:41:56.256, 1, 3, 20812
2026/05/20 21:41:56.256, 2, 3, 20812
2026/05/20 21:41:56.256, 3, 3, 20812
2026/05/20 21:41:56.257, 4, 12, 20812
2026/05/20 21:41:56.257, 5, 3, 17406
2026/05/20 21:41:56.257, 6, 2, 17386
2026/05/20 21:41:56.257, 7, 3, 11582
2026/05/20 21:41:56.826, 0, 3, 21794
2026/05/20 21:41:56.826, 1, 3, 20812
2026/05/20 21:41:56.827, 2, 2, 20812
2026/05/20 21:41:56.827, 3, 3, 20812
2026/05/20 21:41:56.827, 4, 25, 20812
2026/05/20 21:41:56.827, 5, 3, 17406
2026/05/20 21:41:56.827, 6, 2, 17386
2026/05/20 21:41:56.828, 7, 3, 11582
2026/05/20 21:41:57.452, 0, 2, 21794
2026/05/20 21:41:57.453, 1, 3, 20812
2026/05/20 21:41:57.453, 2, 3, 20812
2026/05/20 21:41:57.454, 3, 3, 20812
2026/05/20 21:41:57.454, 4, 27, 20812
2026/05/20 21:41:57.455, 5, 3, 17406
2026/05/20 21:41:57.456, 6, 3, 17386
2026/05/20 21:41:57.456, 7, 2, 11582
2026/05/20 21:41:58.040, 0, 3, 21794
2026/05/20 21:41:58.040, 1, 2, 20812
2026/05/20 21:41:58.040, 2, 3, 20812
2026/05/20 21:41:58.041, 3, 2, 20812
2026/05/20 21:41:58.041, 4, 27, 20812
2026/05/20 21:41:58.041, 5, 3, 17406
2026/05/20 21:41:58.041, 6, 3, 17386
2026/05/20 21:41:58.041, 7, 2, 11582
2026/05/20 21:41:58.632, 0, 3, 21794
2026/05/20 21:41:58.632, 1, 3, 20812
2026/05/20 21:41:58.632, 2, 2, 20812
2026/05/20 21:41:58.633, 3, 3, 20812
2026/05/20 21:41:58.633, 4, 26, 20812
2026/05/20 21:41:58.633, 5, 3, 17406
2026/05/20 21:41:58.633, 6, 2, 17386
2026/05/20 21:41:58.634, 7, 2, 11582
2026/05/20 21:41:59.222, 0, 3, 21794
2026/05/20 21:41:59.222, 1, 2, 20812
2026/05/20 21:41:59.222, 2, 2, 20812
2026/05/20 21:41:59.223, 3, 3, 20812
2026/05/20 21:41:59.223, 4, 26, 20832
2026/05/20 21:41:59.223, 5, 3, 17406
2026/05/20 21:41:59.223, 6, 2, 17386
2026/05/20 21:41:59.224, 7, 3, 11582
2026/05/20 21:41:59.820, 0, 3, 21794
2026/05/20 21:41:59.821, 1, 3, 20812
2026/05/20 21:41:59.821, 2, 3, 20812
2026/05/20 21:41:59.821, 3, 3, 20812
2026/05/20 21:41:59.822, 4, 0, 20832
2026/05/20 21:41:59.822, 5, 3, 17406
2026/05/20 21:41:59.822, 6, 2, 17386
2026/05/20 21:41:59.823, 7, 3, 11582
2026/05/20 21:42:00.459, 0, 2, 21794
2026/05/20 21:42:00.460, 1, 3, 20812
2026/05/20 21:42:00.460, 2, 2, 20812
2026/05/20 21:42:00.460, 3, 2, 20812
2026/05/20 21:42:00.461, 4, 0, 20832
2026/05/20 21:42:00.461, 5, 2, 17406
2026/05/20 21:42:00.461, 6, 2, 17386
2026/05/20 21:42:00.461, 7, 3, 11582
2026/05/20 21:42:01.054, 0, 8, 21794
2026/05/20 21:42:01.054, 1, 3, 20812
2026/05/20 21:42:01.054, 2, 3, 20812
2026/05/20 21:42:01.055, 3, 3, 20812
2026/05/20 21:42:01.055, 4, 0, 20832
2026/05/20 21:42:01.055, 5, 3, 17406
2026/05/20 21:42:01.055, 6, 3, 17386
2026/05/20 21:42:01.056, 7, 3, 11582
2026/05/20 21:42:01.692, 0, 3, 21794
2026/05/20 21:42:01.693, 1, 8, 20812
2026/05/20 21:42:01.693, 2, 3, 20812
2026/05/20 21:42:01.693, 3, 3, 20812
2026/05/20 21:42:01.693, 4, 0, 20832
2026/05/20 21:42:01.693, 5, 3, 17406
2026/05/20 21:42:01.694, 6, 3, 17386
2026/05/20 21:42:01.694, 7, 2, 11582
2026/05/20 21:42:02.283, 0, 3, 21794
2026/05/20 21:42:02.283, 1, 3, 20812
2026/05/20 21:42:02.283, 2, 3, 20812
2026/05/20 21:42:02.284, 3, 2, 20812
2026/05/20 21:42:02.284, 4, 0, 20832
2026/05/20 21:42:02.284, 5, 3, 17406
2026/05/20 21:42:02.285, 6, 3, 17386
2026/05/20 21:42:02.285, 7, 3, 11582
2026/05/20 21:42:02.895, 0, 3, 21794
2026/05/20 21:42:02.895, 1, 3, 20812
2026/05/20 21:42:02.895, 2, 6, 20812
2026/05/20 21:42:02.896, 3, 3, 20812
2026/05/20 21:42:02.896, 4, 0, 20832
2026/05/20 21:42:02.896, 5, 3, 17406
2026/05/20 21:42:02.896, 6, 3, 17386
2026/05/20 21:42:02.896, 7, 3, 11582
2026/05/20 21:42:03.505, 0, 3, 21794
2026/05/20 21:42:03.505, 1, 3, 20812
2026/05/20 21:42:03.506, 2, 3, 20812
2026/05/20 21:42:03.506, 3, 7, 20812
2026/05/20 21:42:03.506, 4, 0, 20832
2026/05/20 21:42:03.507, 5, 3, 17406
2026/05/20 21:42:03.507, 6, 7, 17386
2026/05/20 21:42:03.507, 7, 2, 11582
2026/05/20 21:42:04.140, 0, 3, 21794
2026/05/20 21:42:04.141, 1, 3, 20812
2026/05/20 21:42:04.141, 2, 6, 20812
2026/05/20 21:42:04.141, 3, 3, 20812
2026/05/20 21:42:04.142, 4, 0, 20832
2026/05/20 21:42:04.142, 5, 2, 17406
2026/05/20 21:42:04.142, 6, 3, 17386
2026/05/20 21:42:04.143, 7, 3, 11582
2026/05/20 21:42:04.743, 0, 3, 21794
2026/05/20 21:42:04.744, 1, 2, 20812
2026/05/20 21:42:04.744, 2, 2, 20812
2026/05/20 21:42:04.744, 3, 3, 20812
2026/05/20 21:42:04.745, 4, 0, 20832
2026/05/20 21:42:04.745, 5, 3, 17406
2026/05/20 21:42:04.745, 6, 2, 17386
2026/05/20 21:42:04.745, 7, 3, 11582
2026/05/20 21:42:05.358, 0, 3, 21794
2026/05/20 21:42:05.358, 1, 2, 20812
2026/05/20 21:42:05.360, 2, 2, 20812
2026/05/20 21:42:05.360, 3, 3, 20812
2026/05/20 21:42:05.360, 4, 0, 20832
2026/05/20 21:42:05.361, 5, 3, 17406
2026/05/20 21:42:05.361, 6, 10, 17386
2026/05/20 21:42:05.361, 7, 3, 11582
2026/05/20 21:42:05.976, 0, 3, 21794
2026/05/20 21:42:05.977, 1, 3, 20812
2026/05/20 21:42:05.978, 2, 2, 20812
2026/05/20 21:42:05.979, 3, 3, 20812
2026/05/20 21:42:05.979, 4, 0, 20832
2026/05/20 21:42:05.979, 5, 3, 17406
2026/05/20 21:42:05.980, 6, 9, 17386
2026/05/20 21:42:05.980, 7, 2, 11582
2026/05/20 21:42:06.596, 0, 3, 21794
2026/05/20 21:42:06.597, 1, 3, 20812
2026/05/20 21:42:06.597, 2, 2, 20812
2026/05/20 21:42:06.597, 3, 8, 20812
2026/05/20 21:42:06.597, 4, 0, 20832
2026/05/20 21:42:06.598, 5, 18, 17406
2026/05/20 21:42:06.598, 6, 3, 17386
2026/05/20 21:42:06.598, 7, 3, 11582
2026/05/20 21:42:07.192, 0, 4, 21794
2026/05/20 21:42:07.192, 1, 3, 20812
2026/05/20 21:42:07.192, 2, 24, 20812
2026/05/20 21:42:07.193, 3, 5, 20812
2026/05/20 21:42:07.193, 4, 0, 20832
2026/05/20 21:42:07.193, 5, 3, 17406
2026/05/20 21:42:07.193, 6, 3, 17386
2026/05/20 21:42:07.194, 7, 3, 11582
2026/05/20 21:42:07.784, 0, 2, 21794
2026/05/20 21:42:07.784, 1, 3, 20812
2026/05/20 21:42:07.785, 2, 3, 20812
2026/05/20 21:42:07.785, 3, 3, 20812
2026/05/20 21:42:07.785, 4, 0, 20832
2026/05/20 21:42:07.785, 5, 3, 17406
2026/05/20 21:42:07.786, 6, 3, 17386
2026/05/20 21:42:07.786, 7, 3, 11582
2026/05/20 21:42:08.405, 0, 2, 21794
2026/05/20 21:42:08.405, 1, 3, 20812
2026/05/20 21:42:08.405, 2, 3, 20812
2026/05/20 21:42:08.406, 3, 3, 20812
2026/05/20 21:42:08.406, 4, 0, 20832
2026/05/20 21:42:08.406, 5, 3, 17406
2026/05/20 21:42:08.408, 6, 16, 17386
2026/05/20 21:42:08.408, 7, 3, 11582
2026/05/20 21:42:09.009, 0, 3, 21794
2026/05/20 21:42:09.009, 1, 16, 20812
2026/05/20 21:42:09.009, 2, 3, 20812
2026/05/20 21:42:09.009, 3, 3, 20812
2026/05/20 21:42:09.010, 4, 0, 20832
2026/05/20 21:42:09.010, 5, 3, 17406
2026/05/20 21:42:09.010, 6, 13, 17386
2026/05/20 21:42:09.010, 7, 2, 11582
2026/05/20 21:42:09.617, 0, 3, 21794
2026/05/20 21:42:09.617, 1, 2, 20812
2026/05/20 21:42:09.617, 2, 6, 20812
2026/05/20 21:42:09.618, 3, 15, 20812
2026/05/20 21:42:09.618, 4, 0, 20832
2026/05/20 21:42:09.618, 5, 2, 17406
2026/05/20 21:42:09.619, 6, 11, 17386
2026/05/20 21:42:09.619, 7, 3, 11582
2026/05/20 21:42:10.213, 0, 3, 21794
2026/05/20 21:42:10.214, 1, 3, 20812
2026/05/20 21:42:10.214, 2, 9, 20812
2026/05/20 21:42:10.214, 3, 2, 20812
2026/05/20 21:42:10.215, 4, 0, 20832
2026/05/20 21:42:10.215, 5, 14, 17406
2026/05/20 21:42:10.215, 6, 16, 17386
2026/05/20 21:42:10.216, 7, 3, 11582
2026/05/20 21:42:10.821, 0, 3, 21794
2026/05/20 21:42:10.821, 1, 3, 20812
2026/05/20 21:42:10.822, 2, 21, 20812
2026/05/20 21:42:10.822, 3, 5, 20812
2026/05/20 21:42:10.822, 4, 0, 20832
2026/05/20 21:42:10.823, 5, 8, 17406
2026/05/20 21:42:10.823, 6, 3, 17386
2026/05/20 21:42:10.823, 7, 3, 11582
2026/05/20 21:42:11.440, 0, 3, 21794
2026/05/20 21:42:11.440, 1, 3, 20812
2026/05/20 21:42:11.440, 2, 4, 20812
2026/05/20 21:42:11.441, 3, 2, 20812
2026/05/20 21:42:11.441, 4, 0, 20832
2026/05/20 21:42:11.442, 5, 4, 17406
2026/05/20 21:42:11.442, 6, 4, 17386
2026/05/20 21:42:11.442, 7, 3, 11582
2026/05/20 21:42:12.024, 0, 3, 21794
2026/05/20 21:42:12.025, 1, 2, 20812
2026/05/20 21:42:12.025, 2, 3, 20812
2026/05/20 21:42:12.025, 3, 1, 20812
2026/05/20 21:42:12.026, 4, 0, 20832
2026/05/20 21:42:12.026, 5, 0, 17422
2026/05/20 21:42:12.026, 6, 3, 17386
2026/05/20 21:42:12.027, 7, 3, 11582
2026/05/20 21:42:12.608, 0, 3, 21794
2026/05/20 21:42:12.609, 1, 3, 20812
2026/05/20 21:42:12.609, 2, 1, 20812
2026/05/20 21:42:12.609, 3, 3, 20812
2026/05/20 21:42:12.609, 4, 0, 20832
2026/05/20 21:42:12.610, 5, 0, 17422
2026/05/20 21:42:12.610, 6, 3, 17386
2026/05/20 21:42:12.610, 7, 3, 11582
2026/05/20 21:42:13.244, 0, 3, 21794
2026/05/20 21:42:13.244, 1, 3, 20812
2026/05/20 21:42:13.244, 2, 17, 20812
2026/05/20 21:42:13.244, 3, 2, 20812
2026/05/20 21:42:13.245, 4, 0, 20832
2026/05/20 21:42:13.245, 5, 0, 17422
2026/05/20 21:42:13.245, 6, 3, 17386
2026/05/20 21:42:13.245, 7, 3, 11582
2026/05/20 21:42:13.820, 0, 3, 21794
2026/05/20 21:42:13.820, 1, 3, 20812
2026/05/20 21:42:13.821, 2, 3, 20812
2026/05/20 21:42:13.821, 3, 3, 20812
2026/05/20 21:42:13.821, 4, 0, 20832
2026/05/20 21:42:13.821, 5, 0, 17422
2026/05/20 21:42:13.821, 6, 3, 17386
2026/05/20 21:42:13.822, 7, 3, 11582
2026/05/20 21:42:14.399, 0, 3, 21794
2026/05/20 21:42:14.400, 1, 3, 20812
2026/05/20 21:42:14.400, 2, 3, 20812
2026/05/20 21:42:14.400, 3, 2, 20812
2026/05/20 21:42:14.401, 4, 0, 20832
2026/05/20 21:42:14.401, 5, 0, 17422
2026/05/20 21:42:14.401, 6, 26, 17386
2026/05/20 21:42:14.401, 7, 4, 11582
2026/05/20 21:42:15.018, 0, 9, 21794
2026/05/20 21:42:15.018, 1, 3, 20812
2026/05/20 21:42:15.019, 2, 3, 20812
2026/05/20 21:42:15.019, 3, 2, 20812
2026/05/20 21:42:15.019, 4, 0, 20832
2026/05/20 21:42:15.019, 5, 0, 17422
2026/05/20 21:42:15.020, 6, 3, 17386
2026/05/20 21:42:15.020, 7, 3, 11582
2026/05/20 21:42:15.616, 0, 3, 21794
2026/05/20 21:42:15.616, 1, 3, 20812
2026/05/20 21:42:15.617, 2, 4, 20812
2026/05/20 21:42:15.617, 3, 6, 20812
2026/05/20 21:42:15.617, 4, 0, 20832
2026/05/20 21:42:15.617, 5, 0, 17422
2026/05/20 21:42:15.618, 6, 3, 17386
2026/05/20 21:42:15.618, 7, 3, 11582
2026/05/20 21:42:16.211, 0, 4, 21794
2026/05/20 21:42:16.211, 1, 3, 20812
2026/05/20 21:42:16.211, 2, 3, 20812
2026/05/20 21:42:16.211, 3, 3, 20812
2026/05/20 21:42:16.212, 4, 0, 20832
2026/05/20 21:42:16.212, 5, 0, 17422
2026/05/20 21:42:16.212, 6, 3, 17386
2026/05/20 21:42:16.213, 7, 3, 11582
2026/05/20 21:42:16.807, 0, 3, 21794
2026/05/20 21:42:16.807, 1, 3, 20812
2026/05/20 21:42:16.807, 2, 3, 20812
2026/05/20 21:42:16.808, 3, 3, 20812
2026/05/20 21:42:16.808, 4, 0, 20832
2026/05/20 21:42:16.808, 5, 0, 17422
2026/05/20 21:42:16.809, 6, 9, 17386
2026/05/20 21:42:16.809, 7, 3, 11582
2026/05/20 21:42:17.425, 0, 3, 21794
2026/05/20 21:42:17.425, 1, 4, 20812
2026/05/20 21:42:17.426, 2, 3, 20812
2026/05/20 21:42:17.426, 3, 3, 20812
2026/05/20 21:42:17.426, 4, 0, 20832
2026/05/20 21:42:17.426, 5, 0, 17422
2026/05/20 21:42:17.426, 6, 3, 17386
2026/05/20 21:42:17.427, 7, 3, 11582
2026/05/20 21:42:17.996, 0, 3, 21794
2026/05/20 21:42:17.996, 1, 4, 20812
2026/05/20 21:42:17.996, 2, 3, 20812
2026/05/20 21:42:17.996, 3, 3, 20812
2026/05/20 21:42:17.997, 4, 0, 20832
2026/05/20 21:42:17.997, 5, 0, 17422
2026/05/20 21:42:17.997, 6, 11, 17386
2026/05/20 21:42:17.997, 7, 4, 11582
2026/05/20 21:42:18.585, 0, 4, 21794
2026/05/20 21:42:18.586, 1, 3, 20812
2026/05/20 21:42:18.586, 2, 4, 20812
2026/05/20 21:42:18.586, 3, 10, 20812
2026/05/20 21:42:18.586, 4, 0, 20832
2026/05/20 21:42:18.587, 5, 0, 17422
2026/05/20 21:42:18.587, 6, 6, 17386
2026/05/20 21:42:18.587, 7, 3, 11582
2026/05/20 21:42:19.178, 0, 3, 21794
2026/05/20 21:42:19.179, 1, 3, 20812
2026/05/20 21:42:19.179, 2, 3, 20812
2026/05/20 21:42:19.180, 3, 3, 20812
2026/05/20 21:42:19.180, 4, 0, 20832
2026/05/20 21:42:19.180, 5, 0, 17422
2026/05/20 21:42:19.181, 6, 4, 17386
2026/05/20 21:42:19.181, 7, 3, 11582
2026/05/20 21:42:19.782, 0, 4, 21794
2026/05/20 21:42:19.783, 1, 3, 20812
2026/05/20 21:42:19.783, 2, 3, 20812
2026/05/20 21:42:19.783, 3, 3, 20812
2026/05/20 21:42:19.784, 4, 0, 20832
2026/05/20 21:42:19.784, 5, 0, 17422
2026/05/20 21:42:19.784, 6, 18, 17386
2026/05/20 21:42:19.784, 7, 4, 11582
2026/05/20 21:42:20.393, 0, 3, 21794
2026/05/20 21:42:20.393, 1, 3, 20812
2026/05/20 21:42:20.394, 2, 3, 20812
2026/05/20 21:42:20.394, 3, 3, 20812
2026/05/20 21:42:20.394, 4, 0, 20832
2026/05/20 21:42:20.394, 5, 0, 17422
2026/05/20 21:42:20.395, 6, 4, 17404
2026/05/20 21:42:20.395, 7, 3, 11582
2026/05/20 21:42:20.988, 0, 3, 21794
2026/05/20 21:42:20.989, 1, 4, 20812
2026/05/20 21:42:20.989, 2, 4, 20812
2026/05/20 21:42:20.989, 3, 3, 20812
2026/05/20 21:42:20.989, 4, 0, 20832
2026/05/20 21:42:20.990, 5, 0, 17422
2026/05/20 21:42:20.990, 6, 0, 17404
2026/05/20 21:42:20.990, 7, 4, 11582
2026/05/20 21:42:21.607, 0, 4, 21794
2026/05/20 21:42:21.607, 1, 4, 20812
2026/05/20 21:42:21.608, 2, 7, 20812
2026/05/20 21:42:21.608, 3, 3, 20812
2026/05/20 21:42:21.609, 4, 0, 20832
2026/05/20 21:42:21.610, 5, 0, 17422
2026/05/20 21:42:21.610, 6, 0, 17404
2026/05/20 21:42:21.611, 7, 4, 11582
2026/05/20 21:42:22.244, 0, 4, 21794
2026/05/20 21:42:22.245, 1, 4, 20812
2026/05/20 21:42:22.245, 2, 9, 20812
2026/05/20 21:42:22.245, 3, 3, 20812
2026/05/20 21:42:22.246, 4, 0, 20832
2026/05/20 21:42:22.246, 5, 0, 17422
2026/05/20 21:42:22.246, 6, 0, 17404
2026/05/20 21:42:22.246, 7, 17, 11582
2026/05/20 21:42:22.838, 0, 4, 21794
2026/05/20 21:42:22.838, 1, 3, 20812
2026/05/20 21:42:22.839, 2, 6, 20812
2026/05/20 21:42:22.839, 3, 4, 20812
2026/05/20 21:42:22.839, 4, 0, 20832
2026/05/20 21:42:22.840, 5, 0, 17422
2026/05/20 21:42:22.840, 6, 0, 17404
2026/05/20 21:42:22.840, 7, 4, 11582
2026/05/20 21:42:23.442, 0, 3, 21794
2026/05/20 21:42:23.443, 1, 4, 20812
2026/05/20 21:42:23.443, 2, 27, 20812
2026/05/20 21:42:23.443, 3, 5, 20812
2026/05/20 21:42:23.444, 4, 0, 20832
2026/05/20 21:42:23.444, 5, 0, 17422
2026/05/20 21:42:23.444, 6, 0, 17404
2026/05/20 21:42:23.445, 7, 4, 11582
2026/05/20 21:42:24.057, 0, 4, 21794
2026/05/20 21:42:24.058, 1, 4, 20812
2026/05/20 21:42:24.058, 2, 0, 20832
2026/05/20 21:42:24.058, 3, 13, 20812
2026/05/20 21:42:24.058, 4, 0, 20832
2026/05/20 21:42:24.059, 5, 0, 17422
2026/05/20 21:42:24.059, 6, 0, 17404
2026/05/20 21:42:24.059, 7, 0, 11592
2026/05/20 21:42:24.650, 0, 4, 21794
2026/05/20 21:42:24.651, 1, 4, 20812
2026/05/20 21:42:24.651, 2, 0, 20832
2026/05/20 21:42:24.651, 3, 6, 20812
2026/05/20 21:42:24.652, 4, 0, 20832
2026/05/20 21:42:24.652, 5, 0, 17422
2026/05/20 21:42:24.652, 6, 0, 17404
2026/05/20 21:42:24.653, 7, 0, 11592
2026/05/20 21:42:25.289, 0, 4, 21794
2026/05/20 21:42:25.290, 1, 3, 20812
2026/05/20 21:42:25.290, 2, 0, 20832
2026/05/20 21:42:25.290, 3, 6, 20812
2026/05/20 21:42:25.290, 4, 0, 20832
2026/05/20 21:42:25.291, 5, 0, 17422
2026/05/20 21:42:25.291, 6, 0, 17404
2026/05/20 21:42:25.291, 7, 0, 11592
2026/05/20 21:42:25.883, 0, 4, 21794
2026/05/20 21:42:25.884, 1, 4, 20812
2026/05/20 21:42:25.884, 2, 0, 20832
2026/05/20 21:42:25.884, 3, 4, 20812
2026/05/20 21:42:25.884, 4, 0, 20832
2026/05/20 21:42:25.884, 5, 0, 17422
2026/05/20 21:42:25.885, 6, 0, 17404
2026/05/20 21:42:25.885, 7, 0, 11592
2026/05/20 21:42:26.458, 0, 4, 21794
2026/05/20 21:42:26.458, 1, 4, 20812
2026/05/20 21:42:26.458, 2, 0, 20832
2026/05/20 21:42:26.459, 3, 4, 20812
2026/05/20 21:42:26.459, 4, 0, 20832
2026/05/20 21:42:26.459, 5, 0, 17422
2026/05/20 21:42:26.459, 6, 0, 17404
2026/05/20 21:42:26.460, 7, 0, 11592
2026/05/20 21:42:27.060, 0, 4, 21794
2026/05/20 21:42:27.060, 1, 4, 20812
2026/05/20 21:42:27.061, 2, 0, 20832
2026/05/20 21:42:27.062, 3, 5, 20812
2026/05/20 21:42:27.062, 4, 0, 20832
2026/05/20 21:42:27.063, 5, 0, 17422
2026/05/20 21:42:27.063, 6, 0, 17404
2026/05/20 21:42:27.064, 7, 0, 11592
2026/05/20 21:42:27.673, 0, 4, 21794
2026/05/20 21:42:27.674, 1, 4, 20812
2026/05/20 21:42:27.674, 2, 0, 20832
2026/05/20 21:42:27.674, 3, 5, 20812
2026/05/20 21:42:27.674, 4, 0, 20832
2026/05/20 21:42:27.674, 5, 0, 17422
2026/05/20 21:42:27.675, 6, 0, 17404
2026/05/20 21:42:27.675, 7, 0, 11592
2026/05/20 21:42:28.247, 0, 4, 21794
2026/05/20 21:42:28.247, 1, 4, 20812
2026/05/20 21:42:28.247, 2, 0, 20832
2026/05/20 21:42:28.248, 3, 4, 20812
2026/05/20 21:42:28.248, 4, 0, 20832
2026/05/20 21:42:28.248, 5, 0, 17422
2026/05/20 21:42:28.248, 6, 0, 17404
2026/05/20 21:42:28.249, 7, 0, 11592
2026/05/20 21:42:28.841, 0, 3, 21794
2026/05/20 21:42:28.841, 1, 4, 20812
2026/05/20 21:42:28.841, 2, 0, 20832
2026/05/20 21:42:28.842, 3, 4, 20812
2026/05/20 21:42:28.842, 4, 0, 20832
2026/05/20 21:42:28.843, 5, 0, 17422
2026/05/20 21:42:28.843, 6, 0, 17404
2026/05/20 21:42:28.843, 7, 0, 11592
2026/05/20 21:42:29.420, 0, 4, 21794
2026/05/20 21:42:29.420, 1, 4, 20812
2026/05/20 21:42:29.420, 2, 0, 20832
2026/05/20 21:42:29.421, 3, 4, 20812
2026/05/20 21:42:29.421, 4, 0, 20832
2026/05/20 21:42:29.421, 5, 0, 17422
2026/05/20 21:42:29.421, 6, 0, 17404
2026/05/20 21:42:29.421, 7, 0, 11592
2026/05/20 21:42:30.016, 0, 7, 21794
2026/05/20 21:42:30.016, 1, 4, 20812
2026/05/20 21:42:30.016, 2, 0, 20832
2026/05/20 21:42:30.016, 3, 16, 20812
2026/05/20 21:42:30.017, 4, 0, 20832
2026/05/20 21:42:30.017, 5, 0, 17422
2026/05/20 21:42:30.017, 6, 0, 17404
2026/05/20 21:42:30.017, 7, 0, 11592
2026/05/20 21:42:30.616, 0, 4, 21794
2026/05/20 21:42:30.616, 1, 4, 20812
2026/05/20 21:42:30.617, 2, 0, 20832
2026/05/20 21:42:30.617, 3, 4, 20812
2026/05/20 21:42:30.617, 4, 0, 20832
2026/05/20 21:42:30.618, 5, 0, 17422
2026/05/20 21:42:30.618, 6, 0, 17404
2026/05/20 21:42:30.618, 7, 0, 11592
2026/05/20 21:42:31.220, 0, 28, 21794
2026/05/20 21:42:31.221, 1, 5, 20812
2026/05/20 21:42:31.221, 2, 0, 20832
2026/05/20 21:42:31.221, 3, 3, 20812
2026/05/20 21:42:31.221, 4, 0, 20832
2026/05/20 21:42:31.221, 5, 0, 17422
2026/05/20 21:42:31.222, 6, 0, 17404
2026/05/20 21:42:31.222, 7, 0, 11592
2026/05/20 21:42:31.805, 0, 4, 21794
2026/05/20 21:42:31.805, 1, 4, 20812
2026/05/20 21:42:31.805, 2, 0, 20832
2026/05/20 21:42:31.806, 3, 4, 20812
2026/05/20 21:42:31.806, 4, 0, 20832
2026/05/20 21:42:31.807, 5, 0, 17422
2026/05/20 21:42:31.807, 6, 0, 17404
2026/05/20 21:42:31.807, 7, 0, 11592
2026/05/20 21:42:32.378, 0, 4, 21794
2026/05/20 21:42:32.378, 1, 4, 20812
2026/05/20 21:42:32.379, 2, 0, 20832
2026/05/20 21:42:32.379, 3, 4, 20812
2026/05/20 21:42:32.379, 4, 0, 20832
2026/05/20 21:42:32.379, 5, 0, 17422
2026/05/20 21:42:32.379, 6, 0, 17404
2026/05/20 21:42:32.380, 7, 0, 11592
2026/05/20 21:42:32.952, 0, 4, 21794
2026/05/20 21:42:32.953, 1, 4, 20812
2026/05/20 21:42:32.953, 2, 0, 20832
2026/05/20 21:42:32.953, 3, 4, 20812
2026/05/20 21:42:32.953, 4, 0, 20832
2026/05/20 21:42:32.954, 5, 0, 17422
2026/05/20 21:42:32.954, 6, 0, 17404
2026/05/20 21:42:32.954, 7, 0, 11592
2026/05/20 21:42:33.566, 0, 5, 21794
2026/05/20 21:42:33.567, 1, 5, 20812
2026/05/20 21:42:33.567, 2, 0, 20832
2026/05/20 21:42:33.568, 3, 0, 20832
2026/05/20 21:42:33.568, 4, 0, 20832
2026/05/20 21:42:33.569, 5, 0, 17422
2026/05/20 21:42:33.569, 6, 0, 17404
2026/05/20 21:42:33.570, 7, 0, 11592
2026/05/20 21:42:34.183, 0, 5, 21794
2026/05/20 21:42:34.184, 1, 5, 20812
2026/05/20 21:42:34.185, 2, 0, 20832
2026/05/20 21:42:34.185, 3, 0, 20832
2026/05/20 21:42:34.186, 4, 0, 20832
2026/05/20 21:42:34.186, 5, 0, 17422
2026/05/20 21:42:34.187, 6, 0, 17404
2026/05/20 21:42:34.187, 7, 0, 11592
2026/05/20 21:42:34.782, 0, 4, 21794
2026/05/20 21:42:34.782, 1, 4, 20812
2026/05/20 21:42:34.782, 2, 0, 20832
2026/05/20 21:42:34.783, 3, 0, 20832
2026/05/20 21:42:34.783, 4, 0, 20832
2026/05/20 21:42:34.783, 5, 0, 17422
2026/05/20 21:42:34.783, 6, 0, 17404
2026/05/20 21:42:34.783, 7, 0, 11592
2026/05/20 21:42:35.355, 0, 5, 21794
2026/05/20 21:42:35.355, 1, 4, 20812
2026/05/20 21:42:35.355, 2, 0, 20832
2026/05/20 21:42:35.355, 3, 0, 20832
2026/05/20 21:42:35.356, 4, 0, 20832
2026/05/20 21:42:35.356, 5, 0, 17422
2026/05/20 21:42:35.356, 6, 0, 17404
2026/05/20 21:42:35.356, 7, 0, 11592
2026/05/20 21:42:35.947, 0, 6, 21794
2026/05/20 21:42:35.947, 1, 31, 20812
2026/05/20 21:42:35.948, 2, 0, 20832
2026/05/20 21:42:35.948, 3, 0, 20832
2026/05/20 21:42:35.948, 4, 0, 20832
2026/05/20 21:42:35.948, 5, 0, 17422
2026/05/20 21:42:35.949, 6, 0, 17404
2026/05/20 21:42:35.949, 7, 0, 11592
2026/05/20 21:42:36.557, 0, 4, 21794
2026/05/20 21:42:36.558, 1, 5, 20812
2026/05/20 21:42:36.558, 2, 0, 20832
2026/05/20 21:42:36.559, 3, 0, 20832
2026/05/20 21:42:36.559, 4, 0, 20832
2026/05/20 21:42:36.559, 5, 0, 17422
2026/05/20 21:42:36.560, 6, 0, 17404
2026/05/20 21:42:36.560, 7, 0, 11592
2026/05/20 21:42:37.161, 0, 0, 21810
2026/05/20 21:42:37.161, 1, 5, 20812
2026/05/20 21:42:37.161, 2, 0, 20832
2026/05/20 21:42:37.162, 3, 0, 20832
2026/05/20 21:42:37.162, 4, 0, 20832
2026/05/20 21:42:37.162, 5, 0, 17422
2026/05/20 21:42:37.162, 6, 0, 17404
2026/05/20 21:42:37.162, 7, 0, 11592
2026/05/20 21:42:37.748, 0, 0, 21810
2026/05/20 21:42:37.749, 1, 5, 20812
2026/05/20 21:42:37.749, 2, 0, 20832
2026/05/20 21:42:37.749, 3, 0, 20832
2026/05/20 21:42:37.750, 4, 0, 20832
2026/05/20 21:42:37.750, 5, 0, 17422
2026/05/20 21:42:37.750, 6, 0, 17404
2026/05/20 21:42:37.750, 7, 0, 11592
2026/05/20 21:42:38.321, 0, 0, 21810
2026/05/20 21:42:38.321, 1, 22, 20812
2026/05/20 21:42:38.321, 2, 0, 20832
2026/05/20 21:42:38.321, 3, 0, 20832
2026/05/20 21:42:38.322, 4, 0, 20832
2026/05/20 21:42:38.322, 5, 0, 17422
2026/05/20 21:42:38.322, 6, 0, 17404
2026/05/20 21:42:38.322, 7, 0, 11592
2026/05/20 21:42:38.901, 0, 0, 21810
2026/05/20 21:42:38.902, 1, 5, 20812
2026/05/20 21:42:38.902, 2, 0, 20832
2026/05/20 21:42:38.902, 3, 0, 20832
2026/05/20 21:42:38.902, 4, 0, 20832
2026/05/20 21:42:38.903, 5, 0, 17422
2026/05/20 21:42:38.903, 6, 0, 17404
2026/05/20 21:42:38.903, 7, 0, 11592
2026/05/20 21:42:39.494, 0, 13, 23604
2026/05/20 21:42:39.494, 1, 0, 20834
2026/05/20 21:42:39.495, 2, 0, 20834
2026/05/20 21:42:39.495, 3, 0, 20834
2026/05/20 21:42:39.495, 4, 0, 20834
2026/05/20 21:42:39.495, 5, 0, 17424
2026/05/20 21:42:39.495, 6, 0, 17406
2026/05/20 21:42:39.496, 7, 0, 11594
2026/05/20 21:42:40.084, 0, 5, 23874
2026/05/20 21:42:40.085, 1, 7, 22896
2026/05/20 21:42:40.085, 2, 7, 22896
2026/05/20 21:42:40.085, 3, 7, 22896
2026/05/20 21:42:40.085, 4, 0, 22896
2026/05/20 21:42:40.086, 5, 3, 19486
2026/05/20 21:42:40.086, 6, 0, 17406
2026/05/20 21:42:40.086, 7, 0, 11594
2026/05/20 21:42:40.692, 0, 0, 23874
2026/05/20 21:42:40.693, 1, 0, 22896
2026/05/20 21:42:40.693, 2, 0, 22896
2026/05/20 21:42:40.693, 3, 5, 22896
2026/05/20 21:42:40.694, 4, 0, 22896
2026/05/20 21:42:40.694, 5, 0, 19486
2026/05/20 21:42:40.694, 6, 0, 19468
2026/05/20 21:42:40.694, 7, 4, 13658
2026/05/20 21:42:41.279, 0, 0, 23874
2026/05/20 21:42:41.279, 1, 23, 22896
2026/05/20 21:42:41.279, 2, 19, 22896
2026/05/20 21:42:41.279, 3, 19, 22896
2026/05/20 21:42:41.280, 4, 19, 22896
2026/05/20 21:42:41.280, 5, 16, 19486
2026/05/20 21:42:41.280, 6, 16, 19468
2026/05/20 21:42:41.280, 7, 4, 13658
2026/05/20 21:42:41.893, 0, 19, 23874
2026/05/20 21:42:41.893, 1, 39, 22896
2026/05/20 21:42:41.894, 2, 29, 22896
2026/05/20 21:42:41.894, 3, 32, 22896
2026/05/20 21:42:41.894, 4, 38, 22896
2026/05/20 21:42:41.895, 5, 21, 19486
2026/05/20 21:42:41.895, 6, 20, 19468
2026/05/20 21:42:41.895, 7, 15, 13658
2026/05/20 21:42:42.516, 0, 38, 23874
2026/05/20 21:42:42.517, 1, 39, 22896
2026/05/20 21:42:42.517, 2, 33, 22896
2026/05/20 21:42:42.517, 3, 33, 22896
2026/05/20 21:42:42.517, 4, 39, 22896
2026/05/20 21:42:42.518, 5, 27, 19486
2026/05/20 21:42:42.518, 6, 32, 19468
2026/05/20 21:42:42.518, 7, 20, 13658
2026/05/20 21:42:43.124, 0, 32, 23874
2026/05/20 21:42:43.124, 1, 31, 22896
2026/05/20 21:42:43.125, 2, 39, 22896
2026/05/20 21:42:43.125, 3, 38, 22896
2026/05/20 21:42:43.125, 4, 39, 22896
2026/05/20 21:42:43.125, 5, 33, 19486
2026/05/20 21:42:43.126, 6, 32, 19468
2026/05/20 21:42:43.126, 7, 20, 13658
2026/05/20 21:42:43.714, 0, 38, 23874
2026/05/20 21:42:43.715, 1, 26, 22896
2026/05/20 21:42:43.715, 2, 39, 22896
2026/05/20 21:42:43.715, 3, 38, 22896
2026/05/20 21:42:43.715, 4, 39, 22896
2026/05/20 21:42:43.716, 5, 32, 19486
2026/05/20 21:42:43.716, 6, 32, 19468
2026/05/20 21:42:43.716, 7, 18, 13658
2026/05/20 21:42:44.286, 0, 36, 23874
2026/05/20 21:42:44.286, 1, 34, 22896
2026/05/20 21:42:44.286, 2, 38, 22896
2026/05/20 21:42:44.287, 3, 38, 22896
2026/05/20 21:42:44.287, 4, 39, 22896
2026/05/20 21:42:44.287, 5, 32, 19486
2026/05/20 21:42:44.287, 6, 25, 19468
2026/05/20 21:42:44.288, 7, 22, 13658
