2026/05/22 19:48:43.933, 0, 0, 0
2026/05/22 19:48:43.934, 1, 0, 0
2026/05/22 19:48:43.934, 2, 0, 0
2026/05/22 19:48:43.934, 3, 0, 0
2026/05/22 19:48:43.934, 4, 0, 0
2026/05/22 19:48:43.934, 5, 0, 0
2026/05/22 19:48:43.935, 6, 0, 0
2026/05/22 19:48:43.935, 7, 0, 0
2026/05/22 19:48:44.734, 0, 0, 4
2026/05/22 19:48:44.735, 1, 0, 4
2026/05/22 19:48:44.735, 2, 0, 4
2026/05/22 19:48:44.735, 3, 0, 4
2026/05/22 19:48:44.735, 4, 0, 4
2026/05/22 19:48:44.736, 5, 0, 0
2026/05/22 19:48:44.736, 6, 0, 0
2026/05/22 19:48:44.737, 7, 0, 0
2026/05/22 19:48:45.758, 0, 0, 16
2026/05/22 19:48:45.768, 1, 0, 16
2026/05/22 19:48:45.778, 2, 0, 16
2026/05/22 19:48:45.784, 3, 0, 16
2026/05/22 19:48:45.788, 4, 0, 16
2026/05/22 19:48:45.793, 5, 0, 16
2026/05/22 19:48:45.800, 6, 0, 16
2026/05/22 19:48:45.812, 7, 0, 16
2026/05/22 19:48:46.510, 0, 1, 21794
2026/05/22 19:48:46.511, 1, 1, 20812
2026/05/22 19:48:46.511, 2, 1, 20812
2026/05/22 19:48:46.511, 3, 2, 20812
2026/05/22 19:48:46.511, 4, 2, 20812
2026/05/22 19:48:46.512, 5, 10, 17406
2026/05/22 19:48:46.512, 6, 4, 17386
2026/05/22 19:48:46.512, 7, 1, 11582
2026/05/22 19:48:47.086, 0, 5, 21794
2026/05/22 19:48:47.087, 1, 28, 20812
2026/05/22 19:48:47.087, 2, 24, 20812
2026/05/22 19:48:47.087, 3, 4, 20812
2026/05/22 19:48:47.087, 4, 31, 20812
2026/05/22 19:48:47.088, 5, 34, 17406
2026/05/22 19:48:47.088, 6, 32, 17386
2026/05/22 19:48:47.088, 7, 41, 11582
2026/05/22 19:48:47.703, 0, 4, 21794
2026/05/22 19:48:47.703, 1, 26, 20812
2026/05/22 19:48:47.704, 2, 27, 20812
2026/05/22 19:48:47.704, 3, 4, 20812
2026/05/22 19:48:47.705, 4, 32, 20812
2026/05/22 19:48:47.705, 5, 45, 17406
2026/05/22 19:48:47.705, 6, 32, 17386
2026/05/22 19:48:47.706, 7, 31, 11582
2026/05/22 19:48:48.302, 0, 4, 21794
2026/05/22 19:48:48.303, 1, 29, 20812
2026/05/22 19:48:48.303, 2, 3, 20812
2026/05/22 19:48:48.303, 3, 3, 20812
2026/05/22 19:48:48.304, 4, 33, 20812
2026/05/22 19:48:48.304, 5, 45, 17406
2026/05/22 19:48:48.305, 6, 33, 17386
2026/05/22 19:48:48.305, 7, 40, 11582
2026/05/22 19:48:48.925, 0, 3, 21794
2026/05/22 19:48:48.926, 1, 8, 20812
2026/05/22 19:48:48.926, 2, 2, 20812
2026/05/22 19:48:48.926, 3, 3, 20812
2026/05/22 19:48:48.926, 4, 24, 20812
2026/05/22 19:48:48.927, 5, 42, 17406
2026/05/22 19:48:48.927, 6, 32, 17386
2026/05/22 19:48:48.927, 7, 34, 11582
2026/05/22 19:48:49.554, 0, 28, 21794
2026/05/22 19:48:49.555, 1, 4, 20812
2026/05/22 19:48:49.555, 2, 3, 20812
2026/05/22 19:48:49.555, 3, 3, 20812
2026/05/22 19:48:49.555, 4, 23, 20812
2026/05/22 19:48:49.556, 5, 41, 17406
2026/05/22 19:48:49.556, 6, 31, 17386
2026/05/22 19:48:49.556, 7, 34, 11582
2026/05/22 19:48:50.126, 0, 3, 21794
2026/05/22 19:48:50.126, 1, 4, 20812
2026/05/22 19:48:50.127, 2, 3, 20812
2026/05/22 19:48:50.127, 3, 2, 20812
2026/05/22 19:48:50.127, 4, 2, 20812
2026/05/22 19:48:50.127, 5, 3, 17406
2026/05/22 19:48:50.127, 6, 42, 17386
2026/05/22 19:48:50.128, 7, 0, 11616
2026/05/22 19:48:50.717, 0, 2, 21794
2026/05/22 19:48:50.717, 1, 4, 20812
2026/05/22 19:48:50.718, 2, 2, 20812
2026/05/22 19:48:50.718, 3, 2, 20812
2026/05/22 19:48:50.718, 4, 2, 20812
2026/05/22 19:48:50.719, 5, 3, 17406
2026/05/22 19:48:50.719, 6, 38, 17386
2026/05/22 19:48:50.719, 7, 0, 11616
2026/05/22 19:48:51.345, 0, 2, 21794
2026/05/22 19:48:51.346, 1, 3, 20812
2026/05/22 19:48:51.346, 2, 14, 20812
2026/05/22 19:48:51.346, 3, 3, 20812
2026/05/22 19:48:51.346, 4, 3, 20812
2026/05/22 19:48:51.346, 5, 3, 17406
2026/05/22 19:48:51.347, 6, 26, 17386
2026/05/22 19:48:51.347, 7, 0, 11616
2026/05/22 19:48:51.940, 0, 2, 21794
2026/05/22 19:48:51.940, 1, 3, 20812
2026/05/22 19:48:51.940, 2, 2, 20812
2026/05/22 19:48:51.940, 3, 2, 20812
2026/05/22 19:48:51.941, 4, 2, 20812
2026/05/22 19:48:51.941, 5, 3, 17406
2026/05/22 19:48:51.941, 6, 26, 17448
2026/05/22 19:48:51.941, 7, 0, 11616
2026/05/22 19:48:52.532, 0, 2, 21794
2026/05/22 19:48:52.533, 1, 22, 20812
2026/05/22 19:48:52.533, 2, 4, 20812
2026/05/22 19:48:52.533, 3, 4, 20812
2026/05/22 19:48:52.534, 4, 3, 20812
2026/05/22 19:48:52.534, 5, 4, 17406
2026/05/22 19:48:52.534, 6, 0, 17448
2026/05/22 19:48:52.535, 7, 0, 11616
2026/05/22 19:48:53.124, 0, 3, 21794
2026/05/22 19:48:53.124, 1, 20, 20812
2026/05/22 19:48:53.124, 2, 4, 20812
2026/05/22 19:48:53.125, 3, 4, 20812
2026/05/22 19:48:53.125, 4, 4, 20812
2026/05/22 19:48:53.125, 5, 4, 17406
2026/05/22 19:48:53.125, 6, 0, 17448
2026/05/22 19:48:53.125, 7, 0, 11616
2026/05/22 19:48:53.716, 0, 9, 21794
2026/05/22 19:48:53.716, 1, 6, 20812
2026/05/22 19:48:53.717, 2, 4, 20812
2026/05/22 19:48:53.717, 3, 4, 20812
2026/05/22 19:48:53.717, 4, 3, 20812
2026/05/22 19:48:53.717, 5, 4, 17406
2026/05/22 19:48:53.717, 6, 0, 17448
2026/05/22 19:48:53.718, 7, 0, 11616
2026/05/22 19:48:54.320, 0, 2, 21794
2026/05/22 19:48:54.320, 1, 4, 20812
2026/05/22 19:48:54.320, 2, 33, 20812
2026/05/22 19:48:54.321, 3, 5, 20812
2026/05/22 19:48:54.321, 4, 3, 20812
2026/05/22 19:48:54.321, 5, 3, 17406
2026/05/22 19:48:54.322, 6, 0, 17448
2026/05/22 19:48:54.322, 7, 0, 11616
2026/05/22 19:48:54.910, 0, 3, 21794
2026/05/22 19:48:54.910, 1, 25, 20812
2026/05/22 19:48:54.911, 2, 4, 20812
2026/05/22 19:48:54.911, 3, 4, 20812
2026/05/22 19:48:54.911, 4, 3, 20812
2026/05/22 19:48:54.912, 5, 4, 17406
2026/05/22 19:48:54.913, 6, 0, 17448
2026/05/22 19:48:54.913, 7, 0, 11616
2026/05/22 19:48:55.503, 0, 2, 21794
2026/05/22 19:48:55.503, 1, 3, 20812
2026/05/22 19:48:55.504, 2, 3, 20812
2026/05/22 19:48:55.504, 3, 3, 20812
2026/05/22 19:48:55.504, 4, 3, 20812
2026/05/22 19:48:55.505, 5, 3, 17406
2026/05/22 19:48:55.505, 6, 0, 17448
2026/05/22 19:48:55.505, 7, 0, 11616
2026/05/22 19:48:56.119, 0, 2, 21794
2026/05/22 19:48:56.119, 1, 11, 20812
2026/05/22 19:48:56.120, 2, 3, 20812
2026/05/22 19:48:56.120, 3, 3, 20812
2026/05/22 19:48:56.120, 4, 3, 20812
2026/05/22 19:48:56.120, 5, 4, 17406
2026/05/22 19:48:56.121, 6, 0, 17448
2026/05/22 19:48:56.121, 7, 0, 11616
2026/05/22 19:48:56.730, 0, 3, 21794
2026/05/22 19:48:56.730, 1, 3, 20812
2026/05/22 19:48:56.730, 2, 3, 20812
2026/05/22 19:48:56.730, 3, 4, 20812
2026/05/22 19:48:56.731, 4, 4, 20812
2026/05/22 19:48:56.731, 5, 4, 17406
2026/05/22 19:48:56.731, 6, 0, 17448
2026/05/22 19:48:56.731, 7, 0, 11616
2026/05/22 19:48:57.336, 0, 3, 21794
2026/05/22 19:48:57.336, 1, 1, 20812
2026/05/22 19:48:57.337, 2, 3, 20812
2026/05/22 19:48:57.337, 3, 3, 20812
2026/05/22 19:48:57.337, 4, 4, 20812
2026/05/22 19:48:57.337, 5, 31, 17406
2026/05/22 19:48:57.338, 6, 0, 17448
2026/05/22 19:48:57.338, 7, 0, 11616
2026/05/22 19:48:57.953, 0, 3, 21794
2026/05/22 19:48:57.954, 1, 2, 20812
2026/05/22 19:48:57.954, 2, 4, 20812
2026/05/22 19:48:57.954, 3, 3, 20812
2026/05/22 19:48:57.955, 4, 3, 20812
2026/05/22 19:48:57.956, 5, 0, 17462
2026/05/22 19:48:57.956, 6, 0, 17448
2026/05/22 19:48:57.957, 7, 0, 11616
2026/05/22 19:48:58.550, 0, 3, 21794
2026/05/22 19:48:58.551, 1, 4, 20812
2026/05/22 19:48:58.551, 2, 4, 20812
2026/05/22 19:48:58.551, 3, 4, 20812
2026/05/22 19:48:58.551, 4, 3, 20812
2026/05/22 19:48:58.552, 5, 0, 17462
2026/05/22 19:48:58.552, 6, 0, 17448
2026/05/22 19:48:58.552, 7, 0, 11616
2026/05/22 19:48:59.157, 0, 6, 21794
2026/05/22 19:48:59.157, 1, 3, 20812
2026/05/22 19:48:59.158, 2, 3, 20812
2026/05/22 19:48:59.158, 3, 3, 20812
2026/05/22 19:48:59.158, 4, 4, 20812
2026/05/22 19:48:59.158, 5, 0, 17462
2026/05/22 19:48:59.159, 6, 0, 17448
2026/05/22 19:48:59.159, 7, 0, 11616
2026/05/22 19:48:59.750, 0, 8, 21794
2026/05/22 19:48:59.750, 1, 4, 20812
2026/05/22 19:48:59.751, 2, 3, 20812
2026/05/22 19:48:59.751, 3, 3, 20812
2026/05/22 19:48:59.751, 4, 4, 20812
2026/05/22 19:48:59.752, 5, 0, 17462
2026/05/22 19:48:59.752, 6, 0, 17448
2026/05/22 19:48:59.752, 7, 0, 11616
2026/05/22 19:49:00.338, 0, 2, 21794
2026/05/22 19:49:00.338, 1, 2, 20812
2026/05/22 19:49:00.338, 2, 3, 20812
2026/05/22 19:49:00.339, 3, 4, 20812
2026/05/22 19:49:00.339, 4, 3, 20812
2026/05/22 19:49:00.339, 5, 0, 17462
2026/05/22 19:49:00.339, 6, 0, 17448
2026/05/22 19:49:00.339, 7, 0, 11616
2026/05/22 19:49:00.930, 0, 2, 21794
2026/05/22 19:49:00.931, 1, 1, 20812
2026/05/22 19:49:00.931, 2, 4, 20812
2026/05/22 19:49:00.931, 3, 4, 20812
2026/05/22 19:49:00.932, 4, 4, 20812
2026/05/22 19:49:00.932, 5, 0, 17462
2026/05/22 19:49:00.932, 6, 0, 17448
2026/05/22 19:49:00.933, 7, 0, 11616
2026/05/22 19:49:01.546, 0, 13, 21794
2026/05/22 19:49:01.546, 1, 2, 20812
2026/05/22 19:49:01.547, 2, 5, 20812
2026/05/22 19:49:01.547, 3, 3, 20812
2026/05/22 19:49:01.547, 4, 3, 20812
2026/05/22 19:49:01.548, 5, 0, 17462
2026/05/22 19:49:01.548, 6, 0, 17448
2026/05/22 19:49:01.548, 7, 0, 11616
2026/05/22 19:49:02.143, 0, 5, 21794
2026/05/22 19:49:02.143, 1, 3, 20812
2026/05/22 19:49:02.144, 2, 3, 20812
2026/05/22 19:49:02.145, 3, 3, 20812
2026/05/22 19:49:02.145, 4, 3, 20812
2026/05/22 19:49:02.146, 5, 0, 17462
2026/05/22 19:49:02.147, 6, 0, 17448
2026/05/22 19:49:02.148, 7, 0, 11616
2026/05/22 19:49:02.759, 0, 6, 21794
2026/05/22 19:49:02.759, 1, 3, 20812
2026/05/22 19:49:02.759, 2, 3, 20812
2026/05/22 19:49:02.759, 3, 3, 20812
2026/05/22 19:49:02.760, 4, 3, 20812
2026/05/22 19:49:02.760, 5, 0, 17462
2026/05/22 19:49:02.760, 6, 0, 17448
2026/05/22 19:49:02.760, 7, 0, 11616
2026/05/22 19:49:03.349, 0, 5, 21794
2026/05/22 19:49:03.349, 1, 2, 20812
2026/05/22 19:49:03.349, 2, 3, 20812
2026/05/22 19:49:03.349, 3, 3, 20812
2026/05/22 19:49:03.350, 4, 3, 20812
2026/05/22 19:49:03.350, 5, 0, 17462
2026/05/22 19:49:03.350, 6, 0, 17448
2026/05/22 19:49:03.350, 7, 0, 11616
2026/05/22 19:49:03.938, 0, 9, 21794
2026/05/22 19:49:03.938, 1, 2, 20812
2026/05/22 19:49:03.938, 2, 3, 20812
2026/05/22 19:49:03.939, 3, 3, 20812
2026/05/22 19:49:03.939, 4, 3, 20812
2026/05/22 19:49:03.939, 5, 0, 17462
2026/05/22 19:49:03.939, 6, 0, 17448
2026/05/22 19:49:03.939, 7, 0, 11616
2026/05/22 19:49:04.525, 0, 3, 21794
2026/05/22 19:49:04.526, 1, 2, 20812
2026/05/22 19:49:04.526, 2, 2, 20812
2026/05/22 19:49:04.526, 3, 3, 20812
2026/05/22 19:49:04.527, 4, 3, 20812
2026/05/22 19:49:04.527, 5, 0, 17462
2026/05/22 19:49:04.527, 6, 0, 17448
2026/05/22 19:49:04.527, 7, 0, 11616
2026/05/22 19:49:05.133, 0, 3, 21794
2026/05/22 19:49:05.134, 1, 2, 20812
2026/05/22 19:49:05.134, 2, 2, 20812
2026/05/22 19:49:05.134, 3, 3, 20812
2026/05/22 19:49:05.134, 4, 3, 20812
2026/05/22 19:49:05.135, 5, 0, 17462
2026/05/22 19:49:05.135, 6, 0, 17448
2026/05/22 19:49:05.135, 7, 0, 11616
2026/05/22 19:49:05.738, 0, 3, 21794
2026/05/22 19:49:05.739, 1, 2, 20812
2026/05/22 19:49:05.739, 2, 5, 20812
2026/05/22 19:49:05.739, 3, 3, 20812
2026/05/22 19:49:05.739, 4, 4, 20812
2026/05/22 19:49:05.740, 5, 0, 17462
2026/05/22 19:49:05.740, 6, 0, 17448
2026/05/22 19:49:05.740, 7, 0, 11616
2026/05/22 19:49:06.343, 0, 3, 21794
2026/05/22 19:49:06.344, 1, 3, 20812
2026/05/22 19:49:06.344, 2, 4, 20812
2026/05/22 19:49:06.344, 3, 4, 20812
2026/05/22 19:49:06.344, 4, 4, 20812
2026/05/22 19:49:06.345, 5, 0, 17462
2026/05/22 19:49:06.345, 6, 0, 17448
2026/05/22 19:49:06.345, 7, 0, 11616
2026/05/22 19:49:06.976, 0, 2, 21794
2026/05/22 19:49:06.977, 1, 4, 20812
2026/05/22 19:49:06.977, 2, 2, 20812
2026/05/22 19:49:06.977, 3, 3, 20812
2026/05/22 19:49:06.978, 4, 4, 20812
2026/05/22 19:49:06.978, 5, 0, 17462
2026/05/22 19:49:06.979, 6, 0, 17448
2026/05/22 19:49:06.980, 7, 0, 11616
2026/05/22 19:49:07.595, 0, 4, 21794
2026/05/22 19:49:07.596, 1, 4, 20812
2026/05/22 19:49:07.596, 2, 1, 20812
2026/05/22 19:49:07.596, 3, 4, 20812
2026/05/22 19:49:07.597, 4, 14, 20812
2026/05/22 19:49:07.597, 5, 0, 17462
2026/05/22 19:49:07.597, 6, 0, 17448
2026/05/22 19:49:07.597, 7, 0, 11616
2026/05/22 19:49:08.206, 0, 2, 21794
2026/05/22 19:49:08.206, 1, 4, 20812
2026/05/22 19:49:08.206, 2, 2, 20812
2026/05/22 19:49:08.207, 3, 4, 20812
2026/05/22 19:49:08.207, 4, 4, 20812
2026/05/22 19:49:08.207, 5, 0, 17462
2026/05/22 19:49:08.207, 6, 0, 17448
2026/05/22 19:49:08.208, 7, 0, 11616
2026/05/22 19:49:08.831, 0, 3, 21794
2026/05/22 19:49:08.832, 1, 4, 20812
2026/05/22 19:49:08.832, 2, 3, 20812
2026/05/22 19:49:08.832, 3, 2, 20812
2026/05/22 19:49:08.832, 4, 4, 20812
2026/05/22 19:49:08.833, 5, 0, 17462
2026/05/22 19:49:08.833, 6, 0, 17448
2026/05/22 19:49:08.833, 7, 0, 11616
2026/05/22 19:49:09.417, 0, 3, 21794
2026/05/22 19:49:09.417, 1, 4, 20812
2026/05/22 19:49:09.418, 2, 3, 20812
2026/05/22 19:49:09.418, 3, 3, 20812
2026/05/22 19:49:09.418, 4, 7, 20812
2026/05/22 19:49:09.419, 5, 0, 17462
2026/05/22 19:49:09.419, 6, 0, 17448
2026/05/22 19:49:09.419, 7, 0, 11616
2026/05/22 19:49:10.020, 0, 2, 21794
2026/05/22 19:49:10.020, 1, 3, 20812
2026/05/22 19:49:10.021, 2, 3, 20812
2026/05/22 19:49:10.021, 3, 2, 20812
2026/05/22 19:49:10.022, 4, 3, 20812
2026/05/22 19:49:10.022, 5, 0, 17462
2026/05/22 19:49:10.023, 6, 0, 17448
2026/05/22 19:49:10.023, 7, 0, 11616
2026/05/22 19:49:10.600, 0, 3, 21794
2026/05/22 19:49:10.600, 1, 8, 20812
2026/05/22 19:49:10.600, 2, 3, 20812
2026/05/22 19:49:10.600, 3, 3, 20812
2026/05/22 19:49:10.601, 4, 4, 20812
2026/05/22 19:49:10.601, 5, 0, 17462
2026/05/22 19:49:10.601, 6, 0, 17448
2026/05/22 19:49:10.601, 7, 0, 11616
2026/05/22 19:49:11.192, 0, 4, 21794
2026/05/22 19:49:11.192, 1, 7, 20812
2026/05/22 19:49:11.192, 2, 4, 20812
2026/05/22 19:49:11.193, 3, 3, 20812
2026/05/22 19:49:11.193, 4, 3, 20812
2026/05/22 19:49:11.193, 5, 0, 17462
2026/05/22 19:49:11.193, 6, 0, 17448
2026/05/22 19:49:11.193, 7, 0, 11616
2026/05/22 19:49:11.760, 0, 4, 21794
2026/05/22 19:49:11.760, 1, 4, 20812
2026/05/22 19:49:11.761, 2, 3, 20812
2026/05/22 19:49:11.761, 3, 3, 20812
2026/05/22 19:49:11.761, 4, 3, 20812
2026/05/22 19:49:11.761, 5, 0, 17462
2026/05/22 19:49:11.761, 6, 0, 17448
2026/05/22 19:49:11.762, 7, 0, 11616
2026/05/22 19:49:12.368, 0, 3, 21794
2026/05/22 19:49:12.368, 1, 6, 20812
2026/05/22 19:49:12.368, 2, 3, 20812
2026/05/22 19:49:12.369, 3, 4, 20812
2026/05/22 19:49:12.369, 4, 3, 20812
2026/05/22 19:49:12.369, 5, 0, 17462
2026/05/22 19:49:12.369, 6, 0, 17448
2026/05/22 19:49:12.370, 7, 0, 11616
2026/05/22 19:49:12.952, 0, 4, 21794
2026/05/22 19:49:12.953, 1, 7, 20812
2026/05/22 19:49:12.953, 2, 4, 20812
2026/05/22 19:49:12.953, 3, 3, 20812
2026/05/22 19:49:12.953, 4, 3, 20812
2026/05/22 19:49:12.953, 5, 0, 17462
2026/05/22 19:49:12.954, 6, 0, 17448
2026/05/22 19:49:12.954, 7, 0, 11616
2026/05/22 19:49:13.520, 0, 3, 21794
2026/05/22 19:49:13.520, 1, 4, 20812
2026/05/22 19:49:13.521, 2, 4, 20812
2026/05/22 19:49:13.521, 3, 4, 20812
2026/05/22 19:49:13.521, 4, 31, 20812
2026/05/22 19:49:13.521, 5, 0, 17462
2026/05/22 19:49:13.522, 6, 0, 17448
2026/05/22 19:49:13.522, 7, 0, 11616
2026/05/22 19:49:14.098, 0, 3, 21794
2026/05/22 19:49:14.099, 1, 0, 20882
2026/05/22 19:49:14.099, 2, 3, 20812
2026/05/22 19:49:14.099, 3, 4, 20812
2026/05/22 19:49:14.100, 4, 40, 20812
2026/05/22 19:49:14.100, 5, 0, 17462
2026/05/22 19:49:14.100, 6, 0, 17448
2026/05/22 19:49:14.101, 7, 0, 11616
2026/05/22 19:49:14.677, 0, 3, 21794
2026/05/22 19:49:14.678, 1, 0, 20882
2026/05/22 19:49:14.678, 2, 4, 20812
2026/05/22 19:49:14.678, 3, 3, 20812
2026/05/22 19:49:14.679, 4, 0, 20882
2026/05/22 19:49:14.679, 5, 0, 17462
2026/05/22 19:49:14.679, 6, 0, 17448
2026/05/22 19:49:14.679, 7, 0, 11616
2026/05/22 19:49:15.255, 0, 3, 21794
2026/05/22 19:49:15.255, 1, 0, 20882
2026/05/22 19:49:15.255, 2, 2, 20812
2026/05/22 19:49:15.255, 3, 4, 20812
2026/05/22 19:49:15.255, 4, 0, 20882
2026/05/22 19:49:15.256, 5, 0, 17462
2026/05/22 19:49:15.256, 6, 0, 17448
2026/05/22 19:49:15.256, 7, 0, 11616
2026/05/22 19:49:15.883, 0, 3, 21794
2026/05/22 19:49:15.883, 1, 0, 20882
2026/05/22 19:49:15.884, 2, 3, 20812
2026/05/22 19:49:15.884, 3, 3, 20812
2026/05/22 19:49:15.884, 4, 0, 20882
2026/05/22 19:49:15.884, 5, 0, 17462
2026/05/22 19:49:15.884, 6, 0, 17448
2026/05/22 19:49:15.885, 7, 0, 11616
2026/05/22 19:49:16.477, 0, 3, 21794
2026/05/22 19:49:16.478, 1, 0, 20882
2026/05/22 19:49:16.478, 2, 3, 20812
2026/05/22 19:49:16.478, 3, 2, 20812
2026/05/22 19:49:16.479, 4, 0, 20882
2026/05/22 19:49:16.479, 5, 0, 17462
2026/05/22 19:49:16.479, 6, 0, 17448
2026/05/22 19:49:16.480, 7, 0, 11616
2026/05/22 19:49:17.073, 0, 4, 21794
2026/05/22 19:49:17.074, 1, 0, 20882
2026/05/22 19:49:17.074, 2, 4, 20812
2026/05/22 19:49:17.074, 3, 3, 20812
2026/05/22 19:49:17.074, 4, 0, 20882
2026/05/22 19:49:17.074, 5, 0, 17462
2026/05/22 19:49:17.075, 6, 0, 17448
2026/05/22 19:49:17.075, 7, 0, 11616
2026/05/22 19:49:17.661, 0, 3, 21794
2026/05/22 19:49:17.661, 1, 0, 20882
2026/05/22 19:49:17.661, 2, 4, 20812
2026/05/22 19:49:17.661, 3, 4, 20812
2026/05/22 19:49:17.661, 4, 0, 20882
2026/05/22 19:49:17.662, 5, 0, 17462
2026/05/22 19:49:17.662, 6, 0, 17448
2026/05/22 19:49:17.662, 7, 0, 11616
2026/05/22 19:49:18.228, 0, 4, 21794
2026/05/22 19:49:18.228, 1, 0, 20882
2026/05/22 19:49:18.229, 2, 4, 20812
2026/05/22 19:49:18.229, 3, 3, 20812
2026/05/22 19:49:18.229, 4, 0, 20882
2026/05/22 19:49:18.229, 5, 0, 17462
2026/05/22 19:49:18.230, 6, 0, 17448
2026/05/22 19:49:18.230, 7, 0, 11616
2026/05/22 19:49:18.819, 0, 4, 21794
2026/05/22 19:49:18.819, 1, 0, 20882
2026/05/22 19:49:18.820, 2, 4, 20812
2026/05/22 19:49:18.820, 3, 4, 20812
2026/05/22 19:49:18.820, 4, 0, 20882
2026/05/22 19:49:18.820, 5, 0, 17462
2026/05/22 19:49:18.821, 6, 0, 17448
2026/05/22 19:49:18.821, 7, 0, 11616
2026/05/22 19:49:19.444, 0, 4, 21794
2026/05/22 19:49:19.444, 1, 0, 20882
2026/05/22 19:49:19.445, 2, 3, 20812
2026/05/22 19:49:19.445, 3, 2, 20812
2026/05/22 19:49:19.445, 4, 0, 20882
2026/05/22 19:49:19.446, 5, 0, 17462
2026/05/22 19:49:19.446, 6, 0, 17448
2026/05/22 19:49:19.446, 7, 0, 11616
2026/05/22 19:49:20.035, 0, 4, 21794
2026/05/22 19:49:20.035, 1, 0, 20882
2026/05/22 19:49:20.035, 2, 3, 20812
2026/05/22 19:49:20.036, 3, 3, 20812
2026/05/22 19:49:20.036, 4, 0, 20882
2026/05/22 19:49:20.036, 5, 0, 17462
2026/05/22 19:49:20.037, 6, 0, 17448
2026/05/22 19:49:20.037, 7, 0, 11616
2026/05/22 19:49:20.651, 0, 8, 21794
2026/05/22 19:49:20.651, 1, 0, 20882
2026/05/22 19:49:20.652, 2, 3, 20812
2026/05/22 19:49:20.653, 3, 3, 20812
2026/05/22 19:49:20.653, 4, 0, 20882
2026/05/22 19:49:20.653, 5, 0, 17462
2026/05/22 19:49:20.654, 6, 0, 17448
2026/05/22 19:49:20.654, 7, 0, 11616
2026/05/22 19:49:21.252, 0, 9, 21794
2026/05/22 19:49:21.252, 1, 0, 20882
2026/05/22 19:49:21.252, 2, 3, 20812
2026/05/22 19:49:21.253, 3, 4, 20812
2026/05/22 19:49:21.253, 4, 0, 20882
2026/05/22 19:49:21.253, 5, 0, 17462
2026/05/22 19:49:21.254, 6, 0, 17448
2026/05/22 19:49:21.254, 7, 0, 11616
2026/05/22 19:49:21.849, 0, 5, 21794
2026/05/22 19:49:21.850, 1, 0, 20882
2026/05/22 19:49:21.850, 2, 3, 20812
2026/05/22 19:49:21.851, 3, 4, 20812
2026/05/22 19:49:21.852, 4, 0, 20882
2026/05/22 19:49:21.852, 5, 0, 17462
2026/05/22 19:49:21.852, 6, 0, 17448
2026/05/22 19:49:21.853, 7, 0, 11616
2026/05/22 19:49:22.438, 0, 4, 21794
2026/05/22 19:49:22.438, 1, 0, 20882
2026/05/22 19:49:22.438, 2, 3, 20812
2026/05/22 19:49:22.439, 3, 4, 20812
2026/05/22 19:49:22.439, 4, 0, 20882
2026/05/22 19:49:22.439, 5, 0, 17462
2026/05/22 19:49:22.439, 6, 0, 17448
2026/05/22 19:49:22.440, 7, 0, 11616
2026/05/22 19:49:23.043, 0, 4, 21794
2026/05/22 19:49:23.044, 1, 0, 20882
2026/05/22 19:49:23.044, 2, 3, 20812
2026/05/22 19:49:23.044, 3, 4, 20812
2026/05/22 19:49:23.044, 4, 0, 20882
2026/05/22 19:49:23.045, 5, 0, 17462
2026/05/22 19:49:23.045, 6, 0, 17448
2026/05/22 19:49:23.045, 7, 0, 11616
2026/05/22 19:49:23.681, 0, 3, 21794
2026/05/22 19:49:23.681, 1, 0, 20882
2026/05/22 19:49:23.681, 2, 3, 20812
2026/05/22 19:49:23.681, 3, 3, 20812
2026/05/22 19:49:23.681, 4, 0, 20882
2026/05/22 19:49:23.682, 5, 0, 17462
2026/05/22 19:49:23.682, 6, 0, 17448
2026/05/22 19:49:23.682, 7, 0, 11616
2026/05/22 19:49:24.287, 0, 4, 21794
2026/05/22 19:49:24.287, 1, 0, 20882
2026/05/22 19:49:24.287, 2, 3, 20812
2026/05/22 19:49:24.288, 3, 4, 20812
2026/05/22 19:49:24.288, 4, 0, 20882
2026/05/22 19:49:24.288, 5, 0, 17462
2026/05/22 19:49:24.288, 6, 0, 17448
2026/05/22 19:49:24.288, 7, 0, 11616
2026/05/22 19:49:24.915, 0, 3, 21794
2026/05/22 19:49:24.915, 1, 0, 20882
2026/05/22 19:49:24.915, 2, 3, 20812
2026/05/22 19:49:24.916, 3, 4, 20812
2026/05/22 19:49:24.916, 4, 0, 20882
2026/05/22 19:49:24.916, 5, 0, 17462
2026/05/22 19:49:24.916, 6, 0, 17448
2026/05/22 19:49:24.916, 7, 0, 11616
2026/05/22 19:49:25.511, 0, 4, 21794
2026/05/22 19:49:25.511, 1, 0, 20882
2026/05/22 19:49:25.511, 2, 2, 20812
2026/05/22 19:49:25.512, 3, 4, 20812
2026/05/22 19:49:25.512, 4, 0, 20882
2026/05/22 19:49:25.512, 5, 0, 17462
2026/05/22 19:49:25.513, 6, 0, 17448
2026/05/22 19:49:25.513, 7, 0, 11616
2026/05/22 19:49:26.104, 0, 4, 21794
2026/05/22 19:49:26.104, 1, 0, 20882
2026/05/22 19:49:26.104, 2, 0, 20882
2026/05/22 19:49:26.105, 3, 4, 20812
2026/05/22 19:49:26.105, 4, 0, 20882
2026/05/22 19:49:26.105, 5, 0, 17462
2026/05/22 19:49:26.105, 6, 0, 17448
2026/05/22 19:49:26.105, 7, 0, 11616
2026/05/22 19:49:26.732, 0, 4, 21794
2026/05/22 19:49:26.733, 1, 0, 20882
2026/05/22 19:49:26.733, 2, 0, 20882
2026/05/22 19:49:26.733, 3, 3, 20812
2026/05/22 19:49:26.734, 4, 0, 20882
2026/05/22 19:49:26.734, 5, 0, 17462
2026/05/22 19:49:26.734, 6, 0, 17448
2026/05/22 19:49:26.734, 7, 0, 11616
2026/05/22 19:49:27.343, 0, 4, 21794
2026/05/22 19:49:27.344, 1, 0, 20882
2026/05/22 19:49:27.344, 2, 0, 20882
2026/05/22 19:49:27.344, 3, 4, 20812
2026/05/22 19:49:27.345, 4, 0, 20882
2026/05/22 19:49:27.345, 5, 0, 17462
2026/05/22 19:49:27.345, 6, 0, 17448
2026/05/22 19:49:27.346, 7, 0, 11616
2026/05/22 19:49:27.935, 0, 4, 21794
2026/05/22 19:49:27.935, 1, 0, 20882
2026/05/22 19:49:27.936, 2, 0, 20882
2026/05/22 19:49:27.936, 3, 4, 20812
2026/05/22 19:49:27.936, 4, 0, 20882
2026/05/22 19:49:27.936, 5, 0, 17462
2026/05/22 19:49:27.937, 6, 0, 17448
2026/05/22 19:49:27.937, 7, 0, 11616
2026/05/22 19:49:28.524, 0, 4, 21794
2026/05/22 19:49:28.524, 1, 0, 20882
2026/05/22 19:49:28.524, 2, 0, 20882
2026/05/22 19:49:28.524, 3, 4, 20812
2026/05/22 19:49:28.525, 4, 0, 20882
2026/05/22 19:49:28.525, 5, 0, 17462
2026/05/22 19:49:28.525, 6, 0, 17448
2026/05/22 19:49:28.525, 7, 0, 11616
2026/05/22 19:49:29.113, 0, 4, 21794
2026/05/22 19:49:29.113, 1, 0, 20882
2026/05/22 19:49:29.113, 2, 0, 20882
2026/05/22 19:49:29.114, 3, 4, 20812
2026/05/22 19:49:29.114, 4, 0, 20882
2026/05/22 19:49:29.114, 5, 0, 17462
2026/05/22 19:49:29.114, 6, 0, 17448
2026/05/22 19:49:29.115, 7, 0, 11616
2026/05/22 19:49:29.701, 0, 3, 21794
2026/05/22 19:49:29.702, 1, 0, 20882
2026/05/22 19:49:29.702, 2, 0, 20882
2026/05/22 19:49:29.702, 3, 4, 20812
2026/05/22 19:49:29.703, 4, 0, 20882
2026/05/22 19:49:29.703, 5, 0, 17462
2026/05/22 19:49:29.703, 6, 0, 17448
2026/05/22 19:49:29.703, 7, 0, 11616
2026/05/22 19:49:30.299, 0, 4, 21794
2026/05/22 19:49:30.300, 1, 0, 20882
2026/05/22 19:49:30.300, 2, 0, 20882
2026/05/22 19:49:30.300, 3, 4, 20812
2026/05/22 19:49:30.301, 4, 0, 20882
2026/05/22 19:49:30.301, 5, 0, 17462
2026/05/22 19:49:30.302, 6, 0, 17448
2026/05/22 19:49:30.302, 7, 0, 11616
2026/05/22 19:49:30.899, 0, 4, 21794
2026/05/22 19:49:30.899, 1, 0, 20882
2026/05/22 19:49:30.899, 2, 0, 20882
2026/05/22 19:49:30.900, 3, 4, 20812
2026/05/22 19:49:30.900, 4, 0, 20882
2026/05/22 19:49:30.900, 5, 0, 17462
2026/05/22 19:49:30.900, 6, 0, 17448
2026/05/22 19:49:30.900, 7, 0, 11616
2026/05/22 19:49:31.495, 0, 3, 21794
2026/05/22 19:49:31.495, 1, 0, 20882
2026/05/22 19:49:31.496, 2, 0, 20882
2026/05/22 19:49:31.496, 3, 4, 20812
2026/05/22 19:49:31.496, 4, 0, 20882
2026/05/22 19:49:31.496, 5, 0, 17462
2026/05/22 19:49:31.497, 6, 0, 17448
2026/05/22 19:49:31.497, 7, 0, 11616
2026/05/22 19:49:32.087, 0, 3, 21794
2026/05/22 19:49:32.087, 1, 0, 20882
2026/05/22 19:49:32.088, 2, 0, 20882
2026/05/22 19:49:32.088, 3, 4, 20812
2026/05/22 19:49:32.088, 4, 0, 20882
2026/05/22 19:49:32.088, 5, 0, 17462
2026/05/22 19:49:32.089, 6, 0, 17448
2026/05/22 19:49:32.089, 7, 0, 11616
2026/05/22 19:49:32.717, 0, 2, 21794
2026/05/22 19:49:32.718, 1, 0, 20882
2026/05/22 19:49:32.718, 2, 0, 20882
2026/05/22 19:49:32.719, 3, 4, 20812
2026/05/22 19:49:32.719, 4, 0, 20882
2026/05/22 19:49:32.720, 5, 0, 17462
2026/05/22 19:49:32.720, 6, 0, 17448
2026/05/22 19:49:32.721, 7, 0, 11616
2026/05/22 19:49:33.314, 0, 0, 21850
2026/05/22 19:49:33.314, 1, 0, 20882
2026/05/22 19:49:33.314, 2, 0, 20882
2026/05/22 19:49:33.315, 3, 4, 20812
2026/05/22 19:49:33.315, 4, 0, 20882
2026/05/22 19:49:33.315, 5, 0, 17462
2026/05/22 19:49:33.315, 6, 0, 17448
2026/05/22 19:49:33.316, 7, 0, 11616
2026/05/22 19:49:33.909, 0, 0, 21850
2026/05/22 19:49:33.909, 1, 0, 20882
2026/05/22 19:49:33.909, 2, 0, 20882
2026/05/22 19:49:33.909, 3, 4, 20812
2026/05/22 19:49:33.910, 4, 0, 20882
2026/05/22 19:49:33.910, 5, 0, 17462
2026/05/22 19:49:33.910, 6, 0, 17448
2026/05/22 19:49:33.910, 7, 0, 11616
2026/05/22 19:49:34.501, 0, 0, 21850
2026/05/22 19:49:34.501, 1, 0, 20882
2026/05/22 19:49:34.501, 2, 0, 20882
2026/05/22 19:49:34.502, 3, 3, 20812
2026/05/22 19:49:34.502, 4, 0, 20882
2026/05/22 19:49:34.502, 5, 0, 17462
2026/05/22 19:49:34.502, 6, 0, 17448
2026/05/22 19:49:34.503, 7, 0, 11616
2026/05/22 19:49:35.104, 0, 0, 21850
2026/05/22 19:49:35.104, 1, 0, 20882
2026/05/22 19:49:35.105, 2, 0, 20882
2026/05/22 19:49:35.105, 3, 2, 20812
2026/05/22 19:49:35.105, 4, 0, 20882
2026/05/22 19:49:35.105, 5, 0, 17462
2026/05/22 19:49:35.105, 6, 0, 17448
2026/05/22 19:49:35.106, 7, 0, 11616
2026/05/22 19:49:35.686, 0, 0, 21850
2026/05/22 19:49:35.687, 1, 0, 20882
2026/05/22 19:49:35.687, 2, 0, 20882
2026/05/22 19:49:35.687, 3, 4, 20812
2026/05/22 19:49:35.687, 4, 0, 20882
2026/05/22 19:49:35.688, 5, 0, 17462
2026/05/22 19:49:35.688, 6, 0, 17448
2026/05/22 19:49:35.688, 7, 0, 11616
2026/05/22 19:49:36.258, 0, 0, 21850
2026/05/22 19:49:36.259, 1, 0, 20882
2026/05/22 19:49:36.259, 2, 0, 20882
2026/05/22 19:49:36.259, 3, 3, 20812
2026/05/22 19:49:36.259, 4, 0, 20882
2026/05/22 19:49:36.260, 5, 0, 17462
2026/05/22 19:49:36.260, 6, 0, 17448
2026/05/22 19:49:36.260, 7, 0, 11616
2026/05/22 19:49:36.830, 0, 0, 21850
2026/05/22 19:49:36.830, 1, 0, 20882
2026/05/22 19:49:36.831, 2, 0, 20882
2026/05/22 19:49:36.831, 3, 2, 20812
2026/05/22 19:49:36.831, 4, 0, 20882
2026/05/22 19:49:36.832, 5, 0, 17462
2026/05/22 19:49:36.832, 6, 0, 17448
2026/05/22 19:49:36.832, 7, 0, 11616
2026/05/22 19:49:37.428, 0, 0, 21850
2026/05/22 19:49:37.429, 1, 0, 20882
2026/05/22 19:49:37.429, 2, 0, 20882
2026/05/22 19:49:37.430, 3, 3, 20812
2026/05/22 19:49:37.430, 4, 0, 20882
2026/05/22 19:49:37.431, 5, 0, 17462
2026/05/22 19:49:37.431, 6, 0, 17448
2026/05/22 19:49:37.431, 7, 0, 11616
2026/05/22 19:49:38.039, 0, 0, 21850
2026/05/22 19:49:38.039, 1, 0, 20882
2026/05/22 19:49:38.039, 2, 0, 20882
2026/05/22 19:49:38.040, 3, 3, 20812
2026/05/22 19:49:38.040, 4, 0, 20882
2026/05/22 19:49:38.040, 5, 0, 17462
2026/05/22 19:49:38.040, 6, 0, 17448
2026/05/22 19:49:38.040, 7, 0, 11616
2026/05/22 19:49:38.626, 0, 0, 21850
2026/05/22 19:49:38.627, 1, 0, 20882
2026/05/22 19:49:38.627, 2, 0, 20882
2026/05/22 19:49:38.627, 3, 2, 20812
2026/05/22 19:49:38.627, 4, 0, 20882
2026/05/22 19:49:38.627, 5, 0, 17462
2026/05/22 19:49:38.628, 6, 0, 17448
2026/05/22 19:49:38.628, 7, 0, 11616
2026/05/22 19:49:39.220, 0, 0, 21850
2026/05/22 19:49:39.220, 1, 0, 20882
2026/05/22 19:49:39.221, 2, 0, 20882
2026/05/22 19:49:39.221, 3, 2, 20812
2026/05/22 19:49:39.221, 4, 0, 20882
2026/05/22 19:49:39.222, 5, 0, 17462
2026/05/22 19:49:39.222, 6, 0, 17448
2026/05/22 19:49:39.222, 7, 0, 11616
2026/05/22 19:49:39.820, 0, 0, 21850
2026/05/22 19:49:39.821, 1, 0, 20882
2026/05/22 19:49:39.821, 2, 0, 20882
2026/05/22 19:49:39.821, 3, 2, 20812
2026/05/22 19:49:39.822, 4, 0, 20882
2026/05/22 19:49:39.822, 5, 0, 17462
2026/05/22 19:49:39.822, 6, 0, 17448
2026/05/22 19:49:39.823, 7, 0, 11616
2026/05/22 19:49:40.433, 0, 0, 21850
2026/05/22 19:49:40.433, 1, 0, 20882
2026/05/22 19:49:40.433, 2, 0, 20882
2026/05/22 19:49:40.433, 3, 2, 20812
2026/05/22 19:49:40.434, 4, 0, 20882
2026/05/22 19:49:40.434, 5, 0, 17462
2026/05/22 19:49:40.434, 6, 0, 17448
2026/05/22 19:49:40.434, 7, 0, 11616
2026/05/22 19:49:41.054, 0, 0, 21850
2026/05/22 19:49:41.054, 1, 0, 20882
2026/05/22 19:49:41.054, 2, 0, 20882
2026/05/22 19:49:41.055, 3, 2, 20812
2026/05/22 19:49:41.055, 4, 0, 20882
2026/05/22 19:49:41.055, 5, 0, 17462
2026/05/22 19:49:41.055, 6, 0, 17448
2026/05/22 19:49:41.055, 7, 0, 11616
2026/05/22 19:49:41.647, 0, 0, 21850
2026/05/22 19:49:41.648, 1, 0, 20882
2026/05/22 19:49:41.648, 2, 0, 20882
2026/05/22 19:49:41.649, 3, 2, 20812
2026/05/22 19:49:41.649, 4, 0, 20882
2026/05/22 19:49:41.650, 5, 0, 17462
2026/05/22 19:49:41.650, 6, 0, 17448
2026/05/22 19:49:41.651, 7, 0, 11616
2026/05/22 19:49:42.281, 0, 0, 23642
2026/05/22 19:49:42.281, 1, 0, 20882
2026/05/22 19:49:42.282, 2, 0, 20882
2026/05/22 19:49:42.282, 3, 2, 20882
2026/05/22 19:49:42.282, 4, 0, 20882
2026/05/22 19:49:42.283, 5, 0, 17462
2026/05/22 19:49:42.283, 6, 0, 17448
2026/05/22 19:49:42.283, 7, 0, 11616
2026/05/22 19:49:42.874, 0, 13, 23644
2026/05/22 19:49:42.875, 1, 0, 20884
2026/05/22 19:49:42.875, 2, 0, 20884
2026/05/22 19:49:42.875, 3, 0, 20884
2026/05/22 19:49:42.875, 4, 0, 20884
2026/05/22 19:49:42.876, 5, 0, 17464
2026/05/22 19:49:42.876, 6, 0, 17450
2026/05/22 19:49:42.876, 7, 0, 11618
2026/05/22 19:49:43.448, 0, 5, 23914
2026/05/22 19:49:43.448, 1, 7, 22946
2026/05/22 19:49:43.449, 2, 7, 22946
2026/05/22 19:49:43.449, 3, 7, 22946
2026/05/22 19:49:43.449, 4, 6, 22946
2026/05/22 19:49:43.450, 5, 1, 19526
2026/05/22 19:49:43.450, 6, 0, 17450
2026/05/22 19:49:43.450, 7, 0, 11618
2026/05/22 19:49:44.025, 0, 0, 23914
2026/05/22 19:49:44.025, 1, 0, 22946
2026/05/22 19:49:44.026, 2, 0, 22946
2026/05/22 19:49:44.026, 3, 0, 22946
2026/05/22 19:49:44.027, 4, 1, 22946
2026/05/22 19:49:44.027, 5, 1, 19526
2026/05/22 19:49:44.027, 6, 1, 19512
2026/05/22 19:49:44.028, 7, 0, 13680
2026/05/22 19:49:44.612, 0, 12, 23914
2026/05/22 19:49:44.612, 1, 13, 22946
2026/05/22 19:49:44.613, 2, 13, 22946
2026/05/22 19:49:44.613, 3, 13, 22946
2026/05/22 19:49:44.613, 4, 13, 22946
2026/05/22 19:49:44.613, 5, 11, 19526
2026/05/22 19:49:44.613, 6, 10, 19512
2026/05/22 19:49:44.614, 7, 6, 13682
2026/05/22 19:49:45.202, 0, 12, 23914
2026/05/22 19:49:45.202, 1, 13, 22946
2026/05/22 19:49:45.202, 2, 17, 22946
2026/05/22 19:49:45.202, 3, 13, 22946
2026/05/22 19:49:45.203, 4, 13, 22946
2026/05/22 19:49:45.203, 5, 11, 19526
2026/05/22 19:49:45.203, 6, 10, 19512
2026/05/22 19:49:45.203, 7, 9, 13682
2026/05/22 19:49:45.790, 0, 12, 23914
2026/05/22 19:49:45.791, 1, 15, 22946
2026/05/22 19:49:45.791, 2, 13, 22946
2026/05/22 19:49:45.791, 3, 16, 22946
2026/05/22 19:49:45.791, 4, 15, 22946
2026/05/22 19:49:45.792, 5, 13, 19526
2026/05/22 19:49:45.792, 6, 13, 19512
2026/05/22 19:49:45.792, 7, 10, 13682
2026/05/22 19:49:46.382, 0, 14, 23914
2026/05/22 19:49:46.382, 1, 13, 22946
2026/05/22 19:49:46.383, 2, 13, 22946
2026/05/22 19:49:46.383, 3, 13, 22946
2026/05/22 19:49:46.383, 4, 13, 22946
2026/05/22 19:49:46.383, 5, 11, 19526
2026/05/22 19:49:46.383, 6, 11, 19512
2026/05/22 19:49:46.384, 7, 11, 13682
2026/05/22 19:49:46.991, 0, 13, 23914
2026/05/22 19:49:46.991, 1, 13, 22946
2026/05/22 19:49:46.991, 2, 13, 22946
2026/05/22 19:49:46.992, 3, 13, 22946
2026/05/22 19:49:46.992, 4, 13, 22946
2026/05/22 19:49:46.992, 5, 11, 19526
2026/05/22 19:49:46.993, 6, 11, 19512
2026/05/22 19:49:46.993, 7, 10, 13682
2026/05/22 19:49:47.592, 0, 13, 23914
2026/05/22 19:49:47.592, 1, 15, 22946
2026/05/22 19:49:47.593, 2, 13, 22946
2026/05/22 19:49:47.593, 3, 13, 22946
2026/05/22 19:49:47.594, 4, 15, 22946
2026/05/22 19:49:47.594, 5, 13, 19526
2026/05/22 19:49:47.594, 6, 11, 19512
2026/05/22 19:49:47.595, 7, 10, 13682
2026/05/22 19:49:48.194, 0, 13, 23914
2026/05/22 19:49:48.194, 1, 13, 22946
2026/05/22 19:49:48.195, 2, 13, 22946
2026/05/22 19:49:48.196, 3, 13, 22946
2026/05/22 19:49:48.196, 4, 13, 22946
2026/05/22 19:49:48.197, 5, 11, 19526
2026/05/22 19:49:48.197, 6, 11, 19512
2026/05/22 19:49:48.198, 7, 10, 13682
2026/05/22 19:49:48.814, 0, 2, 23914
2026/05/22 19:49:48.814, 1, 3, 22946
2026/05/22 19:49:48.815, 2, 45, 22946
2026/05/22 19:49:48.815, 3, 60, 22946
2026/05/22 19:49:48.815, 4, 31, 22946
2026/05/22 19:49:48.815, 5, 25, 19526
2026/05/22 19:49:48.815, 6, 24, 19512
2026/05/22 19:49:48.816, 7, 2, 13682
2026/05/22 19:49:49.449, 0, 68, 23914
2026/05/22 19:49:49.450, 1, 71, 22946
2026/05/22 19:49:49.450, 2, 60, 22946
2026/05/22 19:49:49.450, 3, 60, 22946
2026/05/22 19:49:49.450, 4, 66, 22946
2026/05/22 19:49:49.451, 5, 56, 19526
2026/05/22 19:49:49.451, 6, 55, 19512
2026/05/22 19:49:49.451, 7, 39, 13682
2026/05/22 19:49:50.062, 0, 58, 23914
2026/05/22 19:49:50.063, 1, 59, 22946
2026/05/22 19:49:50.063, 2, 71, 22946
2026/05/22 19:49:50.063, 3, 71, 22946
2026/05/22 19:49:50.063, 4, 71, 22946
2026/05/22 19:49:50.064, 5, 60, 19526
2026/05/22 19:49:50.064, 6, 59, 19512
2026/05/22 19:49:50.064, 7, 34, 13682
2026/05/22 19:49:50.670, 0, 70, 23914
2026/05/22 19:49:50.670, 1, 71, 22946
2026/05/22 19:49:50.670, 2, 60, 22946
2026/05/22 19:49:50.670, 3, 64, 22946
2026/05/22 19:49:50.671, 4, 70, 22946
2026/05/22 19:49:50.671, 5, 59, 19526
2026/05/22 19:49:50.671, 6, 59, 19512
2026/05/22 19:49:50.671, 7, 39, 13682
2026/05/22 19:49:51.304, 0, 59, 23914
2026/05/22 19:49:51.304, 1, 60, 22946
2026/05/22 19:49:51.305, 2, 71, 22946
2026/05/22 19:49:51.305, 3, 71, 22946
2026/05/22 19:49:51.305, 4, 71, 22946
2026/05/22 19:49:51.306, 5, 59, 19526
2026/05/22 19:49:51.306, 6, 58, 19512
2026/05/22 19:49:51.306, 7, 37, 13682
2026/05/22 19:49:51.898, 0, 58, 23914
2026/05/22 19:49:51.899, 1, 60, 22946
2026/05/22 19:49:51.899, 2, 53, 22946
2026/05/22 19:49:51.899, 3, 52, 22946
2026/05/22 19:49:51.899, 4, 55, 22946
2026/05/22 19:49:51.900, 5, 48, 19526
2026/05/22 19:49:51.900, 6, 47, 19512
2026/05/22 19:49:51.900, 7, 44, 13682
2026/05/22 19:49:52.506, 0, 51, 23914
2026/05/22 19:49:52.506, 1, 53, 22946
2026/05/22 19:49:52.507, 2, 61, 22946
2026/05/22 19:49:52.507, 3, 58, 22946
2026/05/22 19:49:52.508, 4, 61, 22946
2026/05/22 19:49:52.509, 5, 51, 19526
2026/05/22 19:49:52.509, 6, 50, 19512
2026/05/22 19:49:52.510, 7, 44, 13682
2026/05/22 19:49:53.142, 0, 52, 23914
2026/05/22 19:49:53.143, 1, 53, 22946
2026/05/22 19:49:53.143, 2, 53, 22946
2026/05/22 19:49:53.143, 3, 60, 22946
2026/05/22 19:49:53.143, 4, 53, 22946
2026/05/22 19:49:53.144, 5, 45, 19526
2026/05/22 19:49:53.144, 6, 44, 19512
2026/05/22 19:49:53.144, 7, 44, 13682
2026/05/22 19:49:53.750, 0, 58, 23914
2026/05/22 19:49:53.750, 1, 60, 22946
2026/05/22 19:49:53.751, 2, 54, 22946
2026/05/22 19:49:53.751, 3, 53, 22946
2026/05/22 19:49:53.751, 4, 53, 22946
2026/05/22 19:49:53.751, 5, 44, 19526
2026/05/22 19:49:53.751, 6, 44, 19512
2026/05/22 19:49:53.752, 7, 42, 13682
2026/05/22 19:49:54.380, 0, 58, 23914
2026/05/22 19:49:54.380, 1, 52, 22946
2026/05/22 19:49:54.381, 2, 54, 22946
2026/05/22 19:49:54.381, 3, 52, 22946
2026/05/22 19:49:54.381, 4, 60, 22946
2026/05/22 19:49:54.381, 5, 49, 19526
2026/05/22 19:49:54.382, 6, 49, 19512
2026/05/22 19:49:54.382, 7, 45, 13682
2026/05/22 19:49:55.015, 0, 52, 23914
2026/05/22 19:49:55.016, 1, 54, 22946
2026/05/22 19:49:55.016, 2, 61, 22946
2026/05/22 19:49:55.017, 3, 61, 22946
2026/05/22 19:49:55.017, 4, 56, 22946
2026/05/22 19:49:55.018, 5, 49, 19526
2026/05/22 19:49:55.018, 6, 50, 19512
2026/05/22 19:49:55.018, 7, 45, 13682
2026/05/22 19:49:55.612, 0, 47, 23914
2026/05/22 19:49:55.613, 1, 61, 22946
2026/05/22 19:49:55.613, 2, 51, 22946
2026/05/22 19:49:55.614, 3, 58, 22946
2026/05/22 19:49:55.614, 4, 51, 22946
2026/05/22 19:49:55.614, 5, 43, 19526
2026/05/22 19:49:55.615, 6, 42, 19512
2026/05/22 19:49:55.615, 7, 49, 13682
2026/05/22 19:49:56.225, 0, 59, 23914
2026/05/22 19:49:56.225, 1, 58, 22946
2026/05/22 19:49:56.225, 2, 53, 22946
2026/05/22 19:49:56.226, 3, 53, 22946
2026/05/22 19:49:56.226, 4, 57, 22946
2026/05/22 19:49:56.226, 5, 47, 19526
2026/05/22 19:49:56.227, 6, 44, 19512
2026/05/22 19:49:56.227, 7, 42, 13682
2026/05/22 19:49:56.840, 0, 58, 23914
2026/05/22 19:49:56.841, 1, 53, 22946
2026/05/22 19:49:56.841, 2, 62, 22946
2026/05/22 19:49:56.841, 3, 62, 22946
2026/05/22 19:49:56.842, 4, 61, 22946
2026/05/22 19:49:56.842, 5, 51, 19526
2026/05/22 19:49:56.842, 6, 50, 19512
2026/05/22 19:49:56.842, 7, 44, 13682
2026/05/22 19:49:57.411, 0, 51, 23914
2026/05/22 19:49:57.412, 1, 53, 22946
2026/05/22 19:49:57.412, 2, 53, 22946
2026/05/22 19:49:57.412, 3, 61, 22946
2026/05/22 19:49:57.412, 4, 53, 22946
2026/05/22 19:49:57.412, 5, 44, 19526
2026/05/22 19:49:57.413, 6, 43, 19512
2026/05/22 19:49:57.413, 7, 49, 13682
2026/05/22 19:49:57.983, 0, 53, 23914
2026/05/22 19:49:57.984, 1, 61, 22946
2026/05/22 19:49:57.984, 2, 53, 22946
2026/05/22 19:49:57.984, 3, 53, 22946
2026/05/22 19:49:57.984, 4, 52, 22946
2026/05/22 19:49:57.985, 5, 44, 19526
2026/05/22 19:49:57.985, 6, 44, 19512
2026/05/22 19:49:57.985, 7, 41, 13682
2026/05/22 19:49:58.594, 0, 59, 23914
2026/05/22 19:49:58.594, 1, 53, 22946
2026/05/22 19:49:58.595, 2, 59, 22946
2026/05/22 19:49:58.595, 3, 53, 22946
2026/05/22 19:49:58.595, 4, 61, 22946
2026/05/22 19:49:58.596, 5, 51, 19526
2026/05/22 19:49:58.596, 6, 50, 19512
2026/05/22 19:49:58.597, 7, 44, 13682
2026/05/22 19:49:59.174, 0, 50, 23914
2026/05/22 19:49:59.174, 1, 52, 22946
2026/05/22 19:49:59.175, 2, 61, 22946
2026/05/22 19:49:59.175, 3, 61, 22946
2026/05/22 19:49:59.175, 4, 52, 22946
2026/05/22 19:49:59.176, 5, 44, 19526
2026/05/22 19:49:59.176, 6, 45, 19512
2026/05/22 19:49:59.176, 7, 45, 13682
2026/05/22 19:49:59.753, 0, 51, 23914
2026/05/22 19:49:59.754, 1, 62, 22946
2026/05/22 19:49:59.754, 2, 52, 22946
2026/05/22 19:49:59.755, 3, 54, 22946
2026/05/22 19:49:59.755, 4, 52, 22946
2026/05/22 19:49:59.755, 5, 44, 19526
2026/05/22 19:49:59.756, 6, 44, 19512
2026/05/22 19:49:59.756, 7, 49, 13682
2026/05/22 19:50:00.370, 0, 59, 23914
2026/05/22 19:50:00.370, 1, 61, 22946
2026/05/22 19:50:00.370, 2, 53, 22946
2026/05/22 19:50:00.370, 3, 53, 22946
2026/05/22 19:50:00.371, 4, 61, 22946
2026/05/22 19:50:00.371, 5, 50, 19526
2026/05/22 19:50:00.371, 6, 47, 19512
2026/05/22 19:50:00.371, 7, 44, 13682
2026/05/22 19:50:00.963, 0, 51, 23914
2026/05/22 19:50:00.964, 1, 53, 22946
2026/05/22 19:50:00.964, 2, 61, 22946
2026/05/22 19:50:00.964, 3, 61, 22946
2026/05/22 19:50:00.965, 4, 61, 22946
2026/05/22 19:50:00.965, 5, 51, 19526
2026/05/22 19:50:00.965, 6, 50, 19512
2026/05/22 19:50:00.965, 7, 35, 13682
2026/05/22 19:50:01.572, 0, 50, 23914
2026/05/22 19:50:01.572, 1, 61, 22946
2026/05/22 19:50:01.573, 2, 53, 22946
2026/05/22 19:50:01.573, 3, 58, 22946
2026/05/22 19:50:01.573, 4, 52, 22946
2026/05/22 19:50:01.573, 5, 44, 19526
2026/05/22 19:50:01.574, 6, 43, 19512
2026/05/22 19:50:01.574, 7, 48, 13682
2026/05/22 19:50:02.164, 0, 60, 23914
2026/05/22 19:50:02.165, 1, 61, 22946
2026/05/22 19:50:02.165, 2, 52, 22946
2026/05/22 19:50:02.165, 3, 52, 22946
2026/05/22 19:50:02.165, 4, 59, 22946
2026/05/22 19:50:02.166, 5, 48, 19526
2026/05/22 19:50:02.166, 6, 45, 19512
2026/05/22 19:50:02.166, 7, 42, 13682
2026/05/22 19:50:02.773, 0, 53, 23914
2026/05/22 19:50:02.774, 1, 52, 22946
2026/05/22 19:50:02.774, 2, 62, 22946
2026/05/22 19:50:02.774, 3, 59, 22946
2026/05/22 19:50:02.775, 4, 62, 22946
2026/05/22 19:50:02.775, 5, 52, 19526
2026/05/22 19:50:02.775, 6, 51, 19512
2026/05/22 19:50:02.776, 7, 44, 13682
