2026/05/21 21:41:39.867, 0, 0, 0
2026/05/21 21:41:39.868, 1, 0, 0
2026/05/21 21:41:39.868, 2, 0, 0
2026/05/21 21:41:39.868, 3, 0, 0
2026/05/21 21:41:39.869, 4, 0, 0
2026/05/21 21:41:39.869, 5, 0, 0
2026/05/21 21:41:39.869, 6, 0, 0
2026/05/21 21:41:39.870, 7, 0, 0
2026/05/21 21:41:40.507, 0, 1, 4
2026/05/21 21:41:40.508, 1, 1, 4
2026/05/21 21:41:40.509, 2, 1, 4
2026/05/21 21:41:40.510, 3, 0, 4
2026/05/21 21:41:40.511, 4, 1, 4
2026/05/21 21:41:40.511, 5, 0, 1
2026/05/21 21:41:40.511, 6, 0, 0
2026/05/21 21:41:40.512, 7, 0, 0
2026/05/21 21:41:41.786, 0, 0, 16
2026/05/21 21:41:41.804, 1, 0, 16
2026/05/21 21:41:41.808, 2, 0, 16
2026/05/21 21:41:41.811, 3, 0, 16
2026/05/21 21:41:41.817, 4, 0, 16
2026/05/21 21:41:41.821, 5, 0, 16
2026/05/21 21:41:41.835, 6, 0, 16
2026/05/21 21:41:41.850, 7, 0, 16
2026/05/21 21:41:42.622, 0, 1, 28
2026/05/21 21:41:42.622, 1, 1, 30
2026/05/21 21:41:42.623, 2, 2, 20812
2026/05/21 21:41:42.623, 3, 1, 28
2026/05/21 21:41:42.623, 4, 1, 28
2026/05/21 21:41:42.623, 5, 0, 30
2026/05/21 21:41:42.624, 6, 0, 30
2026/05/21 21:41:42.624, 7, 0, 30
2026/05/21 21:41:43.225, 0, 3, 21794
2026/05/21 21:41:43.225, 1, 3, 20812
2026/05/21 21:41:43.226, 2, 7, 20812
2026/05/21 21:41:43.226, 3, 18, 20812
2026/05/21 21:41:43.226, 4, 25, 20812
2026/05/21 21:41:43.227, 5, 3, 17406
2026/05/21 21:41:43.227, 6, 4, 17386
2026/05/21 21:41:43.227, 7, 22, 11582
2026/05/21 21:41:43.816, 0, 4, 21794
2026/05/21 21:41:43.816, 1, 3, 20812
2026/05/21 21:41:43.816, 2, 11, 20812
2026/05/21 21:41:43.817, 3, 3, 20812
2026/05/21 21:41:43.817, 4, 25, 20812
2026/05/21 21:41:43.817, 5, 4, 17406
2026/05/21 21:41:43.817, 6, 9, 17386
2026/05/21 21:41:43.818, 7, 25, 11582
2026/05/21 21:41:44.391, 0, 4, 21794
2026/05/21 21:41:44.392, 1, 28, 20812
2026/05/21 21:41:44.392, 2, 10, 20812
2026/05/21 21:41:44.392, 3, 3, 20812
2026/05/21 21:41:44.392, 4, 3, 20812
2026/05/21 21:41:44.393, 5, 2, 17406
2026/05/21 21:41:44.393, 6, 8, 17386
2026/05/21 21:41:44.393, 7, 3, 11582
2026/05/21 21:41:44.964, 0, 3, 21794
2026/05/21 21:41:44.964, 1, 2, 20812
2026/05/21 21:41:44.964, 2, 2, 20812
2026/05/21 21:41:44.965, 3, 3, 20812
2026/05/21 21:41:44.965, 4, 3, 20812
2026/05/21 21:41:44.965, 5, 2, 17406
2026/05/21 21:41:44.965, 6, 26, 17386
2026/05/21 21:41:44.966, 7, 3, 11582
2026/05/21 21:41:45.540, 0, 2, 21794
2026/05/21 21:41:45.540, 1, 2, 20812
2026/05/21 21:41:45.540, 2, 2, 20812
2026/05/21 21:41:45.541, 3, 2, 20812
2026/05/21 21:41:45.541, 4, 3, 20812
2026/05/21 21:41:45.541, 5, 4, 17406
2026/05/21 21:41:45.542, 6, 2, 17386
2026/05/21 21:41:45.542, 7, 16, 11582
2026/05/21 21:41:46.116, 0, 2, 21794
2026/05/21 21:41:46.117, 1, 2, 20812
2026/05/21 21:41:46.118, 2, 2, 20812
2026/05/21 21:41:46.118, 3, 2, 20812
2026/05/21 21:41:46.118, 4, 2, 20812
2026/05/21 21:41:46.119, 5, 4, 17406
2026/05/21 21:41:46.119, 6, 2, 17386
2026/05/21 21:41:46.119, 7, 3, 11582
2026/05/21 21:41:46.712, 0, 2, 21794
2026/05/21 21:41:46.712, 1, 2, 20812
2026/05/21 21:41:46.712, 2, 2, 20812
2026/05/21 21:41:46.713, 3, 2, 20812
2026/05/21 21:41:46.713, 4, 2, 20812
2026/05/21 21:41:46.713, 5, 2, 17406
2026/05/21 21:41:46.713, 6, 2, 17386
2026/05/21 21:41:46.714, 7, 2, 11582
2026/05/21 21:41:47.302, 0, 2, 21794
2026/05/21 21:41:47.303, 1, 2, 20812
2026/05/21 21:41:47.303, 2, 2, 20812
2026/05/21 21:41:47.303, 3, 2, 20812
2026/05/21 21:41:47.303, 4, 2, 20812
2026/05/21 21:41:47.303, 5, 2, 17406
2026/05/21 21:41:47.304, 6, 6, 17386
2026/05/21 21:41:47.304, 7, 3, 11582
2026/05/21 21:41:47.873, 0, 2, 21794
2026/05/21 21:41:47.874, 1, 2, 20812
2026/05/21 21:41:47.874, 2, 6, 20812
2026/05/21 21:41:47.875, 3, 2, 20812
2026/05/21 21:41:47.875, 4, 2, 20812
2026/05/21 21:41:47.875, 5, 2, 17406
2026/05/21 21:41:47.876, 6, 2, 17386
2026/05/21 21:41:47.876, 7, 2, 11582
2026/05/21 21:41:48.478, 0, 2, 21794
2026/05/21 21:41:48.478, 1, 2, 20812
2026/05/21 21:41:48.478, 2, 2, 20812
2026/05/21 21:41:48.479, 3, 2, 20812
2026/05/21 21:41:48.479, 4, 2, 20812
2026/05/21 21:41:48.479, 5, 2, 17406
2026/05/21 21:41:48.479, 6, 2, 17386
2026/05/21 21:41:48.480, 7, 2, 11582
2026/05/21 21:41:49.061, 0, 2, 21794
2026/05/21 21:41:49.061, 1, 2, 20812
2026/05/21 21:41:49.062, 2, 2, 20812
2026/05/21 21:41:49.062, 3, 4, 20812
2026/05/21 21:41:49.063, 4, 2, 20812
2026/05/21 21:41:49.063, 5, 2, 17406
2026/05/21 21:41:49.063, 6, 2, 17386
2026/05/21 21:41:49.064, 7, 2, 11582
2026/05/21 21:41:49.663, 0, 2, 21794
2026/05/21 21:41:49.664, 1, 1, 20812
2026/05/21 21:41:49.664, 2, 6, 20812
2026/05/21 21:41:49.664, 3, 2, 20812
2026/05/21 21:41:49.664, 4, 2, 20812
2026/05/21 21:41:49.665, 5, 2, 17406
2026/05/21 21:41:49.665, 6, 2, 17386
2026/05/21 21:41:49.665, 7, 2, 11582
2026/05/21 21:41:50.280, 0, 2, 21794
2026/05/21 21:41:50.281, 1, 10, 20812
2026/05/21 21:41:50.281, 2, 2, 20812
2026/05/21 21:41:50.281, 3, 2, 20812
2026/05/21 21:41:50.281, 4, 2, 20812
2026/05/21 21:41:50.282, 5, 2, 17406
2026/05/21 21:41:50.282, 6, 2, 17386
2026/05/21 21:41:50.282, 7, 2, 11582
2026/05/21 21:41:50.913, 0, 2, 21794
2026/05/21 21:41:50.914, 1, 8, 20812
2026/05/21 21:41:50.914, 2, 3, 20812
2026/05/21 21:41:50.914, 3, 2, 20812
2026/05/21 21:41:50.915, 4, 2, 20812
2026/05/21 21:41:50.915, 5, 2, 17406
2026/05/21 21:41:50.915, 6, 3, 17386
2026/05/21 21:41:50.915, 7, 3, 11582
2026/05/21 21:41:51.521, 0, 2, 21794
2026/05/21 21:41:51.522, 1, 3, 20812
2026/05/21 21:41:51.522, 2, 2, 20812
2026/05/21 21:41:51.523, 3, 1, 20812
2026/05/21 21:41:51.523, 4, 2, 20812
2026/05/21 21:41:51.523, 5, 2, 17406
2026/05/21 21:41:51.524, 6, 2, 17386
2026/05/21 21:41:51.524, 7, 3, 11582
2026/05/21 21:41:52.142, 0, 2, 21794
2026/05/21 21:41:52.142, 1, 6, 20812
2026/05/21 21:41:52.143, 2, 2, 20812
2026/05/21 21:41:52.143, 3, 2, 20812
2026/05/21 21:41:52.144, 4, 3, 20812
2026/05/21 21:41:52.144, 5, 2, 17406
2026/05/21 21:41:52.144, 6, 2, 17386
2026/05/21 21:41:52.145, 7, 2, 11582
2026/05/21 21:41:52.780, 0, 2, 21794
2026/05/21 21:41:52.781, 1, 5, 20812
2026/05/21 21:41:52.781, 2, 2, 20812
2026/05/21 21:41:52.781, 3, 4, 20812
2026/05/21 21:41:52.781, 4, 2, 20812
2026/05/21 21:41:52.782, 5, 2, 17406
2026/05/21 21:41:52.782, 6, 3, 17386
2026/05/21 21:41:52.782, 7, 2, 11582
2026/05/21 21:41:53.357, 0, 2, 21794
2026/05/21 21:41:53.357, 1, 3, 20812
2026/05/21 21:41:53.357, 2, 2, 20812
2026/05/21 21:41:53.357, 3, 2, 20812
2026/05/21 21:41:53.358, 4, 2, 20812
2026/05/21 21:41:53.358, 5, 2, 17406
2026/05/21 21:41:53.358, 6, 4, 17386
2026/05/21 21:41:53.358, 7, 5, 11582
2026/05/21 21:41:53.946, 0, 2, 21794
2026/05/21 21:41:53.946, 1, 4, 20812
2026/05/21 21:41:53.947, 2, 2, 20812
2026/05/21 21:41:53.947, 3, 2, 20812
2026/05/21 21:41:53.947, 4, 2, 20812
2026/05/21 21:41:53.947, 5, 2, 17406
2026/05/21 21:41:53.948, 6, 2, 17386
2026/05/21 21:41:53.948, 7, 2, 11582
2026/05/21 21:41:54.558, 0, 2, 21794
2026/05/21 21:41:54.558, 1, 4, 20812
2026/05/21 21:41:54.559, 2, 2, 20812
2026/05/21 21:41:54.559, 3, 2, 20812
2026/05/21 21:41:54.559, 4, 2, 20812
2026/05/21 21:41:54.560, 5, 2, 17406
2026/05/21 21:41:54.560, 6, 2, 17386
2026/05/21 21:41:54.560, 7, 2, 11582
2026/05/21 21:41:55.153, 0, 2, 21794
2026/05/21 21:41:55.154, 1, 2, 20812
2026/05/21 21:41:55.154, 2, 2, 20812
2026/05/21 21:41:55.154, 3, 2, 20812
2026/05/21 21:41:55.155, 4, 2, 20812
2026/05/21 21:41:55.155, 5, 2, 17406
2026/05/21 21:41:55.155, 6, 5, 17386
2026/05/21 21:41:55.156, 7, 2, 11582
2026/05/21 21:41:55.756, 0, 2, 21794
2026/05/21 21:41:55.757, 1, 2, 20812
2026/05/21 21:41:55.757, 2, 2, 20812
2026/05/21 21:41:55.757, 3, 2, 20812
2026/05/21 21:41:55.758, 4, 2, 20812
2026/05/21 21:41:55.758, 5, 3, 17406
2026/05/21 21:41:55.758, 6, 2, 17386
2026/05/21 21:41:55.759, 7, 2, 11582
2026/05/21 21:41:56.342, 0, 2, 21794
2026/05/21 21:41:56.342, 1, 2, 20812
2026/05/21 21:41:56.343, 2, 2, 20812
2026/05/21 21:41:56.343, 3, 2, 20812
2026/05/21 21:41:56.343, 4, 2, 20812
2026/05/21 21:41:56.344, 5, 2, 17406
2026/05/21 21:41:56.344, 6, 3, 17386
2026/05/21 21:41:56.344, 7, 2, 11582
2026/05/21 21:41:56.942, 0, 2, 21794
2026/05/21 21:41:56.942, 1, 2, 20812
2026/05/21 21:41:56.943, 2, 2, 20812
2026/05/21 21:41:56.943, 3, 2, 20812
2026/05/21 21:41:56.943, 4, 2, 20812
2026/05/21 21:41:56.943, 5, 2, 17406
2026/05/21 21:41:56.944, 6, 2, 17386
2026/05/21 21:41:56.944, 7, 2, 11582
2026/05/21 21:41:57.536, 0, 2, 21794
2026/05/21 21:41:57.536, 1, 14, 20812
2026/05/21 21:41:57.537, 2, 2, 20812
2026/05/21 21:41:57.537, 3, 2, 20812
2026/05/21 21:41:57.537, 4, 2, 20812
2026/05/21 21:41:57.537, 5, 2, 17406
2026/05/21 21:41:57.538, 6, 2, 17386
2026/05/21 21:41:57.538, 7, 2, 11582
2026/05/21 21:41:58.130, 0, 3, 21794
2026/05/21 21:41:58.130, 1, 21, 20812
2026/05/21 21:41:58.131, 2, 2, 20812
2026/05/21 21:41:58.131, 3, 2, 20812
2026/05/21 21:41:58.131, 4, 2, 20812
2026/05/21 21:41:58.131, 5, 2, 17406
2026/05/21 21:41:58.132, 6, 2, 17386
2026/05/21 21:41:58.132, 7, 3, 11582
2026/05/21 21:41:58.728, 0, 2, 21794
2026/05/21 21:41:58.729, 1, 2, 20812
2026/05/21 21:41:58.729, 2, 2, 20812
2026/05/21 21:41:58.730, 3, 2, 20812
2026/05/21 21:41:58.730, 4, 2, 20812
2026/05/21 21:41:58.730, 5, 2, 17406
2026/05/21 21:41:58.731, 6, 2, 17386
2026/05/21 21:41:58.731, 7, 2, 11582
2026/05/21 21:41:59.332, 0, 2, 21794
2026/05/21 21:41:59.332, 1, 7, 20812
2026/05/21 21:41:59.332, 2, 2, 20812
2026/05/21 21:41:59.333, 3, 2, 20812
2026/05/21 21:41:59.333, 4, 2, 20812
2026/05/21 21:41:59.333, 5, 2, 17406
2026/05/21 21:41:59.333, 6, 2, 17386
2026/05/21 21:41:59.334, 7, 2, 11582
2026/05/21 21:41:59.929, 0, 2, 21794
2026/05/21 21:41:59.930, 1, 2, 20812
2026/05/21 21:41:59.930, 2, 2, 20812
2026/05/21 21:41:59.930, 3, 2, 20812
2026/05/21 21:41:59.930, 4, 3, 20812
2026/05/21 21:41:59.930, 5, 2, 17406
2026/05/21 21:41:59.931, 6, 2, 17386
2026/05/21 21:41:59.931, 7, 2, 11582
2026/05/21 21:42:00.540, 0, 4, 21794
2026/05/21 21:42:00.540, 1, 2, 20812
2026/05/21 21:42:00.541, 2, 2, 20812
2026/05/21 21:42:00.541, 3, 2, 20812
2026/05/21 21:42:00.541, 4, 2, 20812
2026/05/21 21:42:00.541, 5, 2, 17406
2026/05/21 21:42:00.542, 6, 2, 17386
2026/05/21 21:42:00.542, 7, 2, 11582
2026/05/21 21:42:01.150, 0, 26, 21794
2026/05/21 21:42:01.150, 1, 3, 20812
2026/05/21 21:42:01.150, 2, 2, 20812
2026/05/21 21:42:01.151, 3, 2, 20812
2026/05/21 21:42:01.151, 4, 3, 20812
2026/05/21 21:42:01.151, 5, 3, 17406
2026/05/21 21:42:01.151, 6, 2, 17386
2026/05/21 21:42:01.152, 7, 2, 11582
2026/05/21 21:42:01.766, 0, 3, 21794
2026/05/21 21:42:01.766, 1, 2, 20812
2026/05/21 21:42:01.766, 2, 2, 20812
2026/05/21 21:42:01.767, 3, 2, 20812
2026/05/21 21:42:01.767, 4, 3, 20812
2026/05/21 21:42:01.767, 5, 3, 17406
2026/05/21 21:42:01.768, 6, 2, 17386
2026/05/21 21:42:01.768, 7, 2, 11582
2026/05/21 21:42:02.374, 0, 4, 21794
2026/05/21 21:42:02.375, 1, 2, 20812
2026/05/21 21:42:02.375, 2, 2, 20812
2026/05/21 21:42:02.376, 3, 2, 20812
2026/05/21 21:42:02.376, 4, 2, 20812
2026/05/21 21:42:02.377, 5, 2, 17406
2026/05/21 21:42:02.377, 6, 2, 17386
2026/05/21 21:42:02.378, 7, 2, 11582
2026/05/21 21:42:02.957, 0, 2, 21794
2026/05/21 21:42:02.958, 1, 3, 20812
2026/05/21 21:42:02.958, 2, 3, 20812
2026/05/21 21:42:02.958, 3, 2, 20812
2026/05/21 21:42:02.958, 4, 5, 20812
2026/05/21 21:42:02.959, 5, 3, 17406
2026/05/21 21:42:02.959, 6, 4, 17386
2026/05/21 21:42:02.959, 7, 3, 11582
2026/05/21 21:42:03.536, 0, 2, 21794
2026/05/21 21:42:03.536, 1, 2, 20812
2026/05/21 21:42:03.537, 2, 2, 20812
2026/05/21 21:42:03.537, 3, 2, 20812
2026/05/21 21:42:03.537, 4, 2, 20812
2026/05/21 21:42:03.537, 5, 2, 17406
2026/05/21 21:42:03.537, 6, 2, 17386
2026/05/21 21:42:03.538, 7, 4, 11582
2026/05/21 21:42:04.127, 0, 8, 21794
2026/05/21 21:42:04.128, 1, 3, 20812
2026/05/21 21:42:04.128, 2, 5, 20812
2026/05/21 21:42:04.128, 3, 3, 20812
2026/05/21 21:42:04.128, 4, 2, 20812
2026/05/21 21:42:04.129, 5, 2, 17406
2026/05/21 21:42:04.129, 6, 7, 17386
2026/05/21 21:42:04.129, 7, 3, 11582
2026/05/21 21:42:04.758, 0, 3, 21794
2026/05/21 21:42:04.758, 1, 3, 20812
2026/05/21 21:42:04.759, 2, 2, 20812
2026/05/21 21:42:04.759, 3, 2, 20812
2026/05/21 21:42:04.759, 4, 8, 20812
2026/05/21 21:42:04.759, 5, 2, 17406
2026/05/21 21:42:04.759, 6, 20, 17386
2026/05/21 21:42:04.760, 7, 2, 11582
2026/05/21 21:42:05.349, 0, 3, 21794
2026/05/21 21:42:05.350, 1, 3, 20812
2026/05/21 21:42:05.350, 2, 2, 20812
2026/05/21 21:42:05.351, 3, 2, 20812
2026/05/21 21:42:05.351, 4, 12, 20812
2026/05/21 21:42:05.351, 5, 25, 17406
2026/05/21 21:42:05.352, 6, 2, 17386
2026/05/21 21:42:05.352, 7, 3, 11582
2026/05/21 21:42:05.983, 0, 7, 21794
2026/05/21 21:42:05.983, 1, 3, 20812
2026/05/21 21:42:05.983, 2, 3, 20812
2026/05/21 21:42:05.984, 3, 3, 20812
2026/05/21 21:42:05.984, 4, 28, 20812
2026/05/21 21:42:05.984, 5, 31, 17406
2026/05/21 21:42:05.984, 6, 3, 17386
2026/05/21 21:42:05.985, 7, 5, 11582
2026/05/21 21:42:06.582, 0, 5, 21794
2026/05/21 21:42:06.582, 1, 3, 20812
2026/05/21 21:42:06.582, 2, 2, 20812
2026/05/21 21:42:06.583, 3, 2, 20812
2026/05/21 21:42:06.583, 4, 15, 20812
2026/05/21 21:42:06.583, 5, 14, 17406
2026/05/21 21:42:06.583, 6, 2, 17386
2026/05/21 21:42:06.583, 7, 3, 11582
2026/05/21 21:42:07.175, 0, 2, 21794
2026/05/21 21:42:07.176, 1, 3, 20812
2026/05/21 21:42:07.176, 2, 2, 20812
2026/05/21 21:42:07.176, 3, 2, 20812
2026/05/21 21:42:07.176, 4, 4, 20812
2026/05/21 21:42:07.176, 5, 9, 17406
2026/05/21 21:42:07.177, 6, 2, 17386
2026/05/21 21:42:07.177, 7, 3, 11582
2026/05/21 21:42:07.741, 0, 3, 21794
2026/05/21 21:42:07.741, 1, 5, 20812
2026/05/21 21:42:07.742, 2, 3, 20812
2026/05/21 21:42:07.742, 3, 3, 20812
2026/05/21 21:42:07.742, 4, 3, 20812
2026/05/21 21:42:07.742, 5, 11, 17406
2026/05/21 21:42:07.743, 6, 24, 17386
2026/05/21 21:42:07.743, 7, 1, 11632
2026/05/21 21:42:08.662, 0, 0, 21794
2026/05/21 21:42:08.662, 1, 0, 20812
2026/05/21 21:42:08.662, 2, 0, 20812
2026/05/21 21:42:08.663, 3, 0, 20812
2026/05/21 21:42:08.663, 4, 3, 20812
2026/05/21 21:42:08.663, 5, 3, 17406
2026/05/21 21:42:08.663, 6, 1, 17386
2026/05/21 21:42:08.663, 7, 0, 11632
2026/05/21 21:42:09.275, 0, 2, 21794
2026/05/21 21:42:09.275, 1, 3, 20812
2026/05/21 21:42:09.276, 2, 3, 20812
2026/05/21 21:42:09.276, 3, 2, 20812
2026/05/21 21:42:09.276, 4, 4, 20812
2026/05/21 21:42:09.276, 5, 6, 17406
2026/05/21 21:42:09.277, 6, 2, 17386
2026/05/21 21:42:09.277, 7, 0, 11632
2026/05/21 21:42:09.868, 0, 2, 21794
2026/05/21 21:42:09.868, 1, 3, 20812
2026/05/21 21:42:09.869, 2, 3, 20812
2026/05/21 21:42:09.869, 3, 2, 20812
2026/05/21 21:42:09.869, 4, 2, 20812
2026/05/21 21:42:09.869, 5, 2, 17406
2026/05/21 21:42:09.870, 6, 24, 17386
2026/05/21 21:42:09.870, 7, 0, 11632
2026/05/21 21:42:10.493, 0, 1, 21794
2026/05/21 21:42:10.493, 1, 1, 20812
2026/05/21 21:42:10.494, 2, 1, 20812
2026/05/21 21:42:10.494, 3, 1, 20812
2026/05/21 21:42:10.494, 4, 1, 20812
2026/05/21 21:42:10.494, 5, 1, 17406
2026/05/21 21:42:10.494, 6, 1, 17386
2026/05/21 21:42:10.495, 7, 0, 11632
2026/05/21 21:42:11.084, 0, 2, 21794
2026/05/21 21:42:11.084, 1, 3, 20812
2026/05/21 21:42:11.084, 2, 2, 20812
2026/05/21 21:42:11.085, 3, 2, 20812
2026/05/21 21:42:11.085, 4, 3, 20812
2026/05/21 21:42:11.085, 5, 2, 17406
2026/05/21 21:42:11.085, 6, 2, 17386
2026/05/21 21:42:11.086, 7, 0, 11632
2026/05/21 21:42:11.676, 0, 2, 21794
2026/05/21 21:42:11.677, 1, 1, 20812
2026/05/21 21:42:11.677, 2, 3, 20812
2026/05/21 21:42:11.677, 3, 2, 20812
2026/05/21 21:42:11.678, 4, 4, 20812
2026/05/21 21:42:11.678, 5, 3, 17406
2026/05/21 21:42:11.678, 6, 13, 17386
2026/05/21 21:42:11.678, 7, 0, 11632
2026/05/21 21:42:12.281, 0, 3, 21794
2026/05/21 21:42:12.282, 1, 2, 20812
2026/05/21 21:42:12.283, 2, 2, 20812
2026/05/21 21:42:12.284, 3, 2, 20812
2026/05/21 21:42:12.284, 4, 4, 20812
2026/05/21 21:42:12.285, 5, 5, 17406
2026/05/21 21:42:12.285, 6, 11, 17386
2026/05/21 21:42:12.285, 7, 0, 11632
2026/05/21 21:42:12.880, 0, 2, 21794
2026/05/21 21:42:12.880, 1, 2, 20812
2026/05/21 21:42:12.880, 2, 2, 20812
2026/05/21 21:42:12.881, 3, 2, 20812
2026/05/21 21:42:12.881, 4, 6, 20812
2026/05/21 21:42:12.881, 5, 4, 17406
2026/05/21 21:42:12.881, 6, 6, 17386
2026/05/21 21:42:12.882, 7, 0, 11632
2026/05/21 21:42:13.452, 0, 2, 21794
2026/05/21 21:42:13.452, 1, 2, 20812
2026/05/21 21:42:13.453, 2, 2, 20812
2026/05/21 21:42:13.453, 3, 3, 20812
2026/05/21 21:42:13.453, 4, 7, 20812
2026/05/21 21:42:13.453, 5, 3, 17406
2026/05/21 21:42:13.454, 6, 2, 17386
2026/05/21 21:42:13.454, 7, 0, 11632
2026/05/21 21:42:14.031, 0, 2, 21794
2026/05/21 21:42:14.031, 1, 3, 20812
2026/05/21 21:42:14.031, 2, 2, 20812
2026/05/21 21:42:14.032, 3, 2, 20812
2026/05/21 21:42:14.032, 4, 4, 20812
2026/05/21 21:42:14.032, 5, 3, 17406
2026/05/21 21:42:14.032, 6, 2, 17386
2026/05/21 21:42:14.032, 7, 0, 11632
2026/05/21 21:42:14.612, 0, 2, 21794
2026/05/21 21:42:14.612, 1, 2, 20812
2026/05/21 21:42:14.613, 2, 2, 20812
2026/05/21 21:42:14.613, 3, 2, 20812
2026/05/21 21:42:14.614, 4, 3, 20812
2026/05/21 21:42:14.615, 5, 4, 17406
2026/05/21 21:42:14.615, 6, 2, 17386
2026/05/21 21:42:14.615, 7, 0, 11632
2026/05/21 21:42:15.197, 0, 2, 21794
2026/05/21 21:42:15.197, 1, 2, 20812
2026/05/21 21:42:15.198, 2, 3, 20812
2026/05/21 21:42:15.199, 3, 3, 20812
2026/05/21 21:42:15.199, 4, 5, 20812
2026/05/21 21:42:15.200, 5, 3, 17406
2026/05/21 21:42:15.200, 6, 3, 17386
2026/05/21 21:42:15.201, 7, 0, 11632
2026/05/21 21:42:15.819, 0, 3, 21794
2026/05/21 21:42:15.820, 1, 3, 20812
2026/05/21 21:42:15.820, 2, 3, 20812
2026/05/21 21:42:15.820, 3, 6, 20812
2026/05/21 21:42:15.820, 4, 7, 20812
2026/05/21 21:42:15.821, 5, 3, 17406
2026/05/21 21:42:15.821, 6, 3, 17386
2026/05/21 21:42:15.821, 7, 0, 11632
2026/05/21 21:42:16.437, 0, 3, 21794
2026/05/21 21:42:16.437, 1, 3, 20812
2026/05/21 21:42:16.437, 2, 3, 20812
2026/05/21 21:42:16.438, 3, 3, 20812
2026/05/21 21:42:16.438, 4, 6, 20812
2026/05/21 21:42:16.438, 5, 3, 17406
2026/05/21 21:42:16.438, 6, 0, 17478
2026/05/21 21:42:16.438, 7, 0, 11632
2026/05/21 21:42:17.037, 0, 3, 21794
2026/05/21 21:42:17.038, 1, 5, 20812
2026/05/21 21:42:17.038, 2, 3, 20812
2026/05/21 21:42:17.038, 3, 3, 20812
2026/05/21 21:42:17.039, 4, 6, 20812
2026/05/21 21:42:17.039, 5, 4, 17406
2026/05/21 21:42:17.039, 6, 0, 17478
2026/05/21 21:42:17.039, 7, 0, 11632
2026/05/21 21:42:17.649, 0, 3, 21794
2026/05/21 21:42:17.649, 1, 3, 20812
2026/05/21 21:42:17.649, 2, 3, 20812
2026/05/21 21:42:17.649, 3, 9, 20812
2026/05/21 21:42:17.650, 4, 4, 20812
2026/05/21 21:42:17.650, 5, 14, 17406
2026/05/21 21:42:17.650, 6, 0, 17478
2026/05/21 21:42:17.650, 7, 0, 11632
2026/05/21 21:42:18.244, 0, 3, 21794
2026/05/21 21:42:18.245, 1, 3, 20812
2026/05/21 21:42:18.245, 2, 3, 20812
2026/05/21 21:42:18.245, 3, 3, 20812
2026/05/21 21:42:18.245, 4, 6, 20812
2026/05/21 21:42:18.246, 5, 0, 17490
2026/05/21 21:42:18.246, 6, 0, 17478
2026/05/21 21:42:18.246, 7, 0, 11632
2026/05/21 21:42:18.819, 0, 3, 21794
2026/05/21 21:42:18.820, 1, 3, 20812
2026/05/21 21:42:18.820, 2, 3, 20812
2026/05/21 21:42:18.820, 3, 3, 20812
2026/05/21 21:42:18.820, 4, 9, 20812
2026/05/21 21:42:18.821, 5, 0, 17490
2026/05/21 21:42:18.821, 6, 0, 17478
2026/05/21 21:42:18.821, 7, 0, 11632
2026/05/21 21:42:19.412, 0, 3, 21794
2026/05/21 21:42:19.412, 1, 3, 20812
2026/05/21 21:42:19.413, 2, 3, 20812
2026/05/21 21:42:19.413, 3, 2, 20812
2026/05/21 21:42:19.413, 4, 9, 20812
2026/05/21 21:42:19.413, 5, 0, 17490
2026/05/21 21:42:19.413, 6, 0, 17478
2026/05/21 21:42:19.414, 7, 0, 11632
2026/05/21 21:42:19.988, 0, 2, 21794
2026/05/21 21:42:19.989, 1, 3, 20812
2026/05/21 21:42:19.989, 2, 3, 20812
2026/05/21 21:42:19.989, 3, 3, 20812
2026/05/21 21:42:19.989, 4, 3, 20812
2026/05/21 21:42:19.990, 5, 0, 17490
2026/05/21 21:42:19.990, 6, 0, 17478
2026/05/21 21:42:19.990, 7, 0, 11632
2026/05/21 21:42:20.562, 0, 3, 21794
2026/05/21 21:42:20.562, 1, 3, 20812
2026/05/21 21:42:20.563, 2, 3, 20812
2026/05/21 21:42:20.563, 3, 3, 20812
2026/05/21 21:42:20.563, 4, 4, 20812
2026/05/21 21:42:20.563, 5, 0, 17490
2026/05/21 21:42:20.564, 6, 0, 17478
2026/05/21 21:42:20.564, 7, 0, 11632
2026/05/21 21:42:21.174, 0, 3, 21794
2026/05/21 21:42:21.174, 1, 3, 20812
2026/05/21 21:42:21.174, 2, 3, 20812
2026/05/21 21:42:21.175, 3, 3, 20812
2026/05/21 21:42:21.175, 4, 2, 20812
2026/05/21 21:42:21.175, 5, 0, 17490
2026/05/21 21:42:21.176, 6, 0, 17478
2026/05/21 21:42:21.176, 7, 0, 11632
2026/05/21 21:42:21.759, 0, 3, 21794
2026/05/21 21:42:21.760, 1, 3, 20812
2026/05/21 21:42:21.760, 2, 3, 20812
2026/05/21 21:42:21.760, 3, 3, 20812
2026/05/21 21:42:21.760, 4, 0, 20916
2026/05/21 21:42:21.761, 5, 0, 17490
2026/05/21 21:42:21.761, 6, 0, 17478
2026/05/21 21:42:21.761, 7, 0, 11632
2026/05/21 21:42:22.352, 0, 3, 21794
2026/05/21 21:42:22.352, 1, 3, 20812
2026/05/21 21:42:22.353, 2, 3, 20812
2026/05/21 21:42:22.353, 3, 3, 20812
2026/05/21 21:42:22.353, 4, 0, 20916
2026/05/21 21:42:22.353, 5, 0, 17490
2026/05/21 21:42:22.354, 6, 0, 17478
2026/05/21 21:42:22.354, 7, 0, 11632
2026/05/21 21:42:22.946, 0, 3, 21794
2026/05/21 21:42:22.946, 1, 3, 20812
2026/05/21 21:42:22.946, 2, 3, 20812
2026/05/21 21:42:22.947, 3, 3, 20812
2026/05/21 21:42:22.947, 4, 0, 20916
2026/05/21 21:42:22.947, 5, 0, 17490
2026/05/21 21:42:22.947, 6, 0, 17478
2026/05/21 21:42:22.947, 7, 0, 11632
2026/05/21 21:42:23.558, 0, 3, 21794
2026/05/21 21:42:23.558, 1, 3, 20812
2026/05/21 21:42:23.558, 2, 14, 20812
2026/05/21 21:42:23.559, 3, 4, 20812
2026/05/21 21:42:23.559, 4, 0, 20916
2026/05/21 21:42:23.559, 5, 0, 17490
2026/05/21 21:42:23.559, 6, 0, 17478
2026/05/21 21:42:23.560, 7, 0, 11632
2026/05/21 21:42:24.132, 0, 3, 21794
2026/05/21 21:42:24.134, 1, 4, 20812
2026/05/21 21:42:24.134, 2, 11, 20812
2026/05/21 21:42:24.134, 3, 4, 20812
2026/05/21 21:42:24.135, 4, 0, 20916
2026/05/21 21:42:24.135, 5, 0, 17490
2026/05/21 21:42:24.135, 6, 0, 17478
2026/05/21 21:42:24.135, 7, 0, 11632
2026/05/21 21:42:24.747, 0, 3, 21794
2026/05/21 21:42:24.747, 1, 3, 20812
2026/05/21 21:42:24.748, 2, 11, 20812
2026/05/21 21:42:24.748, 3, 3, 20812
2026/05/21 21:42:24.749, 4, 0, 20916
2026/05/21 21:42:24.749, 5, 0, 17490
2026/05/21 21:42:24.749, 6, 0, 17478
2026/05/21 21:42:24.750, 7, 0, 11632
2026/05/21 21:42:25.346, 0, 3, 21794
2026/05/21 21:42:25.347, 1, 3, 20812
2026/05/21 21:42:25.347, 2, 21, 20812
2026/05/21 21:42:25.347, 3, 3, 20812
2026/05/21 21:42:25.348, 4, 0, 20916
2026/05/21 21:42:25.348, 5, 0, 17490
2026/05/21 21:42:25.348, 6, 0, 17478
2026/05/21 21:42:25.349, 7, 0, 11632
2026/05/21 21:42:25.954, 0, 3, 21794
2026/05/21 21:42:25.954, 1, 3, 20812
2026/05/21 21:42:25.955, 2, 7, 20812
2026/05/21 21:42:25.955, 3, 3, 20812
2026/05/21 21:42:25.956, 4, 0, 20916
2026/05/21 21:42:25.956, 5, 0, 17490
2026/05/21 21:42:25.956, 6, 0, 17478
2026/05/21 21:42:25.957, 7, 0, 11632
2026/05/21 21:42:26.537, 0, 2, 21794
2026/05/21 21:42:26.537, 1, 4, 20812
2026/05/21 21:42:26.539, 2, 20, 20812
2026/05/21 21:42:26.539, 3, 4, 20812
2026/05/21 21:42:26.540, 4, 0, 20916
2026/05/21 21:42:26.540, 5, 0, 17490
2026/05/21 21:42:26.541, 6, 0, 17478
2026/05/21 21:42:26.541, 7, 0, 11632
2026/05/21 21:42:27.117, 0, 3, 21794
2026/05/21 21:42:27.118, 1, 3, 20812
2026/05/21 21:42:27.118, 2, 20, 20812
2026/05/21 21:42:27.118, 3, 4, 20812
2026/05/21 21:42:27.118, 4, 0, 20916
2026/05/21 21:42:27.119, 5, 0, 17490
2026/05/21 21:42:27.119, 6, 0, 17478
2026/05/21 21:42:27.119, 7, 0, 11632
2026/05/21 21:42:27.705, 0, 3, 21794
2026/05/21 21:42:27.705, 1, 3, 20812
2026/05/21 21:42:27.706, 2, 0, 20916
2026/05/21 21:42:27.706, 3, 3, 20812
2026/05/21 21:42:27.706, 4, 0, 20916
2026/05/21 21:42:27.706, 5, 0, 17490
2026/05/21 21:42:27.706, 6, 0, 17478
2026/05/21 21:42:27.707, 7, 0, 11632
2026/05/21 21:42:28.275, 0, 3, 21794
2026/05/21 21:42:28.275, 1, 3, 20812
2026/05/21 21:42:28.275, 2, 0, 20916
2026/05/21 21:42:28.276, 3, 4, 20812
2026/05/21 21:42:28.276, 4, 0, 20916
2026/05/21 21:42:28.276, 5, 0, 17490
2026/05/21 21:42:28.277, 6, 0, 17478
2026/05/21 21:42:28.277, 7, 0, 11632
2026/05/21 21:42:28.860, 0, 5, 21794
2026/05/21 21:42:28.860, 1, 25, 20812
2026/05/21 21:42:28.860, 2, 0, 20916
2026/05/21 21:42:28.861, 3, 3, 20812
2026/05/21 21:42:28.861, 4, 0, 20916
2026/05/21 21:42:28.861, 5, 0, 17490
2026/05/21 21:42:28.862, 6, 0, 17478
2026/05/21 21:42:28.863, 7, 0, 11632
2026/05/21 21:42:29.462, 0, 4, 21794
2026/05/21 21:42:29.463, 1, 0, 20916
2026/05/21 21:42:29.463, 2, 0, 20916
2026/05/21 21:42:29.463, 3, 4, 20812
2026/05/21 21:42:29.463, 4, 0, 20916
2026/05/21 21:42:29.463, 5, 0, 17490
2026/05/21 21:42:29.464, 6, 0, 17478
2026/05/21 21:42:29.464, 7, 0, 11632
2026/05/21 21:42:30.073, 0, 5, 21794
2026/05/21 21:42:30.073, 1, 0, 20916
2026/05/21 21:42:30.073, 2, 0, 20916
2026/05/21 21:42:30.074, 3, 26, 20812
2026/05/21 21:42:30.074, 4, 0, 20916
2026/05/21 21:42:30.074, 5, 0, 17490
2026/05/21 21:42:30.074, 6, 0, 17478
2026/05/21 21:42:30.075, 7, 0, 11632
2026/05/21 21:42:30.700, 0, 5, 21794
2026/05/21 21:42:30.701, 1, 0, 20916
2026/05/21 21:42:30.701, 2, 0, 20916
2026/05/21 21:42:30.701, 3, 18, 20812
2026/05/21 21:42:30.702, 4, 0, 20916
2026/05/21 21:42:30.702, 5, 0, 17490
2026/05/21 21:42:30.702, 6, 0, 17478
2026/05/21 21:42:30.702, 7, 0, 11632
2026/05/21 21:42:31.275, 0, 5, 21794
2026/05/21 21:42:31.276, 1, 0, 20916
2026/05/21 21:42:31.276, 2, 0, 20916
2026/05/21 21:42:31.276, 3, 16, 20812
2026/05/21 21:42:31.277, 4, 0, 20916
2026/05/21 21:42:31.277, 5, 0, 17490
2026/05/21 21:42:31.277, 6, 0, 17478
2026/05/21 21:42:31.277, 7, 0, 11632
2026/05/21 21:42:31.872, 0, 5, 21794
2026/05/21 21:42:31.872, 1, 0, 20916
2026/05/21 21:42:31.872, 2, 0, 20916
2026/05/21 21:42:31.873, 3, 18, 20812
2026/05/21 21:42:31.873, 4, 0, 20916
2026/05/21 21:42:31.873, 5, 0, 17490
2026/05/21 21:42:31.873, 6, 0, 17478
2026/05/21 21:42:31.874, 7, 0, 11632
2026/05/21 21:42:32.447, 0, 5, 21794
2026/05/21 21:42:32.448, 1, 0, 20916
2026/05/21 21:42:32.448, 2, 0, 20916
2026/05/21 21:42:32.449, 3, 0, 20916
2026/05/21 21:42:32.449, 4, 0, 20916
2026/05/21 21:42:32.449, 5, 0, 17490
2026/05/21 21:42:32.450, 6, 0, 17478
2026/05/21 21:42:32.450, 7, 0, 11632
2026/05/21 21:42:33.053, 0, 5, 21794
2026/05/21 21:42:33.054, 1, 0, 20916
2026/05/21 21:42:33.054, 2, 0, 20916
2026/05/21 21:42:33.055, 3, 0, 20916
2026/05/21 21:42:33.056, 4, 0, 20916
2026/05/21 21:42:33.056, 5, 0, 17490
2026/05/21 21:42:33.057, 6, 0, 17478
2026/05/21 21:42:33.057, 7, 0, 11632
2026/05/21 21:42:33.669, 0, 4, 21794
2026/05/21 21:42:33.670, 1, 0, 20916
2026/05/21 21:42:33.670, 2, 0, 20916
2026/05/21 21:42:33.670, 3, 0, 20916
2026/05/21 21:42:33.670, 4, 0, 20916
2026/05/21 21:42:33.671, 5, 0, 17490
2026/05/21 21:42:33.671, 6, 0, 17478
2026/05/21 21:42:33.671, 7, 0, 11632
2026/05/21 21:42:34.245, 0, 5, 21794
2026/05/21 21:42:34.246, 1, 0, 20916
2026/05/21 21:42:34.246, 2, 0, 20916
2026/05/21 21:42:34.247, 3, 0, 20916
2026/05/21 21:42:34.247, 4, 0, 20916
2026/05/21 21:42:34.247, 5, 0, 17490
2026/05/21 21:42:34.248, 6, 0, 17478
2026/05/21 21:42:34.248, 7, 0, 11632
2026/05/21 21:42:34.863, 0, 11, 21794
2026/05/21 21:42:34.864, 1, 0, 20916
2026/05/21 21:42:34.864, 2, 0, 20916
2026/05/21 21:42:34.865, 3, 0, 20916
2026/05/21 21:42:34.865, 4, 0, 20916
2026/05/21 21:42:34.866, 5, 0, 17490
2026/05/21 21:42:34.866, 6, 0, 17478
2026/05/21 21:42:34.866, 7, 0, 11632
2026/05/21 21:42:35.459, 0, 5, 21794
2026/05/21 21:42:35.460, 1, 0, 20916
2026/05/21 21:42:35.460, 2, 0, 20916
2026/05/21 21:42:35.460, 3, 0, 20916
2026/05/21 21:42:35.460, 4, 0, 20916
2026/05/21 21:42:35.461, 5, 0, 17490
2026/05/21 21:42:35.461, 6, 0, 17478
2026/05/21 21:42:35.461, 7, 0, 11632
2026/05/21 21:42:36.054, 0, 4, 21794
2026/05/21 21:42:36.054, 1, 0, 20916
2026/05/21 21:42:36.054, 2, 0, 20916
2026/05/21 21:42:36.054, 3, 0, 20916
2026/05/21 21:42:36.055, 4, 0, 20916
2026/05/21 21:42:36.055, 5, 0, 17490
2026/05/21 21:42:36.055, 6, 0, 17478
2026/05/21 21:42:36.056, 7, 0, 11632
2026/05/21 21:42:36.677, 0, 5, 21794
2026/05/21 21:42:36.677, 1, 0, 20916
2026/05/21 21:42:36.678, 2, 0, 20916
2026/05/21 21:42:36.678, 3, 0, 20916
2026/05/21 21:42:36.679, 4, 0, 20916
2026/05/21 21:42:36.680, 5, 0, 17490
2026/05/21 21:42:36.681, 6, 0, 17478
2026/05/21 21:42:36.681, 7, 0, 11632
2026/05/21 21:42:37.275, 0, 5, 21794
2026/05/21 21:42:37.276, 1, 0, 20916
2026/05/21 21:42:37.276, 2, 0, 20916
2026/05/21 21:42:37.276, 3, 0, 20916
2026/05/21 21:42:37.276, 4, 0, 20916
2026/05/21 21:42:37.277, 5, 0, 17490
2026/05/21 21:42:37.277, 6, 0, 17478
2026/05/21 21:42:37.277, 7, 0, 11632
2026/05/21 21:42:37.867, 0, 5, 21794
2026/05/21 21:42:37.868, 1, 0, 20916
2026/05/21 21:42:37.868, 2, 0, 20916
2026/05/21 21:42:37.868, 3, 0, 20916
2026/05/21 21:42:37.869, 4, 0, 20916
2026/05/21 21:42:37.869, 5, 0, 17490
2026/05/21 21:42:37.869, 6, 0, 17478
2026/05/21 21:42:37.869, 7, 0, 11632
2026/05/21 21:42:38.482, 0, 6, 21794
2026/05/21 21:42:38.482, 1, 0, 20916
2026/05/21 21:42:38.483, 2, 0, 20916
2026/05/21 21:42:38.483, 3, 0, 20916
2026/05/21 21:42:38.483, 4, 0, 20916
2026/05/21 21:42:38.484, 5, 0, 17490
2026/05/21 21:42:38.484, 6, 0, 17478
2026/05/21 21:42:38.484, 7, 0, 11632
2026/05/21 21:42:39.076, 0, 4, 21794
2026/05/21 21:42:39.077, 1, 0, 20916
2026/05/21 21:42:39.077, 2, 0, 20916
2026/05/21 21:42:39.077, 3, 0, 20916
2026/05/21 21:42:39.077, 4, 0, 20916
2026/05/21 21:42:39.078, 5, 0, 17490
2026/05/21 21:42:39.078, 6, 0, 17478
2026/05/21 21:42:39.078, 7, 0, 11632
2026/05/21 21:42:39.647, 0, 13, 23672
2026/05/21 21:42:39.647, 1, 0, 20918
2026/05/21 21:42:39.647, 2, 0, 20918
2026/05/21 21:42:39.647, 3, 0, 20918
2026/05/21 21:42:39.648, 4, 0, 20918
2026/05/21 21:42:39.648, 5, 0, 17492
2026/05/21 21:42:39.648, 6, 0, 17480
2026/05/21 21:42:39.648, 7, 0, 11634
2026/05/21 21:42:40.294, 0, 0, 23942
2026/05/21 21:42:40.294, 1, 7, 22980
2026/05/21 21:42:40.295, 2, 5, 22980
2026/05/21 21:42:40.295, 3, 0, 22980
2026/05/21 21:42:40.296, 4, 7, 22980
2026/05/21 21:42:40.296, 5, 0, 19552
2026/05/21 21:42:40.297, 6, 0, 17480
2026/05/21 21:42:40.297, 7, 0, 11634
2026/05/21 21:42:40.889, 0, 1, 23942
2026/05/21 21:42:40.889, 1, 0, 22980
2026/05/21 21:42:40.890, 2, 0, 22980
2026/05/21 21:42:40.890, 3, 0, 22980
2026/05/21 21:42:40.890, 4, 0, 22980
2026/05/21 21:42:40.890, 5, 5, 19552
2026/05/21 21:42:40.891, 6, 1, 19542
2026/05/21 21:42:40.891, 7, 0, 13696
2026/05/21 21:42:41.500, 0, 9, 23942
2026/05/21 21:42:41.500, 1, 5, 22980
2026/05/21 21:42:41.500, 2, 10, 22980
2026/05/21 21:42:41.501, 3, 14, 22980
2026/05/21 21:42:41.501, 4, 9, 22980
2026/05/21 21:42:41.501, 5, 5, 19552
2026/05/21 21:42:41.501, 6, 4, 19542
2026/05/21 21:42:41.502, 7, 1, 13696
2026/05/21 21:42:42.090, 0, 14, 23942
2026/05/21 21:42:42.090, 1, 16, 22980
2026/05/21 21:42:42.091, 2, 13, 22980
2026/05/21 21:42:42.091, 3, 14, 22980
2026/05/21 21:42:42.091, 4, 13, 22980
2026/05/21 21:42:42.091, 5, 14, 19552
2026/05/21 21:42:42.092, 6, 10, 19542
2026/05/21 21:42:42.092, 7, 6, 13696
2026/05/21 21:42:42.660, 0, 12, 23942
2026/05/21 21:42:42.660, 1, 13, 22980
2026/05/21 21:42:42.661, 2, 13, 22980
2026/05/21 21:42:42.661, 3, 13, 22980
2026/05/21 21:42:42.661, 4, 15, 22980
2026/05/21 21:42:42.661, 5, 11, 19552
2026/05/21 21:42:42.662, 6, 11, 19542
2026/05/21 21:42:42.662, 7, 10, 13696
2026/05/21 21:42:43.255, 0, 14, 23942
2026/05/21 21:42:43.256, 1, 15, 22980
2026/05/21 21:42:43.256, 2, 13, 22980
2026/05/21 21:42:43.257, 3, 13, 22980
2026/05/21 21:42:43.257, 4, 13, 22980
2026/05/21 21:42:43.258, 5, 12, 19552
2026/05/21 21:42:43.258, 6, 11, 19542
2026/05/21 21:42:43.259, 7, 10, 13696
2026/05/21 21:42:43.848, 0, 13, 23942
2026/05/21 21:42:43.848, 1, 13, 22980
2026/05/21 21:42:43.848, 2, 16, 22980
2026/05/21 21:42:43.848, 3, 13, 22980
2026/05/21 21:42:43.849, 4, 13, 22980
2026/05/21 21:42:43.849, 5, 11, 19552
2026/05/21 21:42:43.849, 6, 12, 19542
2026/05/21 21:42:43.849, 7, 12, 13696
2026/05/21 21:42:44.413, 0, 13, 23942
2026/05/21 21:42:44.413, 1, 13, 22980
2026/05/21 21:42:44.413, 2, 13, 22980
2026/05/21 21:42:44.413, 3, 13, 22980
2026/05/21 21:42:44.414, 4, 13, 22980
2026/05/21 21:42:44.414, 5, 11, 19552
2026/05/21 21:42:44.414, 6, 11, 19542
2026/05/21 21:42:44.414, 7, 10, 13696
2026/05/21 21:42:44.981, 0, 13, 23942
2026/05/21 21:42:44.981, 1, 15, 22980
2026/05/21 21:42:44.982, 2, 13, 22980
2026/05/21 21:42:44.982, 3, 13, 22980
2026/05/21 21:42:44.982, 4, 13, 22980
2026/05/21 21:42:44.982, 5, 11, 19552
2026/05/21 21:42:44.982, 6, 11, 19542
2026/05/21 21:42:44.983, 7, 10, 13696
2026/05/21 21:42:45.575, 0, 13, 23942
2026/05/21 21:42:45.575, 1, 13, 22980
2026/05/21 21:42:45.576, 2, 13, 22980
2026/05/21 21:42:45.576, 3, 14, 22980
2026/05/21 21:42:45.576, 4, 13, 22980
2026/05/21 21:42:45.577, 5, 11, 19552
2026/05/21 21:42:45.577, 6, 11, 19542
2026/05/21 21:42:45.577, 7, 10, 13696
2026/05/21 21:42:46.260, 0, 62, 23942
2026/05/21 21:42:46.261, 1, 88, 22980
2026/05/21 21:42:46.261, 2, 69, 22980
2026/05/21 21:42:46.262, 3, 69, 22980
2026/05/21 21:42:46.262, 4, 69, 22980
2026/05/21 21:42:46.263, 5, 67, 19552
2026/05/21 21:42:46.263, 6, 60, 19542
2026/05/21 21:42:46.263, 7, 33, 13696
2026/05/21 21:42:46.894, 0, 67, 23942
2026/05/21 21:42:46.895, 1, 72, 22980
2026/05/21 21:42:46.895, 2, 71, 22980
2026/05/21 21:42:46.895, 3, 80, 22980
2026/05/21 21:42:46.895, 4, 72, 22980
2026/05/21 21:42:46.896, 5, 60, 19552
2026/05/21 21:42:46.896, 6, 59, 19542
2026/05/21 21:42:46.896, 7, 36, 13696
2026/05/21 21:42:47.509, 0, 88, 23942
2026/05/21 21:42:47.510, 1, 77, 22980
2026/05/21 21:42:47.510, 2, 74, 22980
2026/05/21 21:42:47.510, 3, 71, 22980
2026/05/21 21:42:47.511, 4, 78, 22980
2026/05/21 21:42:47.511, 5, 59, 19552
2026/05/21 21:42:47.511, 6, 66, 19542
2026/05/21 21:42:47.512, 7, 36, 13696
2026/05/21 21:42:48.091, 0, 68, 23942
2026/05/21 21:42:48.091, 1, 72, 22980
2026/05/21 21:42:48.091, 2, 71, 22980
2026/05/21 21:42:48.092, 3, 71, 22980
2026/05/21 21:42:48.092, 4, 71, 22980
2026/05/21 21:42:48.092, 5, 71, 19552
2026/05/21 21:42:48.093, 6, 59, 19542
2026/05/21 21:42:48.093, 7, 45, 13696
2026/05/21 21:42:48.676, 0, 74, 23942
2026/05/21 21:42:48.676, 1, 71, 22980
2026/05/21 21:42:48.677, 2, 90, 22980
2026/05/21 21:42:48.677, 3, 71, 22980
2026/05/21 21:42:48.677, 4, 85, 22980
2026/05/21 21:42:48.678, 5, 59, 19552
2026/05/21 21:42:48.678, 6, 59, 19542
2026/05/21 21:42:48.679, 7, 36, 13696
2026/05/21 21:42:49.299, 0, 73, 23942
2026/05/21 21:42:49.299, 1, 75, 22980
2026/05/21 21:42:49.299, 2, 71, 22980
2026/05/21 21:42:49.300, 3, 72, 22980
2026/05/21 21:42:49.300, 4, 71, 22980
2026/05/21 21:42:49.300, 5, 65, 19552
2026/05/21 21:42:49.300, 6, 71, 19542
2026/05/21 21:42:49.300, 7, 35, 13696
2026/05/21 21:42:49.930, 0, 44, 23942
2026/05/21 21:42:49.930, 1, 46, 22980
2026/05/21 21:42:49.931, 2, 33, 22980
2026/05/21 21:42:49.931, 3, 33, 22980
2026/05/21 21:42:49.931, 4, 33, 22980
2026/05/21 21:42:49.931, 5, 41, 19552
2026/05/21 21:42:49.932, 6, 47, 19542
2026/05/21 21:42:49.932, 7, 49, 13696
2026/05/21 21:42:50.528, 0, 82, 23942
2026/05/21 21:42:50.529, 1, 81, 22980
2026/05/21 21:42:50.529, 2, 84, 22980
2026/05/21 21:42:50.529, 3, 45, 22980
2026/05/21 21:42:50.529, 4, 90, 22980
2026/05/21 21:42:50.529, 5, 41, 19552
2026/05/21 21:42:50.530, 6, 57, 19542
2026/05/21 21:42:50.530, 7, 50, 13696
2026/05/21 21:42:51.100, 0, 84, 23942
2026/05/21 21:42:51.101, 1, 84, 22980
2026/05/21 21:42:51.101, 2, 82, 22980
2026/05/21 21:42:51.101, 3, 70, 22980
2026/05/21 21:42:51.101, 4, 90, 22980
2026/05/21 21:42:51.102, 5, 38, 19552
2026/05/21 21:42:51.102, 6, 59, 19542
2026/05/21 21:42:51.102, 7, 52, 13696
2026/05/21 21:42:51.698, 0, 40, 23942
2026/05/21 21:42:51.699, 1, 44, 22980
2026/05/21 21:42:51.699, 2, 60, 22980
2026/05/21 21:42:51.699, 3, 66, 22980
2026/05/21 21:42:51.699, 4, 48, 22980
2026/05/21 21:42:51.700, 5, 37, 19552
2026/05/21 21:42:51.700, 6, 36, 19542
2026/05/21 21:42:51.700, 7, 52, 13696
2026/05/21 21:42:52.302, 0, 54, 23942
2026/05/21 21:42:52.302, 1, 55, 22980
2026/05/21 21:42:52.303, 2, 60, 22980
2026/05/21 21:42:52.303, 3, 73, 22980
2026/05/21 21:42:52.304, 4, 46, 22980
2026/05/21 21:42:52.304, 5, 74, 19552
2026/05/21 21:42:52.304, 6, 35, 19542
2026/05/21 21:42:52.304, 7, 44, 13696
2026/05/21 21:42:52.915, 0, 55, 23942
2026/05/21 21:42:52.916, 1, 55, 22980
2026/05/21 21:42:52.916, 2, 45, 22980
2026/05/21 21:42:52.916, 3, 45, 22980
2026/05/21 21:42:52.916, 4, 44, 22980
2026/05/21 21:42:52.917, 5, 74, 19552
2026/05/21 21:42:52.917, 6, 55, 19542
2026/05/21 21:42:52.917, 7, 44, 13696
2026/05/21 21:42:53.502, 0, 81, 23942
2026/05/21 21:42:53.502, 1, 80, 22980
2026/05/21 21:42:53.503, 2, 44, 22980
2026/05/21 21:42:53.503, 3, 44, 22980
2026/05/21 21:42:53.503, 4, 45, 22980
2026/05/21 21:42:53.503, 5, 39, 19552
2026/05/21 21:42:53.504, 6, 58, 19542
2026/05/21 21:42:53.504, 7, 49, 13696
2026/05/21 21:42:54.090, 0, 80, 23942
2026/05/21 21:42:54.090, 1, 80, 22980
2026/05/21 21:42:54.090, 2, 59, 22980
2026/05/21 21:42:54.091, 3, 53, 22980
2026/05/21 21:42:54.091, 4, 91, 22980
2026/05/21 21:42:54.091, 5, 38, 19552
2026/05/21 21:42:54.091, 6, 59, 19542
2026/05/21 21:42:54.092, 7, 48, 13696
2026/05/21 21:42:54.717, 0, 38, 23942
2026/05/21 21:42:54.718, 1, 43, 22980
2026/05/21 21:42:54.718, 2, 54, 22980
2026/05/21 21:42:54.718, 3, 50, 22980
2026/05/21 21:42:54.719, 4, 42, 22980
2026/05/21 21:42:54.719, 5, 39, 19552
2026/05/21 21:42:54.719, 6, 36, 19542
2026/05/21 21:42:54.719, 7, 54, 13696
2026/05/21 21:42:55.309, 0, 64, 23942
2026/05/21 21:42:55.309, 1, 43, 22980
2026/05/21 21:42:55.309, 2, 86, 22980
2026/05/21 21:42:55.309, 3, 86, 22980
2026/05/21 21:42:55.310, 4, 43, 22980
2026/05/21 21:42:55.310, 5, 73, 19552
2026/05/21 21:42:55.310, 6, 36, 19542
2026/05/21 21:42:55.310, 7, 40, 13696
2026/05/21 21:42:55.898, 0, 66, 23942
2026/05/21 21:42:55.898, 1, 66, 22980
2026/05/21 21:42:55.898, 2, 87, 22980
2026/05/21 21:42:55.898, 3, 84, 22980
2026/05/21 21:42:55.899, 4, 55, 22980
2026/05/21 21:42:55.899, 5, 73, 19552
2026/05/21 21:42:55.899, 6, 53, 19542
2026/05/21 21:42:55.899, 7, 39, 13696
2026/05/21 21:42:56.505, 0, 69, 23942
2026/05/21 21:42:56.506, 1, 69, 22980
2026/05/21 21:42:56.506, 2, 44, 22980
2026/05/21 21:42:56.507, 3, 44, 22980
2026/05/21 21:42:56.507, 4, 57, 22980
2026/05/21 21:42:56.507, 5, 37, 19552
2026/05/21 21:42:56.508, 6, 53, 19542
2026/05/21 21:42:56.508, 7, 49, 13696
2026/05/21 21:42:57.081, 0, 67, 23942
2026/05/21 21:42:57.082, 1, 67, 22980
2026/05/21 21:42:57.082, 2, 44, 22980
2026/05/21 21:42:57.083, 3, 44, 22980
2026/05/21 21:42:57.083, 4, 77, 22980
2026/05/21 21:42:57.084, 5, 36, 19552
2026/05/21 21:42:57.084, 6, 62, 19542
2026/05/21 21:42:57.084, 7, 50, 13696
2026/05/21 21:42:57.722, 0, 39, 23942
2026/05/21 21:42:57.722, 1, 44, 22980
2026/05/21 21:42:57.722, 2, 60, 22980
2026/05/21 21:42:57.723, 3, 64, 22980
2026/05/21 21:42:57.723, 4, 44, 22980
2026/05/21 21:42:57.723, 5, 44, 19552
2026/05/21 21:42:57.723, 6, 37, 19542
2026/05/21 21:42:57.723, 7, 59, 13696
2026/05/21 21:42:58.312, 0, 80, 23942
2026/05/21 21:42:58.312, 1, 43, 22980
2026/05/21 21:42:58.312, 2, 74, 22980
2026/05/21 21:42:58.313, 3, 70, 22980
2026/05/21 21:42:58.313, 4, 43, 22980
2026/05/21 21:42:58.313, 5, 44, 19552
2026/05/21 21:42:58.313, 6, 36, 19542
2026/05/21 21:42:58.314, 7, 38, 13696
2026/05/21 21:42:58.909, 0, 82, 23942
2026/05/21 21:42:58.909, 1, 81, 22980
2026/05/21 21:42:58.909, 2, 72, 22980
2026/05/21 21:42:58.909, 3, 68, 22980
2026/05/21 21:42:58.910, 4, 71, 22980
2026/05/21 21:42:58.910, 5, 73, 19552
2026/05/21 21:42:58.910, 6, 49, 19542
2026/05/21 21:42:58.910, 7, 38, 13696
2026/05/21 21:42:59.516, 0, 53, 23942
2026/05/21 21:42:59.516, 1, 54, 22980
2026/05/21 21:42:59.516, 2, 45, 22980
2026/05/21 21:42:59.517, 3, 45, 22980
2026/05/21 21:42:59.517, 4, 73, 22980
2026/05/21 21:42:59.517, 5, 38, 19552
2026/05/21 21:42:59.518, 6, 51, 19542
2026/05/21 21:42:59.518, 7, 49, 13696
2026/05/21 21:43:00.123, 0, 53, 23942
2026/05/21 21:43:00.123, 1, 54, 22980
2026/05/21 21:43:00.124, 2, 70, 22980
2026/05/21 21:43:00.124, 3, 74, 22980
2026/05/21 21:43:00.125, 4, 63, 22980
2026/05/21 21:43:00.125, 5, 39, 19552
2026/05/21 21:43:00.126, 6, 62, 19542
2026/05/21 21:43:00.126, 7, 53, 13696
2026/05/21 21:43:00.725, 0, 41, 23942
2026/05/21 21:43:00.726, 1, 44, 22980
2026/05/21 21:43:00.726, 2, 73, 22980
2026/05/21 21:43:00.726, 3, 77, 22980
2026/05/21 21:43:00.727, 4, 44, 22980
2026/05/21 21:43:00.727, 5, 37, 19552
2026/05/21 21:43:00.727, 6, 59, 19542
2026/05/21 21:43:00.728, 7, 53, 13696
2026/05/21 21:43:01.340, 0, 89, 23942
2026/05/21 21:43:01.340, 1, 92, 22980
2026/05/21 21:43:01.341, 2, 61, 22980
2026/05/21 21:43:01.341, 3, 57, 22980
2026/05/21 21:43:01.341, 4, 44, 22980
2026/05/21 21:43:01.341, 5, 39, 19552
2026/05/21 21:43:01.341, 6, 36, 19542
2026/05/21 21:43:01.342, 7, 45, 13696
2026/05/21 21:43:01.941, 0, 88, 23942
2026/05/21 21:43:01.941, 1, 88, 22980
2026/05/21 21:43:01.942, 2, 57, 22980
2026/05/21 21:43:01.942, 3, 53, 22980
2026/05/21 21:43:01.942, 4, 87, 22980
2026/05/21 21:43:01.942, 5, 73, 19552
2026/05/21 21:43:01.943, 6, 62, 19542
2026/05/21 21:43:01.943, 7, 48, 13696
2026/05/21 21:43:02.554, 0, 39, 23942
2026/05/21 21:43:02.555, 1, 44, 22980
2026/05/21 21:43:02.555, 2, 43, 22980
2026/05/21 21:43:02.555, 3, 43, 22980
2026/05/21 21:43:02.555, 4, 44, 22980
2026/05/21 21:43:02.556, 5, 37, 19552
2026/05/21 21:43:02.556, 6, 66, 19542
2026/05/21 21:43:02.556, 7, 53, 13696
2026/05/21 21:43:03.154, 0, 38, 23942
2026/05/21 21:43:03.155, 1, 43, 22980
2026/05/21 21:43:03.155, 2, 93, 22980
2026/05/21 21:43:03.155, 3, 89, 22980
2026/05/21 21:43:03.156, 4, 42, 22980
2026/05/21 21:43:03.156, 5, 36, 19552
2026/05/21 21:43:03.156, 6, 43, 19542
2026/05/21 21:43:03.156, 7, 41, 13696
2026/05/21 21:43:03.724, 0, 66, 23942
2026/05/21 21:43:03.724, 1, 65, 22980
2026/05/21 21:43:03.724, 2, 89, 22980
2026/05/21 21:43:03.725, 3, 85, 22980
2026/05/21 21:43:03.725, 4, 54, 22980
2026/05/21 21:43:03.725, 5, 55, 19552
2026/05/21 21:43:03.725, 6, 39, 19542
2026/05/21 21:43:03.725, 7, 39, 13696
2026/05/21 21:43:04.349, 0, 64, 23942
2026/05/21 21:43:04.349, 1, 65, 22980
2026/05/21 21:43:04.350, 2, 43, 22980
2026/05/21 21:43:04.350, 3, 43, 22980
2026/05/21 21:43:04.350, 4, 59, 22980
2026/05/21 21:43:04.351, 5, 60, 19552
2026/05/21 21:43:04.351, 6, 41, 19542
2026/05/21 21:43:04.351, 7, 48, 13696
2026/05/21 21:43:04.958, 0, 61, 23942
2026/05/21 21:43:04.958, 1, 62, 22980
2026/05/21 21:43:04.958, 2, 44, 22980
2026/05/21 21:43:04.959, 3, 44, 22980
2026/05/21 21:43:04.959, 4, 72, 22980
2026/05/21 21:43:04.959, 5, 50, 19552
2026/05/21 21:43:04.959, 6, 68, 19542
2026/05/21 21:43:04.959, 7, 49, 13696
2026/05/21 21:43:05.553, 0, 34, 23942
2026/05/21 21:43:05.553, 1, 37, 22980
2026/05/21 21:43:05.553, 2, 68, 22980
2026/05/21 21:43:05.554, 3, 72, 22980
2026/05/21 21:43:05.554, 4, 66, 22980
2026/05/21 21:43:05.554, 5, 32, 19552
2026/05/21 21:43:05.554, 6, 63, 19542
2026/05/21 21:43:05.554, 7, 55, 13696
2026/05/21 21:43:06.142, 0, 65, 23942
2026/05/21 21:43:06.142, 1, 66, 22980
2026/05/21 21:43:06.142, 2, 60, 22980
2026/05/21 21:43:06.142, 3, 64, 22980
2026/05/21 21:43:06.142, 4, 54, 22980
2026/05/21 21:43:06.143, 5, 55, 19552
2026/05/21 21:43:06.143, 6, 40, 19542
2026/05/21 21:43:06.143, 7, 25, 13696
2026/05/21 21:43:06.756, 0, 51, 23942
2026/05/21 21:43:06.756, 1, 54, 22980
2026/05/21 21:43:06.757, 2, 60, 22980
2026/05/21 21:43:06.757, 3, 63, 22980
2026/05/21 21:43:06.757, 4, 65, 22980
2026/05/21 21:43:06.758, 5, 45, 19552
2026/05/21 21:43:06.758, 6, 40, 19542
2026/05/21 21:43:06.758, 7, 34, 13696
2026/05/21 21:43:07.372, 0, 48, 23942
2026/05/21 21:43:07.372, 1, 49, 22980
2026/05/21 21:43:07.372, 2, 60, 22980
2026/05/21 21:43:07.373, 3, 57, 22980
2026/05/21 21:43:07.373, 4, 65, 22980
2026/05/21 21:43:07.373, 5, 45, 19552
2026/05/21 21:43:07.374, 6, 51, 19542
2026/05/21 21:43:07.374, 7, 28, 13696
2026/05/21 21:43:07.990, 0, 57, 23942
2026/05/21 21:43:07.990, 1, 60, 22980
2026/05/21 21:43:07.990, 2, 54, 22980
2026/05/21 21:43:07.990, 3, 51, 22980
2026/05/21 21:43:07.991, 4, 58, 22980
2026/05/21 21:43:07.991, 5, 50, 19552
2026/05/21 21:43:07.991, 6, 39, 19542
2026/05/21 21:43:07.991, 7, 37, 13696
2026/05/21 21:43:08.568, 0, 33, 23942
2026/05/21 21:43:08.569, 1, 34, 22980
2026/05/21 21:43:08.570, 2, 60, 22980
2026/05/21 21:43:08.570, 3, 61, 22980
2026/05/21 21:43:08.571, 4, 44, 22980
2026/05/21 21:43:08.571, 5, 28, 19552
2026/05/21 21:43:08.572, 6, 28, 19542
2026/05/21 21:43:08.572, 7, 44, 13696
2026/05/21 21:43:09.208, 0, 56, 23942
2026/05/21 21:43:09.208, 1, 56, 22980
2026/05/21 21:43:09.208, 2, 42, 22980
2026/05/21 21:43:09.208, 3, 38, 22980
2026/05/21 21:43:09.209, 4, 57, 22980
2026/05/21 21:43:09.209, 5, 38, 19552
2026/05/21 21:43:09.209, 6, 50, 19542
2026/05/21 21:43:09.209, 7, 35, 13696
2026/05/21 21:43:09.786, 0, 43, 23942
2026/05/21 21:43:09.787, 1, 42, 22980
2026/05/21 21:43:09.787, 2, 55, 22980
2026/05/21 21:43:09.787, 3, 52, 22980
2026/05/21 21:43:09.787, 4, 34, 22980
2026/05/21 21:43:09.788, 5, 36, 19552
2026/05/21 21:43:09.788, 6, 34, 19542
2026/05/21 21:43:09.788, 7, 42, 13696
2026/05/21 21:43:10.387, 0, 55, 23942
2026/05/21 21:43:10.387, 1, 58, 22980
2026/05/21 21:43:10.388, 2, 35, 22980
2026/05/21 21:43:10.388, 3, 38, 22980
2026/05/21 21:43:10.389, 4, 42, 22980
2026/05/21 21:43:10.390, 5, 29, 19552
2026/05/21 21:43:10.390, 6, 44, 19542
2026/05/21 21:43:10.391, 7, 33, 13696
2026/05/21 21:43:10.989, 0, 61, 23942
2026/05/21 21:43:10.990, 1, 60, 22980
2026/05/21 21:43:10.990, 2, 61, 22980
2026/05/21 21:43:10.990, 3, 61, 22980
2026/05/21 21:43:10.990, 4, 49, 22980
2026/05/21 21:43:10.991, 5, 51, 19552
2026/05/21 21:43:10.991, 6, 31, 19542
2026/05/21 21:43:10.991, 7, 40, 13696
2026/05/21 21:43:11.615, 0, 34, 23942
2026/05/21 21:43:11.615, 1, 38, 22980
2026/05/21 21:43:11.616, 2, 55, 22980
2026/05/21 21:43:11.616, 3, 58, 22980
2026/05/21 21:43:11.616, 4, 48, 22980
2026/05/21 21:43:11.616, 5, 31, 19552
2026/05/21 21:43:11.617, 6, 49, 19542
2026/05/21 21:43:11.617, 7, 35, 13696
2026/05/21 21:43:12.209, 0, 55, 23942
2026/05/21 21:43:12.209, 1, 54, 22980
2026/05/21 21:43:12.210, 2, 44, 22980
2026/05/21 21:43:12.210, 3, 40, 22980
2026/05/21 21:43:12.210, 4, 59, 22980
2026/05/21 21:43:12.211, 5, 40, 19552
2026/05/21 21:43:12.211, 6, 48, 19542
2026/05/21 21:43:12.211, 7, 31, 13696
2026/05/21 21:43:12.776, 0, 44, 23942
2026/05/21 21:43:12.777, 1, 44, 22980
2026/05/21 21:43:12.777, 2, 55, 22980
2026/05/21 21:43:12.777, 3, 51, 22980
2026/05/21 21:43:12.777, 4, 34, 22980
2026/05/21 21:43:12.778, 5, 37, 19552
2026/05/21 21:43:12.778, 6, 39, 19542
2026/05/21 21:43:12.778, 7, 46, 13696
2026/05/21 21:43:13.366, 0, 34, 23942
2026/05/21 21:43:13.366, 1, 34, 22980
2026/05/21 21:43:13.366, 2, 39, 22980
2026/05/21 21:43:13.366, 3, 43, 22980
2026/05/21 21:43:13.367, 4, 38, 22980
2026/05/21 21:43:13.367, 5, 29, 19552
2026/05/21 21:43:13.367, 6, 41, 19542
2026/05/21 21:43:13.367, 7, 42, 13696
2026/05/21 21:43:13.955, 0, 60, 23942
2026/05/21 21:43:13.955, 1, 59, 22980
2026/05/21 21:43:13.955, 2, 35, 22980
2026/05/21 21:43:13.956, 3, 35, 22980
2026/05/21 21:43:13.956, 4, 56, 22980
2026/05/21 21:43:13.956, 5, 49, 19552
2026/05/21 21:43:13.956, 6, 37, 19542
2026/05/21 21:43:13.957, 7, 37, 13696
2026/05/21 21:43:14.533, 0, 59, 23942
2026/05/21 21:43:14.534, 1, 58, 22980
2026/05/21 21:43:14.535, 2, 61, 22980
2026/05/21 21:43:14.535, 3, 60, 22980
2026/05/21 21:43:14.535, 4, 48, 22980
2026/05/21 21:43:14.535, 5, 48, 19552
2026/05/21 21:43:14.536, 6, 29, 19542
2026/05/21 21:43:14.536, 7, 40, 13696
2026/05/21 21:43:15.144, 0, 34, 23942
2026/05/21 21:43:15.144, 1, 39, 22980
2026/05/21 21:43:15.145, 2, 55, 22980
2026/05/21 21:43:15.145, 3, 58, 22980
2026/05/21 21:43:15.145, 4, 48, 22980
2026/05/21 21:43:15.145, 5, 32, 19552
2026/05/21 21:43:15.145, 6, 50, 19542
2026/05/21 21:43:15.146, 7, 34, 13696
2026/05/21 21:43:15.718, 0, 47, 23942
2026/05/21 21:43:15.719, 1, 59, 22980
2026/05/21 21:43:15.719, 2, 59, 22980
2026/05/21 21:43:15.719, 3, 59, 22980
2026/05/21 21:43:15.719, 4, 59, 22980
2026/05/21 21:43:15.719, 5, 49, 19552
2026/05/21 21:43:15.720, 6, 41, 19542
2026/05/21 21:43:15.720, 7, 26, 13696
2026/05/21 21:43:16.311, 0, 59, 23942
2026/05/21 21:43:16.311, 1, 60, 22980
2026/05/21 21:43:16.311, 2, 49, 22980
2026/05/21 21:43:16.311, 3, 49, 22980
2026/05/21 21:43:16.312, 4, 52, 22980
2026/05/21 21:43:16.312, 5, 50, 19552
2026/05/21 21:43:16.312, 6, 41, 19542
2026/05/21 21:43:16.312, 7, 30, 13696
2026/05/21 21:43:16.918, 0, 50, 23942
2026/05/21 21:43:16.918, 1, 53, 22980
2026/05/21 21:43:16.918, 2, 57, 22980
2026/05/21 21:43:16.918, 3, 60, 22980
2026/05/21 21:43:16.919, 4, 57, 22980
2026/05/21 21:43:16.919, 5, 44, 19552
2026/05/21 21:43:16.919, 6, 40, 19542
2026/05/21 21:43:16.919, 7, 25, 13696
2026/05/21 21:43:17.514, 0, 40, 23942
2026/05/21 21:43:17.515, 1, 45, 22980
2026/05/21 21:43:17.515, 2, 45, 22980
2026/05/21 21:43:17.515, 3, 41, 22980
2026/05/21 21:43:17.515, 4, 54, 22980
2026/05/21 21:43:17.516, 5, 37, 19552
2026/05/21 21:43:17.516, 6, 47, 19542
2026/05/21 21:43:17.516, 7, 30, 13696
2026/05/21 21:43:18.144, 0, 44, 23942
2026/05/21 21:43:18.145, 1, 49, 22980
2026/05/21 21:43:18.145, 2, 44, 22980
2026/05/21 21:43:18.145, 3, 48, 22980
2026/05/21 21:43:18.145, 4, 57, 22980
2026/05/21 21:43:18.145, 5, 40, 19552
2026/05/21 21:43:18.146, 6, 43, 19542
2026/05/21 21:43:18.146, 7, 29, 13696
2026/05/21 21:43:18.756, 0, 47, 23942
2026/05/21 21:43:18.757, 1, 52, 22980
2026/05/21 21:43:18.757, 2, 41, 22980
2026/05/21 21:43:18.757, 3, 44, 22980
2026/05/21 21:43:18.757, 4, 30, 22980
2026/05/21 21:43:18.757, 5, 35, 19552
2026/05/21 21:43:18.758, 6, 34, 19542
2026/05/21 21:43:18.758, 7, 30, 13696
2026/05/21 21:43:19.354, 0, 41, 23942
2026/05/21 21:43:19.354, 1, 38, 22980
2026/05/21 21:43:19.354, 2, 40, 22980
2026/05/21 21:43:19.355, 3, 43, 22980
2026/05/21 21:43:19.355, 4, 32, 22980
2026/05/21 21:43:19.355, 5, 33, 19552
2026/05/21 21:43:19.356, 6, 35, 19542
2026/05/21 21:43:19.356, 7, 42, 13696
2026/05/21 21:43:19.958, 0, 40, 23942
2026/05/21 21:43:19.959, 1, 38, 22980
2026/05/21 21:43:19.960, 2, 53, 22980
2026/05/21 21:43:19.960, 3, 50, 22980
2026/05/21 21:43:19.961, 4, 36, 22980
2026/05/21 21:43:19.961, 5, 32, 19552
2026/05/21 21:43:19.962, 6, 39, 19542
2026/05/21 21:43:19.963, 7, 41, 13696
2026/05/21 21:43:20.586, 0, 39, 23942
2026/05/21 21:43:20.586, 1, 37, 22980
2026/05/21 21:43:20.586, 2, 54, 22980
2026/05/21 21:43:20.587, 3, 51, 22980
2026/05/21 21:43:20.587, 4, 52, 22980
2026/05/21 21:43:20.587, 5, 45, 19552
2026/05/21 21:43:20.587, 6, 38, 19542
2026/05/21 21:43:20.587, 7, 32, 13696
2026/05/21 21:43:21.185, 0, 48, 23942
2026/05/21 21:43:21.186, 1, 53, 22980
2026/05/21 21:43:21.186, 2, 38, 22980
2026/05/21 21:43:21.186, 3, 41, 22980
2026/05/21 21:43:21.187, 4, 48, 22980
2026/05/21 21:43:21.187, 5, 43, 19552
2026/05/21 21:43:21.187, 6, 39, 19542
2026/05/21 21:43:21.188, 7, 31, 13696
2026/05/21 21:43:21.777, 0, 48, 23942
2026/05/21 21:43:21.777, 1, 53, 22980
2026/05/21 21:43:21.778, 2, 40, 22980
2026/05/21 21:43:21.778, 3, 42, 22980
2026/05/21 21:43:21.778, 4, 45, 22980
2026/05/21 21:43:21.778, 5, 43, 19552
2026/05/21 21:43:21.778, 6, 35, 19542
2026/05/21 21:43:21.779, 7, 31, 13696
2026/05/21 21:43:22.386, 0, 42, 23942
2026/05/21 21:43:22.386, 1, 40, 22980
2026/05/21 21:43:22.386, 2, 41, 22980
2026/05/21 21:43:22.387, 3, 43, 22980
2026/05/21 21:43:22.387, 4, 52, 22980
2026/05/21 21:43:22.387, 5, 34, 19552
2026/05/21 21:43:22.387, 6, 35, 19542
2026/05/21 21:43:22.388, 7, 43, 13696
2026/05/21 21:43:22.982, 0, 44, 23942
2026/05/21 21:43:22.982, 1, 42, 22980
2026/05/21 21:43:22.982, 2, 50, 22980
2026/05/21 21:43:22.982, 3, 48, 22980
2026/05/21 21:43:22.983, 4, 34, 22980
2026/05/21 21:43:22.983, 5, 35, 19552
2026/05/21 21:43:22.983, 6, 41, 19542
2026/05/21 21:43:22.983, 7, 43, 13696
2026/05/21 21:43:23.614, 0, 47, 23942
2026/05/21 21:43:23.614, 1, 44, 22980
2026/05/21 21:43:23.614, 2, 48, 22980
2026/05/21 21:43:23.615, 3, 46, 22980
2026/05/21 21:43:23.615, 4, 32, 22980
2026/05/21 21:43:23.615, 5, 37, 19552
2026/05/21 21:43:23.615, 6, 44, 19542
2026/05/21 21:43:23.616, 7, 45, 13696
2026/05/21 21:43:24.229, 0, 40, 23942
2026/05/21 21:43:24.229, 1, 45, 22980
2026/05/21 21:43:24.229, 2, 31, 22980
2026/05/21 21:43:24.230, 3, 31, 22980
2026/05/21 21:43:24.230, 4, 31, 22980
2026/05/21 21:43:24.230, 5, 37, 19552
2026/05/21 21:43:24.230, 6, 47, 19542
2026/05/21 21:43:24.231, 7, 28, 13696
2026/05/21 21:43:24.862, 0, 53, 23942
2026/05/21 21:43:24.862, 1, 51, 22980
2026/05/21 21:43:24.862, 2, 72, 22980
2026/05/21 21:43:24.863, 3, 69, 22980
2026/05/21 21:43:24.863, 4, 59, 22980
2026/05/21 21:43:24.863, 5, 43, 19552
2026/05/21 21:43:24.863, 6, 51, 19542
2026/05/21 21:43:24.864, 7, 30, 13696
2026/05/21 21:43:25.435, 0, 58, 23942
2026/05/21 21:43:25.435, 1, 57, 22980
2026/05/21 21:43:25.436, 2, 67, 22980
2026/05/21 21:43:25.436, 3, 63, 22980
2026/05/21 21:43:25.436, 4, 53, 22980
2026/05/21 21:43:25.436, 5, 55, 19552
2026/05/21 21:43:25.437, 6, 53, 19542
2026/05/21 21:43:25.437, 7, 29, 13696
2026/05/21 21:43:26.052, 0, 53, 23942
2026/05/21 21:43:26.053, 1, 58, 22980
2026/05/21 21:43:26.053, 2, 58, 22980
2026/05/21 21:43:26.053, 3, 54, 22980
2026/05/21 21:43:26.053, 4, 49, 22980
2026/05/21 21:43:26.053, 5, 48, 19552
2026/05/21 21:43:26.054, 6, 58, 19542
2026/05/21 21:43:26.054, 7, 25, 13696
2026/05/21 21:43:26.644, 0, 41, 23942
2026/05/21 21:43:26.644, 1, 41, 22980
2026/05/21 21:43:26.644, 2, 58, 22980
2026/05/21 21:43:26.645, 3, 59, 22980
2026/05/21 21:43:26.645, 4, 57, 22980
2026/05/21 21:43:26.645, 5, 34, 19552
2026/05/21 21:43:26.645, 6, 40, 19542
2026/05/21 21:43:26.646, 7, 47, 13696
2026/05/21 21:43:27.274, 0, 51, 23942
2026/05/21 21:43:27.274, 1, 50, 22980
2026/05/21 21:43:27.274, 2, 58, 22980
2026/05/21 21:43:27.275, 3, 58, 22980
2026/05/21 21:43:27.275, 4, 48, 22980
2026/05/21 21:43:27.275, 5, 49, 19552
2026/05/21 21:43:27.275, 6, 36, 19542
2026/05/21 21:43:27.275, 7, 43, 13696
2026/05/21 21:43:27.846, 0, 59, 23942
2026/05/21 21:43:27.847, 1, 59, 22980
2026/05/21 21:43:27.847, 2, 41, 22980
2026/05/21 21:43:27.847, 3, 41, 22980
2026/05/21 21:43:27.847, 4, 42, 22980
2026/05/21 21:43:27.847, 5, 49, 19552
2026/05/21 21:43:27.848, 6, 44, 19542
2026/05/21 21:43:27.848, 7, 41, 13696
2026/05/21 21:43:28.438, 0, 53, 23942
2026/05/21 21:43:28.439, 1, 58, 22980
2026/05/21 21:43:28.439, 2, 42, 22980
2026/05/21 21:43:28.440, 3, 42, 22980
2026/05/21 21:43:28.440, 4, 50, 22980
2026/05/21 21:43:28.440, 5, 35, 19552
2026/05/21 21:43:28.441, 6, 48, 19542
2026/05/21 21:43:28.441, 7, 35, 13696
2026/05/21 21:43:29.072, 0, 41, 23942
2026/05/21 21:43:29.072, 1, 42, 22980
2026/05/21 21:43:29.073, 2, 46, 22980
2026/05/21 21:43:29.073, 3, 50, 22980
2026/05/21 21:43:29.073, 4, 58, 22980
2026/05/21 21:43:29.073, 5, 35, 19552
2026/05/21 21:43:29.073, 6, 45, 19542
2026/05/21 21:43:29.074, 7, 45, 13696
2026/05/21 21:43:29.708, 0, 45, 23942
2026/05/21 21:43:29.708, 1, 45, 22980
2026/05/21 21:43:29.708, 2, 58, 22980
2026/05/21 21:43:29.708, 3, 58, 22980
2026/05/21 21:43:29.709, 4, 55, 22980
2026/05/21 21:43:29.709, 5, 37, 19552
2026/05/21 21:43:29.709, 6, 36, 19542
2026/05/21 21:43:29.709, 7, 46, 13696
2026/05/21 21:43:30.331, 0, 58, 23942
2026/05/21 21:43:30.331, 1, 57, 22980
2026/05/21 21:43:30.332, 2, 56, 22980
2026/05/21 21:43:30.332, 3, 51, 22980
2026/05/21 21:43:30.332, 4, 42, 22980
2026/05/21 21:43:30.333, 5, 46, 19552
2026/05/21 21:43:30.333, 6, 41, 19542
2026/05/21 21:43:30.333, 7, 42, 13696
2026/05/21 21:43:30.907, 0, 52, 23942
2026/05/21 21:43:30.907, 1, 57, 22980
2026/05/21 21:43:30.907, 2, 44, 22980
2026/05/21 21:43:30.908, 3, 42, 22980
2026/05/21 21:43:30.908, 4, 42, 22980
2026/05/21 21:43:30.908, 5, 48, 19552
2026/05/21 21:43:30.908, 6, 47, 19542
2026/05/21 21:43:30.909, 7, 37, 13696
2026/05/21 21:43:31.510, 0, 41, 23942
2026/05/21 21:43:31.510, 1, 46, 22980
2026/05/21 21:43:31.511, 2, 49, 22980
2026/05/21 21:43:31.511, 3, 53, 22980
2026/05/21 21:43:31.511, 4, 58, 22980
2026/05/21 21:43:31.512, 5, 39, 19552
2026/05/21 21:43:31.512, 6, 43, 19542
2026/05/21 21:43:31.513, 7, 33, 13696
2026/05/21 21:43:32.112, 0, 41, 23942
2026/05/21 21:43:32.113, 1, 48, 22980
2026/05/21 21:43:32.113, 2, 60, 22980
2026/05/21 21:43:32.113, 3, 59, 22980
2026/05/21 21:43:32.114, 4, 58, 22980
2026/05/21 21:43:32.114, 5, 39, 19552
2026/05/21 21:43:32.114, 6, 34, 19542
2026/05/21 21:43:32.115, 7, 45, 13696
2026/05/21 21:43:32.713, 0, 58, 23942
2026/05/21 21:43:32.713, 1, 58, 22980
2026/05/21 21:43:32.714, 2, 55, 22980
2026/05/21 21:43:32.714, 3, 50, 22980
2026/05/21 21:43:32.714, 4, 42, 22980
2026/05/21 21:43:32.714, 5, 48, 19552
2026/05/21 21:43:32.715, 6, 34, 19542
2026/05/21 21:43:32.715, 7, 41, 13696
2026/05/21 21:43:33.324, 0, 58, 23942
2026/05/21 21:43:33.325, 1, 58, 22980
2026/05/21 21:43:33.325, 2, 42, 22980
2026/05/21 21:43:33.325, 3, 42, 22980
2026/05/21 21:43:33.325, 4, 42, 22980
2026/05/21 21:43:33.326, 5, 49, 19552
2026/05/21 21:43:33.326, 6, 47, 19542
2026/05/21 21:43:33.326, 7, 42, 13696
2026/05/21 21:43:33.916, 0, 41, 23942
2026/05/21 21:43:33.917, 1, 42, 22980
2026/05/21 21:43:33.917, 2, 43, 22980
2026/05/21 21:43:33.917, 3, 43, 22980
2026/05/21 21:43:33.917, 4, 50, 22980
2026/05/21 21:43:33.918, 5, 35, 19552
2026/05/21 21:43:33.918, 6, 48, 19542
2026/05/21 21:43:33.918, 7, 35, 13696
2026/05/21 21:43:34.488, 0, 41, 23942
2026/05/21 21:43:34.488, 1, 43, 22980
2026/05/21 21:43:34.489, 2, 58, 22980
2026/05/21 21:43:34.489, 3, 58, 22980
2026/05/21 21:43:34.489, 4, 58, 22980
2026/05/21 21:43:34.489, 5, 36, 19552
2026/05/21 21:43:34.489, 6, 35, 19542
2026/05/21 21:43:34.490, 7, 48, 13696
2026/05/21 21:43:35.120, 0, 58, 23942
2026/05/21 21:43:35.121, 1, 58, 22980
2026/05/21 21:43:35.121, 2, 58, 22980
2026/05/21 21:43:35.121, 3, 53, 22980
2026/05/21 21:43:35.121, 4, 45, 22980
2026/05/21 21:43:35.122, 5, 48, 19552
2026/05/21 21:43:35.122, 6, 40, 19542
2026/05/21 21:43:35.122, 7, 41, 13696
2026/05/21 21:43:35.758, 0, 49, 23942
2026/05/21 21:43:35.758, 1, 60, 22980
2026/05/21 21:43:35.759, 2, 54, 22980
2026/05/21 21:43:35.759, 3, 59, 22980
2026/05/21 21:43:35.759, 4, 66, 22980
2026/05/21 21:43:35.759, 5, 49, 19552
2026/05/21 21:43:35.760, 6, 42, 19542
2026/05/21 21:43:35.760, 7, 33, 13696
2026/05/21 21:43:36.364, 0, 56, 23942
2026/05/21 21:43:36.365, 1, 49, 22980
2026/05/21 21:43:36.365, 2, 72, 22980
2026/05/21 21:43:36.365, 3, 70, 22980
2026/05/21 21:43:36.365, 4, 61, 22980
2026/05/21 21:43:36.366, 5, 41, 19552
2026/05/21 21:43:36.366, 6, 43, 19542
2026/05/21 21:43:36.366, 7, 25, 13696
2026/05/21 21:43:36.956, 0, 46, 23942
2026/05/21 21:43:36.956, 1, 61, 22980
2026/05/21 21:43:36.957, 2, 57, 22980
2026/05/21 21:43:36.957, 3, 62, 22980
2026/05/21 21:43:36.957, 4, 70, 22980
2026/05/21 21:43:36.957, 5, 50, 19552
2026/05/21 21:43:36.957, 6, 40, 19542
2026/05/21 21:43:36.958, 7, 34, 13696
2026/05/21 21:43:37.593, 0, 37, 23942
2026/05/21 21:43:37.594, 1, 47, 22980
2026/05/21 21:43:37.594, 2, 55, 22980
2026/05/21 21:43:37.594, 3, 60, 22980
2026/05/21 21:43:37.595, 4, 59, 22980
2026/05/21 21:43:37.595, 5, 39, 19552
2026/05/21 21:43:37.595, 6, 32, 19542
2026/05/21 21:43:37.595, 7, 45, 13696
2026/05/21 21:43:38.199, 0, 60, 23942
2026/05/21 21:43:38.199, 1, 38, 22980
2026/05/21 21:43:38.200, 2, 60, 22980
2026/05/21 21:43:38.200, 3, 60, 22980
2026/05/21 21:43:38.200, 4, 59, 22980
2026/05/21 21:43:38.200, 5, 32, 19552
2026/05/21 21:43:38.201, 6, 31, 19542
2026/05/21 21:43:38.201, 7, 41, 13696
2026/05/21 21:43:38.798, 0, 54, 23942
2026/05/21 21:43:38.798, 1, 38, 22980
2026/05/21 21:43:38.799, 2, 46, 22980
2026/05/21 21:43:38.799, 3, 52, 22980
2026/05/21 21:43:38.799, 4, 59, 22980
2026/05/21 21:43:38.800, 5, 32, 19552
2026/05/21 21:43:38.800, 6, 39, 19542
2026/05/21 21:43:38.800, 7, 45, 13696
2026/05/21 21:43:39.400, 0, 60, 23942
2026/05/21 21:43:39.400, 1, 40, 22980
2026/05/21 21:43:39.401, 2, 53, 22980
2026/05/21 21:43:39.401, 3, 59, 22980
2026/05/21 21:43:39.401, 4, 59, 22980
2026/05/21 21:43:39.402, 5, 34, 19552
2026/05/21 21:43:39.402, 6, 49, 19542
2026/05/21 21:43:39.402, 7, 33, 13696
2026/05/21 21:43:40.037, 0, 47, 23942
2026/05/21 21:43:40.037, 1, 55, 22980
2026/05/21 21:43:40.037, 2, 39, 22980
2026/05/21 21:43:40.037, 3, 44, 22980
2026/05/21 21:43:40.038, 4, 51, 22980
2026/05/21 21:43:40.038, 5, 47, 19552
2026/05/21 21:43:40.038, 6, 46, 19542
2026/05/21 21:43:40.038, 7, 36, 13696
2026/05/21 21:43:40.628, 0, 55, 23942
2026/05/21 21:43:40.628, 1, 47, 22980
2026/05/21 21:43:40.628, 2, 39, 22980
2026/05/21 21:43:40.629, 3, 38, 22980
2026/05/21 21:43:40.629, 4, 38, 22980
2026/05/21 21:43:40.629, 5, 40, 19552
2026/05/21 21:43:40.629, 6, 49, 19542
2026/05/21 21:43:40.630, 7, 32, 13696
2026/05/21 21:43:41.236, 0, 39, 23942
2026/05/21 21:43:41.236, 1, 59, 22980
2026/05/21 21:43:41.237, 2, 38, 22980
2026/05/21 21:43:41.237, 3, 38, 22980
2026/05/21 21:43:41.237, 4, 44, 22980
2026/05/21 21:43:41.237, 5, 49, 19552
2026/05/21 21:43:41.237, 6, 42, 19542
2026/05/21 21:43:41.238, 7, 39, 13696
2026/05/21 21:43:41.832, 0, 48, 23942
2026/05/21 21:43:41.832, 1, 59, 22980
2026/05/21 21:43:41.833, 2, 44, 22980
2026/05/21 21:43:41.833, 3, 39, 22980
2026/05/21 21:43:41.833, 4, 38, 22980
2026/05/21 21:43:41.833, 5, 45, 19552
2026/05/21 21:43:41.834, 6, 49, 19542
2026/05/21 21:43:41.834, 7, 34, 13696
2026/05/21 21:43:42.448, 0, 37, 23942
2026/05/21 21:43:42.448, 1, 59, 22980
2026/05/21 21:43:42.449, 2, 58, 22980
2026/05/21 21:43:42.449, 3, 53, 22980
2026/05/21 21:43:42.449, 4, 45, 22980
2026/05/21 21:43:42.449, 5, 49, 19552
2026/05/21 21:43:42.449, 6, 39, 19542
2026/05/21 21:43:42.450, 7, 41, 13696
2026/05/21 21:43:43.039, 0, 37, 23942
2026/05/21 21:43:43.040, 1, 57, 22980
2026/05/21 21:43:43.040, 2, 49, 22980
2026/05/21 21:43:43.040, 3, 44, 22980
2026/05/21 21:43:43.041, 4, 38, 22980
2026/05/21 21:43:43.041, 5, 48, 19552
2026/05/21 21:43:43.041, 6, 46, 19542
2026/05/21 21:43:43.042, 7, 42, 13696
2026/05/21 21:43:43.638, 0, 37, 23942
2026/05/21 21:43:43.638, 1, 59, 22980
2026/05/21 21:43:43.639, 2, 59, 22980
2026/05/21 21:43:43.639, 3, 56, 22980
2026/05/21 21:43:43.639, 4, 49, 22980
2026/05/21 21:43:43.639, 5, 49, 19552
2026/05/21 21:43:43.640, 6, 36, 19542
2026/05/21 21:43:43.640, 7, 41, 13696
2026/05/21 21:43:44.219, 0, 40, 23942
2026/05/21 21:43:44.220, 1, 54, 22980
2026/05/21 21:43:44.220, 2, 52, 22980
2026/05/21 21:43:44.221, 3, 47, 22980
2026/05/21 21:43:44.221, 4, 40, 22980
2026/05/21 21:43:44.222, 5, 45, 19552
2026/05/21 21:43:44.223, 6, 41, 19542
2026/05/21 21:43:44.224, 7, 42, 13696
2026/05/21 21:43:44.794, 0, 37, 23942
2026/05/21 21:43:44.794, 1, 59, 22980
2026/05/21 21:43:44.795, 2, 59, 22980
2026/05/21 21:43:44.795, 3, 57, 22980
2026/05/21 21:43:44.795, 4, 49, 22980
2026/05/21 21:43:44.795, 5, 50, 19552
2026/05/21 21:43:44.795, 6, 32, 19542
2026/05/21 21:43:44.796, 7, 42, 13696
2026/05/21 21:43:45.430, 0, 40, 23942
2026/05/21 21:43:45.431, 1, 56, 22980
2026/05/21 21:43:45.431, 2, 51, 22980
2026/05/21 21:43:45.431, 3, 46, 22980
2026/05/21 21:43:45.431, 4, 38, 22980
2026/05/21 21:43:45.431, 5, 46, 19552
2026/05/21 21:43:45.432, 6, 32, 19542
2026/05/21 21:43:45.432, 7, 41, 13696
2026/05/21 21:43:46.064, 0, 48, 23942
2026/05/21 21:43:46.064, 1, 52, 22980
2026/05/21 21:43:46.064, 2, 49, 22980
2026/05/21 21:43:46.065, 3, 50, 22980
2026/05/21 21:43:46.065, 4, 51, 22980
2026/05/21 21:43:46.065, 5, 43, 19552
2026/05/21 21:43:46.066, 6, 36, 19542
2026/05/21 21:43:46.066, 7, 26, 13696
2026/05/21 21:43:46.667, 0, 47, 23942
2026/05/21 21:43:46.667, 1, 49, 22980
2026/05/21 21:43:46.667, 2, 52, 22980
2026/05/21 21:43:46.668, 3, 52, 22980
2026/05/21 21:43:46.668, 4, 52, 22980
2026/05/21 21:43:46.668, 5, 44, 19552
2026/05/21 21:43:46.668, 6, 41, 19542
2026/05/21 21:43:46.668, 7, 24, 13696
2026/05/21 21:43:47.264, 0, 51, 23942
2026/05/21 21:43:47.264, 1, 49, 22980
2026/05/21 21:43:47.265, 2, 53, 22980
2026/05/21 21:43:47.265, 3, 50, 22980
2026/05/21 21:43:47.265, 4, 49, 22980
2026/05/21 21:43:47.265, 5, 41, 19552
2026/05/21 21:43:47.266, 6, 43, 19542
2026/05/21 21:43:47.266, 7, 25, 13696
2026/05/21 21:43:47.877, 0, 41, 23942
2026/05/21 21:43:47.877, 1, 39, 22980
2026/05/21 21:43:47.878, 2, 47, 22980
2026/05/21 21:43:47.878, 3, 42, 22980
2026/05/21 21:43:47.878, 4, 35, 22980
2026/05/21 21:43:47.878, 5, 32, 19552
2026/05/21 21:43:47.878, 6, 40, 19542
2026/05/21 21:43:47.879, 7, 39, 13696
2026/05/21 21:43:48.514, 0, 48, 23942
2026/05/21 21:43:48.514, 1, 51, 22980
2026/05/21 21:43:48.514, 2, 38, 22980
2026/05/21 21:43:48.515, 3, 42, 22980
2026/05/21 21:43:48.515, 4, 49, 22980
2026/05/21 21:43:48.515, 5, 36, 19552
2026/05/21 21:43:48.515, 6, 34, 19542
2026/05/21 21:43:48.516, 7, 41, 13696
2026/05/21 21:43:49.106, 0, 36, 23942
2026/05/21 21:43:49.106, 1, 45, 22980
2026/05/21 21:43:49.106, 2, 43, 22980
2026/05/21 21:43:49.107, 3, 48, 22980
2026/05/21 21:43:49.107, 4, 53, 22980
2026/05/21 21:43:49.107, 5, 38, 19552
2026/05/21 21:43:49.107, 6, 37, 19542
2026/05/21 21:43:49.107, 7, 28, 13696
2026/05/21 21:43:49.679, 0, 41, 23942
2026/05/21 21:43:49.680, 1, 41, 22980
2026/05/21 21:43:49.680, 2, 46, 22980
2026/05/21 21:43:49.680, 3, 41, 22980
2026/05/21 21:43:49.680, 4, 34, 22980
2026/05/21 21:43:49.681, 5, 34, 19552
2026/05/21 21:43:49.681, 6, 42, 19542
2026/05/21 21:43:49.681, 7, 30, 13696
2026/05/21 21:43:50.308, 0, 46, 23942
2026/05/21 21:43:50.309, 1, 46, 22980
2026/05/21 21:43:50.309, 2, 40, 22980
2026/05/21 21:43:50.309, 3, 45, 22980
2026/05/21 21:43:50.310, 4, 52, 22980
2026/05/21 21:43:50.310, 5, 38, 19552
2026/05/21 21:43:50.310, 6, 31, 19542
2026/05/21 21:43:50.310, 7, 43, 13696
2026/05/21 21:43:50.955, 0, 40, 23942
2026/05/21 21:43:50.956, 1, 43, 22980
2026/05/21 21:43:50.957, 2, 48, 22980
2026/05/21 21:43:50.957, 3, 52, 22980
2026/05/21 21:43:50.958, 4, 35, 22980
2026/05/21 21:43:50.958, 5, 35, 19552
2026/05/21 21:43:50.959, 6, 41, 19542
2026/05/21 21:43:50.959, 7, 29, 13696
2026/05/21 21:43:51.556, 0, 47, 23942
2026/05/21 21:43:51.556, 1, 43, 22980
2026/05/21 21:43:51.556, 2, 39, 22980
2026/05/21 21:43:51.557, 3, 35, 22980
2026/05/21 21:43:51.557, 4, 31, 22980
2026/05/21 21:43:51.557, 5, 38, 19552
2026/05/21 21:43:51.557, 6, 44, 19542
2026/05/21 21:43:51.557, 7, 43, 13696
2026/05/21 21:43:52.164, 0, 38, 23942
2026/05/21 21:43:52.165, 1, 49, 22980
2026/05/21 21:43:52.165, 2, 48, 22980
2026/05/21 21:43:52.165, 3, 53, 22980
2026/05/21 21:43:52.165, 4, 54, 22980
2026/05/21 21:43:52.165, 5, 45, 19552
2026/05/21 21:43:52.166, 6, 26, 19542
2026/05/21 21:43:52.166, 7, 38, 13696
2026/05/21 21:43:52.735, 0, 30, 23942
2026/05/21 21:43:52.735, 1, 41, 22980
2026/05/21 21:43:52.735, 2, 54, 22980
2026/05/21 21:43:52.735, 3, 54, 22980
2026/05/21 21:43:52.735, 4, 48, 22980
2026/05/21 21:43:52.736, 5, 28, 19552
2026/05/21 21:43:52.736, 6, 31, 19542
2026/05/21 21:43:52.736, 7, 32, 13696
2026/05/21 21:43:53.332, 0, 52, 23942
2026/05/21 21:43:53.333, 1, 34, 22980
2026/05/21 21:43:53.333, 2, 32, 22980
2026/05/21 21:43:53.333, 3, 34, 22980
2026/05/21 21:43:53.334, 4, 42, 22980
2026/05/21 21:43:53.334, 5, 29, 19552
2026/05/21 21:43:53.334, 6, 40, 19542
2026/05/21 21:43:53.334, 7, 37, 13696
2026/05/21 21:43:53.924, 0, 5, 23942
2026/05/21 21:43:53.925, 1, 24, 22980
2026/05/21 21:43:53.925, 2, 39, 22980
2026/05/21 21:43:53.925, 3, 44, 22980
2026/05/21 21:43:53.925, 4, 51, 22980
2026/05/21 21:43:53.926, 5, 22, 19552
2026/05/21 21:43:53.926, 6, 32, 19542
2026/05/21 21:43:53.926, 7, 21, 13696
2026/05/21 21:43:54.494, 0, 71, 23942
2026/05/21 21:43:54.495, 1, 72, 22980
2026/05/21 21:43:54.495, 2, 65, 22980
2026/05/21 21:43:54.495, 3, 69, 22980
2026/05/21 21:43:54.495, 4, 71, 22980
2026/05/21 21:43:54.495, 5, 52, 19552
2026/05/21 21:43:54.496, 6, 59, 19542
2026/05/21 21:43:54.496, 7, 30, 13696
2026/05/21 21:43:55.070, 0, 58, 23942
2026/05/21 21:43:55.071, 1, 69, 22980
2026/05/21 21:43:55.071, 2, 71, 22980
2026/05/21 21:43:55.071, 3, 71, 22980
2026/05/21 21:43:55.071, 4, 67, 22980
2026/05/21 21:43:55.072, 5, 59, 19552
2026/05/21 21:43:55.072, 6, 55, 19542
2026/05/21 21:43:55.072, 7, 36, 13696
2026/05/21 21:43:55.665, 0, 70, 23942
2026/05/21 21:43:55.665, 1, 71, 22980
2026/05/21 21:43:55.666, 2, 65, 22980
2026/05/21 21:43:55.666, 3, 71, 22980
2026/05/21 21:43:55.666, 4, 71, 22980
2026/05/21 21:43:55.667, 5, 53, 19552
2026/05/21 21:43:55.667, 6, 58, 19542
2026/05/21 21:43:55.667, 7, 30, 13696
2026/05/21 21:43:56.255, 0, 58, 23942
2026/05/21 21:43:56.256, 1, 60, 22980
2026/05/21 21:43:56.256, 2, 71, 22980
2026/05/21 21:43:56.256, 3, 71, 22980
2026/05/21 21:43:56.257, 4, 63, 22980
2026/05/21 21:43:56.257, 5, 59, 19552
2026/05/21 21:43:56.258, 6, 59, 19542
2026/05/21 21:43:56.258, 7, 36, 13696
2026/05/21 21:43:56.859, 0, 51, 23942
2026/05/21 21:43:56.859, 1, 53, 22980
2026/05/21 21:43:56.860, 2, 53, 22980
2026/05/21 21:43:56.860, 3, 53, 22980
2026/05/21 21:43:56.860, 4, 53, 22980
2026/05/21 21:43:56.861, 5, 50, 19552
2026/05/21 21:43:56.861, 6, 44, 19542
2026/05/21 21:43:56.862, 7, 43, 13696
2026/05/21 21:43:57.474, 0, 59, 23942
2026/05/21 21:43:57.474, 1, 60, 22980
2026/05/21 21:43:57.474, 2, 53, 22980
2026/05/21 21:43:57.474, 3, 53, 22980
2026/05/21 21:43:57.475, 4, 53, 22980
2026/05/21 21:43:57.475, 5, 44, 19552
2026/05/21 21:43:57.475, 6, 49, 19542
2026/05/21 21:43:57.475, 7, 45, 13696
2026/05/21 21:43:58.054, 0, 59, 23942
2026/05/21 21:43:58.055, 1, 60, 22980
2026/05/21 21:43:58.055, 2, 58, 22980
2026/05/21 21:43:58.055, 3, 60, 22980
2026/05/21 21:43:58.055, 4, 60, 22980
2026/05/21 21:43:58.056, 5, 44, 19552
2026/05/21 21:43:58.056, 6, 43, 19542
2026/05/21 21:43:58.056, 7, 45, 13696
2026/05/21 21:43:58.680, 0, 51, 23942
2026/05/21 21:43:58.681, 1, 53, 22980
2026/05/21 21:43:58.681, 2, 60, 22980
2026/05/21 21:43:58.681, 3, 60, 22980
2026/05/21 21:43:58.681, 4, 52, 22980
2026/05/21 21:43:58.682, 5, 45, 19552
2026/05/21 21:43:58.682, 6, 44, 19542
2026/05/21 21:43:58.682, 7, 49, 13696
2026/05/21 21:43:59.272, 0, 52, 23942
2026/05/21 21:43:59.273, 1, 53, 22980
2026/05/21 21:43:59.273, 2, 53, 22980
2026/05/21 21:43:59.273, 3, 53, 22980
2026/05/21 21:43:59.274, 4, 52, 22980
2026/05/21 21:43:59.274, 5, 51, 19552
2026/05/21 21:43:59.274, 6, 43, 19542
2026/05/21 21:43:59.274, 7, 40, 13696
2026/05/21 21:43:59.895, 0, 59, 23942
2026/05/21 21:43:59.895, 1, 61, 22980
2026/05/21 21:43:59.895, 2, 53, 22980
2026/05/21 21:43:59.896, 3, 54, 22980
2026/05/21 21:43:59.896, 4, 59, 22980
2026/05/21 21:43:59.896, 5, 44, 19552
2026/05/21 21:43:59.897, 6, 50, 19542
2026/05/21 21:43:59.897, 7, 45, 13696
2026/05/21 21:44:00.533, 0, 52, 23942
2026/05/21 21:44:00.533, 1, 53, 22980
2026/05/21 21:44:00.534, 2, 54, 22980
2026/05/21 21:44:00.534, 3, 55, 22980
2026/05/21 21:44:00.534, 4, 60, 22980
2026/05/21 21:44:00.535, 5, 45, 19552
2026/05/21 21:44:00.535, 6, 44, 19542
2026/05/21 21:44:00.535, 7, 45, 13696
2026/05/21 21:44:01.113, 0, 51, 23942
2026/05/21 21:44:01.114, 1, 53, 22980
2026/05/21 21:44:01.114, 2, 60, 22980
2026/05/21 21:44:01.115, 3, 60, 22980
2026/05/21 21:44:01.116, 4, 52, 22980
2026/05/21 21:44:01.116, 5, 51, 19552
2026/05/21 21:44:01.117, 6, 44, 19542
2026/05/21 21:44:01.117, 7, 45, 13696
2026/05/21 21:44:01.746, 0, 59, 23942
2026/05/21 21:44:01.746, 1, 61, 22980
2026/05/21 21:44:01.746, 2, 53, 22980
2026/05/21 21:44:01.747, 3, 53, 22980
2026/05/21 21:44:01.747, 4, 53, 22980
2026/05/21 21:44:01.747, 5, 43, 19552
2026/05/21 21:44:01.747, 6, 49, 19542
2026/05/21 21:44:01.748, 7, 45, 13696
2026/05/21 21:44:02.336, 0, 58, 23942
2026/05/21 21:44:02.337, 1, 57, 22980
2026/05/21 21:44:02.337, 2, 53, 22980
2026/05/21 21:44:02.337, 3, 52, 22980
2026/05/21 21:44:02.338, 4, 61, 22980
2026/05/21 21:44:02.338, 5, 45, 19552
2026/05/21 21:44:02.338, 6, 49, 19542
2026/05/21 21:44:02.338, 7, 44, 13696
2026/05/21 21:44:02.929, 0, 51, 23942
2026/05/21 21:44:02.930, 1, 53, 22980
2026/05/21 21:44:02.930, 2, 56, 22980
2026/05/21 21:44:02.930, 3, 62, 22980
2026/05/21 21:44:02.931, 4, 53, 22980
2026/05/21 21:44:02.931, 5, 48, 19552
2026/05/21 21:44:02.931, 6, 44, 19542
2026/05/21 21:44:02.931, 7, 49, 13696
2026/05/21 21:44:03.553, 0, 55, 23942
2026/05/21 21:44:03.554, 1, 54, 22980
2026/05/21 21:44:03.554, 2, 61, 22980
2026/05/21 21:44:03.554, 3, 61, 22980
2026/05/21 21:44:03.554, 4, 52, 22980
2026/05/21 21:44:03.554, 5, 50, 19552
2026/05/21 21:44:03.554, 6, 44, 19542
2026/05/21 21:44:03.555, 7, 41, 13696
2026/05/21 21:44:04.138, 0, 59, 23942
2026/05/21 21:44:04.138, 1, 61, 22980
2026/05/21 21:44:04.138, 2, 53, 22980
2026/05/21 21:44:04.139, 3, 53, 22980
2026/05/21 21:44:04.139, 4, 61, 22980
2026/05/21 21:44:04.139, 5, 45, 19552
2026/05/21 21:44:04.140, 6, 49, 19542
2026/05/21 21:44:04.140, 7, 44, 13696
2026/05/21 21:44:04.733, 0, 51, 23942
2026/05/21 21:44:04.733, 1, 53, 22980
2026/05/21 21:44:04.733, 2, 53, 22980
2026/05/21 21:44:04.734, 3, 53, 22980
2026/05/21 21:44:04.734, 4, 55, 22980
2026/05/21 21:44:04.735, 5, 45, 19552
2026/05/21 21:44:04.735, 6, 49, 19542
2026/05/21 21:44:04.735, 7, 45, 13696
2026/05/21 21:44:05.322, 0, 51, 23942
2026/05/21 21:44:05.323, 1, 53, 22980
2026/05/21 21:44:05.324, 2, 61, 22980
2026/05/21 21:44:05.324, 3, 61, 22980
2026/05/21 21:44:05.324, 4, 52, 22980
2026/05/21 21:44:05.324, 5, 51, 19552
2026/05/21 21:44:05.325, 6, 43, 19542
2026/05/21 21:44:05.325, 7, 40, 13696
2026/05/21 21:44:05.969, 0, 60, 23942
2026/05/21 21:44:05.969, 1, 61, 22980
2026/05/21 21:44:05.970, 2, 52, 22980
2026/05/21 21:44:05.970, 3, 52, 22980
2026/05/21 21:44:05.970, 4, 57, 22980
2026/05/21 21:44:05.970, 5, 49, 19552
2026/05/21 21:44:05.971, 6, 42, 19542
2026/05/21 21:44:05.971, 7, 44, 13696
2026/05/21 21:44:06.559, 0, 50, 23942
2026/05/21 21:44:06.559, 1, 52, 22980
2026/05/21 21:44:06.560, 2, 52, 22980
2026/05/21 21:44:06.560, 3, 52, 22980
2026/05/21 21:44:06.560, 4, 62, 22980
2026/05/21 21:44:06.560, 5, 44, 19552
2026/05/21 21:44:06.560, 6, 51, 19542
2026/05/21 21:44:06.561, 7, 43, 13696
2026/05/21 21:44:07.154, 0, 51, 23942
2026/05/21 21:44:07.154, 1, 53, 22980
2026/05/21 21:44:07.154, 2, 61, 22980
2026/05/21 21:44:07.155, 3, 61, 22980
2026/05/21 21:44:07.155, 4, 52, 22980
2026/05/21 21:44:07.155, 5, 44, 19552
2026/05/21 21:44:07.155, 6, 44, 19542
2026/05/21 21:44:07.155, 7, 43, 13696
2026/05/21 21:44:07.764, 0, 60, 23942
2026/05/21 21:44:07.765, 1, 62, 22980
2026/05/21 21:44:07.765, 2, 53, 22980
2026/05/21 21:44:07.765, 3, 53, 22980
2026/05/21 21:44:07.765, 4, 54, 22980
2026/05/21 21:44:07.766, 5, 51, 19552
2026/05/21 21:44:07.766, 6, 43, 19542
2026/05/21 21:44:07.766, 7, 44, 13696
2026/05/21 21:44:08.333, 0, 3, 23942
2026/05/21 21:44:08.334, 1, 4, 22980
2026/05/21 21:44:08.334, 2, 31, 22980
2026/05/21 21:44:08.334, 3, 39, 22980
2026/05/21 21:44:08.334, 4, 61, 22980
2026/05/21 21:44:08.335, 5, 3, 19552
2026/05/21 21:44:08.335, 6, 51, 19542
2026/05/21 21:44:08.335, 7, 41, 13696
2026/05/21 21:44:08.926, 0, 46, 23942
2026/05/21 21:44:08.927, 1, 49, 22980
2026/05/21 21:44:08.927, 2, 68, 22980
2026/05/21 21:44:08.927, 3, 49, 22980
2026/05/21 21:44:08.927, 4, 63, 22980
2026/05/21 21:44:08.927, 5, 40, 19552
2026/05/21 21:44:08.928, 6, 58, 19542
2026/05/21 21:44:08.928, 7, 35, 13696
2026/05/21 21:44:09.552, 0, 48, 23942
2026/05/21 21:44:09.552, 1, 49, 22980
2026/05/21 21:44:09.552, 2, 72, 22980
2026/05/21 21:44:09.553, 3, 71, 22980
2026/05/21 21:44:09.553, 4, 57, 22980
2026/05/21 21:44:09.553, 5, 41, 19552
2026/05/21 21:44:09.553, 6, 56, 19542
2026/05/21 21:44:09.553, 7, 32, 13696
2026/05/21 21:44:10.141, 0, 56, 23942
2026/05/21 21:44:10.141, 1, 56, 22980
2026/05/21 21:44:10.141, 2, 70, 22980
2026/05/21 21:44:10.142, 3, 63, 22980
2026/05/21 21:44:10.142, 4, 71, 22980
2026/05/21 21:44:10.142, 5, 57, 19552
2026/05/21 21:44:10.142, 6, 49, 19542
2026/05/21 21:44:10.143, 7, 28, 13696
2026/05/21 21:44:10.718, 0, 40, 23942
2026/05/21 21:44:10.718, 1, 41, 22980
2026/05/21 21:44:10.718, 2, 58, 22980
2026/05/21 21:44:10.719, 3, 58, 22980
2026/05/21 21:44:10.719, 4, 48, 22980
2026/05/21 21:44:10.719, 5, 34, 19552
2026/05/21 21:44:10.719, 6, 35, 19542
2026/05/21 21:44:10.720, 7, 41, 13696
2026/05/21 21:44:11.338, 0, 41, 23942
2026/05/21 21:44:11.339, 1, 42, 22980
2026/05/21 21:44:11.340, 2, 58, 22980
2026/05/21 21:44:11.340, 3, 58, 22980
2026/05/21 21:44:11.341, 4, 43, 22980
2026/05/21 21:44:11.342, 5, 35, 19552
2026/05/21 21:44:11.342, 6, 34, 19542
2026/05/21 21:44:11.343, 7, 42, 13696
2026/05/21 21:44:11.933, 0, 58, 23942
2026/05/21 21:44:11.934, 1, 58, 22980
2026/05/21 21:44:11.934, 2, 47, 22980
2026/05/21 21:44:11.934, 3, 57, 22980
2026/05/21 21:44:11.934, 4, 53, 22980
2026/05/21 21:44:11.934, 5, 49, 19552
2026/05/21 21:44:11.935, 6, 34, 19542
2026/05/21 21:44:11.935, 7, 34, 13696
2026/05/21 21:44:12.509, 0, 38, 23942
2026/05/21 21:44:12.509, 1, 36, 22980
2026/05/21 21:44:12.510, 2, 42, 22980
2026/05/21 21:44:12.511, 3, 42, 22980
2026/05/21 21:44:12.511, 4, 49, 22980
2026/05/21 21:44:12.512, 5, 30, 19552
2026/05/21 21:44:12.512, 6, 29, 19542
2026/05/21 21:44:12.513, 7, 29, 13696
2026/05/21 21:44:13.089, 0, 51, 23942
2026/05/21 21:44:13.089, 1, 52, 22980
2026/05/21 21:44:13.090, 2, 58, 22980
2026/05/21 21:44:13.090, 3, 56, 22980
2026/05/21 21:44:13.090, 4, 42, 22980
2026/05/21 21:44:13.091, 5, 42, 19552
2026/05/21 21:44:13.091, 6, 35, 19542
2026/05/21 21:44:13.091, 7, 39, 13696
2026/05/21 21:44:13.703, 0, 58, 23942
2026/05/21 21:44:13.703, 1, 58, 22980
2026/05/21 21:44:13.703, 2, 53, 22980
2026/05/21 21:44:13.704, 3, 45, 22980
2026/05/21 21:44:13.704, 4, 48, 22980
2026/05/21 21:44:13.704, 5, 48, 19552
2026/05/21 21:44:13.704, 6, 42, 19542
2026/05/21 21:44:13.704, 7, 34, 13696
2026/05/21 21:44:14.275, 0, 47, 23942
2026/05/21 21:44:14.275, 1, 51, 22980
2026/05/21 21:44:14.275, 2, 42, 22980
2026/05/21 21:44:14.275, 3, 42, 22980
2026/05/21 21:44:14.276, 4, 57, 22980
2026/05/21 21:44:14.276, 5, 44, 19552
2026/05/21 21:44:14.276, 6, 48, 19542
2026/05/21 21:44:14.276, 7, 48, 13696
2026/05/21 21:44:14.843, 0, 41, 23942
2026/05/21 21:44:14.843, 1, 42, 22980
2026/05/21 21:44:14.843, 2, 52, 22980
2026/05/21 21:44:14.843, 3, 58, 22980
2026/05/21 21:44:14.844, 4, 42, 22980
2026/05/21 21:44:14.844, 5, 35, 19552
2026/05/21 21:44:14.844, 6, 42, 19542
2026/05/21 21:44:14.844, 7, 45, 13696
2026/05/21 21:44:15.467, 0, 54, 23942
2026/05/21 21:44:15.468, 1, 54, 22980
2026/05/21 21:44:15.468, 2, 58, 22980
2026/05/21 21:44:15.468, 3, 59, 22980
2026/05/21 21:44:15.468, 4, 42, 22980
2026/05/21 21:44:15.469, 5, 44, 19552
2026/05/21 21:44:15.469, 6, 34, 19542
2026/05/21 21:44:15.469, 7, 42, 13696
2026/05/21 21:44:16.078, 0, 58, 23942
2026/05/21 21:44:16.079, 1, 58, 22980
2026/05/21 21:44:16.079, 2, 49, 22980
2026/05/21 21:44:16.079, 3, 42, 22980
2026/05/21 21:44:16.080, 4, 50, 22980
2026/05/21 21:44:16.080, 5, 48, 19552
2026/05/21 21:44:16.080, 6, 34, 19542
2026/05/21 21:44:16.081, 7, 40, 13696
2026/05/21 21:44:16.709, 0, 58, 23942
2026/05/21 21:44:16.710, 1, 58, 22980
2026/05/21 21:44:16.711, 2, 42, 22980
2026/05/21 21:44:16.711, 3, 42, 22980
2026/05/21 21:44:16.711, 4, 58, 22980
2026/05/21 21:44:16.712, 5, 48, 19552
2026/05/21 21:44:16.713, 6, 48, 19542
2026/05/21 21:44:16.713, 7, 36, 13696
2026/05/21 21:44:17.310, 0, 41, 23942
2026/05/21 21:44:17.311, 1, 42, 22980
2026/05/21 21:44:17.311, 2, 42, 22980
2026/05/21 21:44:17.311, 3, 50, 22980
2026/05/21 21:44:17.311, 4, 49, 22980
2026/05/21 21:44:17.311, 5, 35, 19552
2026/05/21 21:44:17.312, 6, 48, 19542
2026/05/21 21:44:17.312, 7, 46, 13696
2026/05/21 21:44:17.909, 0, 46, 23942
2026/05/21 21:44:17.909, 1, 46, 22980
2026/05/21 21:44:17.909, 2, 58, 22980
2026/05/21 21:44:17.909, 3, 58, 22980
2026/05/21 21:44:17.909, 4, 42, 22980
2026/05/21 21:44:17.910, 5, 37, 19552
2026/05/21 21:44:17.910, 6, 35, 19542
2026/05/21 21:44:17.910, 7, 44, 13696
2026/05/21 21:44:18.507, 0, 58, 23942
2026/05/21 21:44:18.508, 1, 58, 22980
2026/05/21 21:44:18.508, 2, 54, 22980
2026/05/21 21:44:18.508, 3, 46, 22980
2026/05/21 21:44:18.509, 4, 58, 22980
2026/05/21 21:44:18.509, 5, 49, 19552
2026/05/21 21:44:18.509, 6, 41, 19542
2026/05/21 21:44:18.509, 7, 41, 13696
2026/05/21 21:44:19.138, 0, 43, 23942
2026/05/21 21:44:19.138, 1, 48, 22980
2026/05/21 21:44:19.138, 2, 43, 22980
2026/05/21 21:44:19.139, 3, 43, 22980
2026/05/21 21:44:19.139, 4, 57, 22980
2026/05/21 21:44:19.139, 5, 42, 19552
2026/05/21 21:44:19.139, 6, 47, 19542
2026/05/21 21:44:19.140, 7, 34, 13696
