timestamp,index,utilization.gpu [%],memory.used [MiB],memory.free [MiB]
2026/05/23 06:32:02.321, 0, 0, 0, 32495
2026/05/23 06:32:02.322, 1, 0, 0, 32495
2026/05/23 06:32:02.322, 2, 0, 0, 32495
2026/05/23 06:32:02.323, 3, 0, 0, 32495
2026/05/23 06:32:02.323, 4, 0, 0, 32495
2026/05/23 06:32:02.324, 5, 0, 0, 32495
2026/05/23 06:32:02.325, 6, 0, 0, 32495
2026/05/23 06:32:02.325, 7, 0, 0, 32495
2026/05/23 06:32:04.204, 0, 0, 16, 32479
2026/05/23 06:32:04.209, 1, 0, 16, 32479
2026/05/23 06:32:04.211, 2, 0, 16, 32479
2026/05/23 06:32:04.214, 3, 0, 16, 32479
2026/05/23 06:32:04.215, 4, 0, 16, 32479
2026/05/23 06:32:04.216, 5, 0, 16, 32479
2026/05/23 06:32:04.219, 6, 0, 16, 32479
2026/05/23 06:32:04.225, 7, 0, 16, 32479
2026/05/23 06:32:05.361, 0, 1, 312, 32183
2026/05/23 06:32:05.362, 1, 1, 20812, 11683
2026/05/23 06:32:05.363, 2, 0, 312, 32183
2026/05/23 06:32:05.366, 3, 0, 20812, 11683
2026/05/23 06:32:05.367, 4, 1, 20812, 11683
2026/05/23 06:32:05.368, 5, 1, 17406, 15089
2026/05/23 06:32:05.369, 6, 1, 17386, 15109
2026/05/23 06:32:05.374, 7, 1, 11582, 20913
2026/05/23 06:32:06.472, 0, 2, 21794, 10701
2026/05/23 06:32:06.472, 1, 2, 20812, 11683
2026/05/23 06:32:06.472, 2, 2, 20812, 11683
2026/05/23 06:32:06.473, 3, 2, 20812, 11683
2026/05/23 06:32:06.473, 4, 2, 20812, 11683
2026/05/23 06:32:06.473, 5, 2, 17406, 15089
2026/05/23 06:32:06.474, 6, 2, 17386, 15109
2026/05/23 06:32:06.474, 7, 2, 11582, 20913
2026/05/23 06:32:07.576, 0, 2, 21794, 10701
2026/05/23 06:32:07.576, 1, 2, 20812, 11683
2026/05/23 06:32:07.576, 2, 2, 20812, 11683
2026/05/23 06:32:07.577, 3, 2, 20812, 11683
2026/05/23 06:32:07.577, 4, 2, 20812, 11683
2026/05/23 06:32:07.577, 5, 2, 17406, 15089
2026/05/23 06:32:07.577, 6, 2, 17386, 15109
2026/05/23 06:32:07.577, 7, 2, 11582, 20913
2026/05/23 06:32:08.676, 0, 2, 21794, 10701
2026/05/23 06:32:08.677, 1, 2, 20812, 11683
2026/05/23 06:32:08.677, 2, 2, 20812, 11683
2026/05/23 06:32:08.677, 3, 2, 20812, 11683
2026/05/23 06:32:08.677, 4, 2, 20812, 11683
2026/05/23 06:32:08.677, 5, 2, 17406, 15089
2026/05/23 06:32:08.678, 6, 3, 17386, 15109
2026/05/23 06:32:08.678, 7, 2, 11582, 20913
2026/05/23 06:32:09.761, 0, 2, 21794, 10701
2026/05/23 06:32:09.761, 1, 2, 20812, 11683
2026/05/23 06:32:09.762, 2, 2, 20812, 11683
2026/05/23 06:32:09.762, 3, 2, 20812, 11683
2026/05/23 06:32:09.762, 4, 2, 20812, 11683
2026/05/23 06:32:09.762, 5, 2, 17406, 15089
2026/05/23 06:32:09.763, 6, 2, 17386, 15109
2026/05/23 06:32:09.763, 7, 2, 11582, 20913
2026/05/23 06:32:10.858, 0, 2, 21794, 10701
2026/05/23 06:32:10.859, 1, 3, 20812, 11683
2026/05/23 06:32:10.859, 2, 2, 20812, 11683
2026/05/23 06:32:10.860, 3, 2, 20812, 11683
2026/05/23 06:32:10.860, 4, 3, 20812, 11683
2026/05/23 06:32:10.861, 5, 2, 17406, 15089
2026/05/23 06:32:10.861, 6, 3, 17386, 15109
2026/05/23 06:32:10.862, 7, 2, 11582, 20913
2026/05/23 06:32:11.966, 0, 2, 21794, 10701
2026/05/23 06:32:11.966, 1, 3, 20812, 11683
2026/05/23 06:32:11.967, 2, 2, 20812, 11683
2026/05/23 06:32:11.967, 3, 2, 20812, 11683
2026/05/23 06:32:11.968, 4, 3, 20812, 11683
2026/05/23 06:32:11.968, 5, 2, 17406, 15089
2026/05/23 06:32:11.968, 6, 3, 17386, 15109
2026/05/23 06:32:11.969, 7, 3, 11582, 20913
2026/05/23 06:32:13.057, 0, 2, 21794, 10701
2026/05/23 06:32:13.057, 1, 2, 20812, 11683
2026/05/23 06:32:13.058, 2, 2, 20812, 11683
2026/05/23 06:32:13.058, 3, 2, 20812, 11683
2026/05/23 06:32:13.058, 4, 3, 20812, 11683
2026/05/23 06:32:13.058, 5, 2, 17406, 15089
2026/05/23 06:32:13.059, 6, 3, 17386, 15109
2026/05/23 06:32:13.059, 7, 3, 11582, 20913
2026/05/23 06:32:14.126, 0, 3, 21794, 10701
2026/05/23 06:32:14.126, 1, 2, 20812, 11683
2026/05/23 06:32:14.127, 2, 2, 20812, 11683
2026/05/23 06:32:14.127, 3, 2, 20812, 11683
2026/05/23 06:32:14.127, 4, 3, 20812, 11683
2026/05/23 06:32:14.127, 5, 2, 17406, 15089
2026/05/23 06:32:14.128, 6, 3, 17386, 15109
2026/05/23 06:32:14.128, 7, 3, 11582, 20913
2026/05/23 06:32:15.216, 0, 28, 21794, 10701
2026/05/23 06:32:15.217, 1, 3, 20812, 11683
2026/05/23 06:32:15.217, 2, 2, 20812, 11683
2026/05/23 06:32:15.218, 3, 2, 20812, 11683
2026/05/23 06:32:15.218, 4, 2, 20812, 11683
2026/05/23 06:32:15.218, 5, 2, 17406, 15089
2026/05/23 06:32:15.219, 6, 2, 17386, 15109
2026/05/23 06:32:15.219, 7, 2, 11582, 20913
2026/05/23 06:32:16.324, 0, 2, 21794, 10701
2026/05/23 06:32:16.324, 1, 2, 20812, 11683
2026/05/23 06:32:16.324, 2, 2, 20812, 11683
2026/05/23 06:32:16.325, 3, 2, 20812, 11683
2026/05/23 06:32:16.325, 4, 2, 20812, 11683
2026/05/23 06:32:16.325, 5, 2, 17406, 15089
2026/05/23 06:32:16.325, 6, 2, 17386, 15109
2026/05/23 06:32:16.325, 7, 2, 11582, 20913
2026/05/23 06:32:17.449, 0, 3, 21794, 10701
2026/05/23 06:32:17.450, 1, 3, 20812, 11683
2026/05/23 06:32:17.450, 2, 2, 20812, 11683
2026/05/23 06:32:17.450, 3, 3, 20812, 11683
2026/05/23 06:32:17.450, 4, 3, 20812, 11683
2026/05/23 06:32:17.450, 5, 2, 17406, 15089
2026/05/23 06:32:17.451, 6, 3, 17386, 15109
2026/05/23 06:32:17.451, 7, 2, 11582, 20913
2026/05/23 06:32:18.533, 0, 3, 21794, 10701
2026/05/23 06:32:18.534, 1, 3, 20812, 11683
2026/05/23 06:32:18.534, 2, 2, 20812, 11683
2026/05/23 06:32:18.534, 3, 3, 20812, 11683
2026/05/23 06:32:18.534, 4, 3, 20812, 11683
2026/05/23 06:32:18.535, 5, 2, 17406, 15089
2026/05/23 06:32:18.535, 6, 3, 17386, 15109
2026/05/23 06:32:18.535, 7, 3, 11582, 20913
2026/05/23 06:32:19.659, 0, 3, 21794, 10701
2026/05/23 06:32:19.659, 1, 2, 20812, 11683
2026/05/23 06:32:19.659, 2, 2, 20812, 11683
2026/05/23 06:32:19.660, 3, 2, 20812, 11683
2026/05/23 06:32:19.660, 4, 3, 20812, 11683
2026/05/23 06:32:19.660, 5, 2, 17406, 15089
2026/05/23 06:32:19.660, 6, 3, 17386, 15109
2026/05/23 06:32:19.661, 7, 3, 11582, 20913
2026/05/23 06:32:20.730, 0, 3, 21794, 10701
2026/05/23 06:32:20.730, 1, 3, 20812, 11683
2026/05/23 06:32:20.730, 2, 3, 20812, 11683
2026/05/23 06:32:20.730, 3, 3, 20812, 11683
2026/05/23 06:32:20.731, 4, 3, 20812, 11683
2026/05/23 06:32:20.731, 5, 2, 17406, 15089
2026/05/23 06:32:20.731, 6, 3, 17386, 15109
2026/05/23 06:32:20.731, 7, 3, 11582, 20913
2026/05/23 06:32:21.813, 0, 2, 21794, 10701
2026/05/23 06:32:21.813, 1, 2, 20812, 11683
2026/05/23 06:32:21.814, 2, 2, 20812, 11683
2026/05/23 06:32:21.814, 3, 2, 20812, 11683
2026/05/23 06:32:21.814, 4, 2, 20812, 11683
2026/05/23 06:32:21.814, 5, 2, 17406, 15089
2026/05/23 06:32:21.814, 6, 2, 17386, 15109
2026/05/23 06:32:21.815, 7, 2, 11582, 20913
2026/05/23 06:32:22.931, 0, 3, 21794, 10701
2026/05/23 06:32:22.931, 1, 2, 20812, 11683
2026/05/23 06:32:22.931, 2, 2, 20812, 11683
2026/05/23 06:32:22.932, 3, 2, 20812, 11683
2026/05/23 06:32:22.932, 4, 2, 20812, 11683
2026/05/23 06:32:22.932, 5, 2, 17406, 15089
2026/05/23 06:32:22.933, 6, 12, 17386, 15109
2026/05/23 06:32:22.933, 7, 3, 11582, 20913
2026/05/23 06:32:24.047, 0, 2, 21794, 10701
2026/05/23 06:32:24.047, 1, 2, 20812, 11683
2026/05/23 06:32:24.047, 2, 2, 20812, 11683
2026/05/23 06:32:24.048, 3, 2, 20812, 11683
2026/05/23 06:32:24.048, 4, 2, 20812, 11683
2026/05/23 06:32:24.048, 5, 2, 17406, 15089
2026/05/23 06:32:24.049, 6, 2, 17386, 15109
2026/05/23 06:32:24.049, 7, 2, 11582, 20913
2026/05/23 06:32:25.161, 0, 2, 21794, 10701
2026/05/23 06:32:25.161, 1, 2, 20812, 11683
2026/05/23 06:32:25.161, 2, 2, 20812, 11683
2026/05/23 06:32:25.162, 3, 2, 20812, 11683
2026/05/23 06:32:25.162, 4, 2, 20812, 11683
2026/05/23 06:32:25.162, 5, 2, 17406, 15089
2026/05/23 06:32:25.162, 6, 2, 17386, 15109
2026/05/23 06:32:25.162, 7, 2, 11582, 20913
2026/05/23 06:32:26.251, 0, 3, 21794, 10701
2026/05/23 06:32:26.251, 1, 13, 20812, 11683
2026/05/23 06:32:26.252, 2, 3, 20812, 11683
2026/05/23 06:32:26.252, 3, 3, 20812, 11683
2026/05/23 06:32:26.252, 4, 3, 20812, 11683
2026/05/23 06:32:26.252, 5, 2, 17406, 15089
2026/05/23 06:32:26.252, 6, 4, 17386, 15109
2026/05/23 06:32:26.253, 7, 3, 11582, 20913
2026/05/23 06:32:27.363, 0, 2, 21794, 10701
2026/05/23 06:32:27.364, 1, 2, 20812, 11683
2026/05/23 06:32:27.364, 2, 2, 20812, 11683
2026/05/23 06:32:27.364, 3, 2, 20812, 11683
2026/05/23 06:32:27.365, 4, 5, 20812, 11683
2026/05/23 06:32:27.365, 5, 2, 17406, 15089
2026/05/23 06:32:27.365, 6, 2, 17386, 15109
2026/05/23 06:32:27.365, 7, 2, 11582, 20913
2026/05/23 06:32:28.477, 0, 2, 21794, 10701
2026/05/23 06:32:28.477, 1, 2, 20812, 11683
2026/05/23 06:32:28.478, 2, 2, 20812, 11683
2026/05/23 06:32:28.478, 3, 2, 20812, 11683
2026/05/23 06:32:28.479, 4, 5, 20812, 11683
2026/05/23 06:32:28.479, 5, 3, 17406, 15089
2026/05/23 06:32:28.479, 6, 2, 17386, 15109
2026/05/23 06:32:28.480, 7, 1, 11582, 20913
2026/05/23 06:32:29.621, 0, 2, 21794, 10701
2026/05/23 06:32:29.621, 1, 2, 20812, 11683
2026/05/23 06:32:29.622, 2, 2, 20812, 11683
2026/05/23 06:32:29.622, 3, 2, 20812, 11683
2026/05/23 06:32:29.622, 4, 1, 20812, 11683
2026/05/23 06:32:29.622, 5, 2, 17406, 15089
2026/05/23 06:32:29.623, 6, 2, 17386, 15109
2026/05/23 06:32:29.623, 7, 1, 11582, 20913
2026/05/23 06:32:30.733, 0, 5, 21794, 10701
2026/05/23 06:32:30.733, 1, 4, 20812, 11683
2026/05/23 06:32:30.734, 2, 3, 20812, 11683
2026/05/23 06:32:30.734, 3, 3, 20812, 11683
2026/05/23 06:32:30.734, 4, 2, 20812, 11683
2026/05/23 06:32:30.734, 5, 3, 17406, 15089
2026/05/23 06:32:30.735, 6, 19, 17386, 15109
2026/05/23 06:32:30.735, 7, 3, 11582, 20913
2026/05/23 06:32:31.824, 0, 3, 21794, 10701
2026/05/23 06:32:31.825, 1, 2, 20812, 11683
2026/05/23 06:32:31.825, 2, 2, 20812, 11683
2026/05/23 06:32:31.826, 3, 3, 20812, 11683
2026/05/23 06:32:31.826, 4, 3, 20812, 11683
2026/05/23 06:32:31.826, 5, 3, 17406, 15089
2026/05/23 06:32:31.827, 6, 15, 17386, 15109
2026/05/23 06:32:31.827, 7, 2, 11582, 20913
2026/05/23 06:32:32.894, 0, 3, 21794, 10701
2026/05/23 06:32:32.895, 1, 1, 20812, 11683
2026/05/23 06:32:32.895, 2, 2, 20812, 11683
2026/05/23 06:32:32.895, 3, 2, 20812, 11683
2026/05/23 06:32:32.896, 4, 2, 20812, 11683
2026/05/23 06:32:32.896, 5, 2, 17406, 15089
2026/05/23 06:32:32.896, 6, 2, 17386, 15109
2026/05/23 06:32:32.897, 7, 2, 11582, 20913
2026/05/23 06:32:34.028, 0, 10, 21794, 10701
2026/05/23 06:32:34.029, 1, 5, 20812, 11683
2026/05/23 06:32:34.029, 2, 2, 20812, 11683
2026/05/23 06:32:34.029, 3, 2, 20812, 11683
2026/05/23 06:32:34.029, 4, 2, 20812, 11683
2026/05/23 06:32:34.030, 5, 2, 17406, 15089
2026/05/23 06:32:34.030, 6, 5, 17386, 15109
2026/05/23 06:32:34.031, 7, 2, 11582, 20913
2026/05/23 06:32:35.153, 0, 10, 21794, 10701
2026/05/23 06:32:35.153, 1, 3, 20812, 11683
2026/05/23 06:32:35.153, 2, 2, 20812, 11683
2026/05/23 06:32:35.154, 3, 3, 20812, 11683
2026/05/23 06:32:35.154, 4, 2, 20812, 11683
2026/05/23 06:32:35.154, 5, 3, 17406, 15089
2026/05/23 06:32:35.154, 6, 8, 17386, 15109
2026/05/23 06:32:35.155, 7, 3, 11582, 20913
2026/05/23 06:32:36.246, 0, 2, 21794, 10701
2026/05/23 06:32:36.247, 1, 2, 20812, 11683
2026/05/23 06:32:36.247, 2, 2, 20812, 11683
2026/05/23 06:32:36.247, 3, 3, 20812, 11683
2026/05/23 06:32:36.247, 4, 1, 20812, 11683
2026/05/23 06:32:36.248, 5, 2, 17406, 15089
2026/05/23 06:32:36.248, 6, 7, 17508, 14987
2026/05/23 06:32:36.248, 7, 2, 11582, 20913
2026/05/23 06:32:37.363, 0, 2, 21794, 10701
2026/05/23 06:32:37.363, 1, 2, 20812, 11683
2026/05/23 06:32:37.364, 2, 2, 20812, 11683
2026/05/23 06:32:37.364, 3, 2, 20812, 11683
2026/05/23 06:32:37.364, 4, 1, 20812, 11683
2026/05/23 06:32:37.365, 5, 3, 17406, 15089
2026/05/23 06:32:37.365, 6, 0, 17508, 14987
2026/05/23 06:32:37.366, 7, 1, 11582, 20913
2026/05/23 06:32:38.479, 0, 3, 21794, 10701
2026/05/23 06:32:38.480, 1, 1, 20812, 11683
2026/05/23 06:32:38.480, 2, 2, 20812, 11683
2026/05/23 06:32:38.480, 3, 3, 20812, 11683
2026/05/23 06:32:38.480, 4, 3, 20812, 11683
2026/05/23 06:32:38.481, 5, 3, 17406, 15089
2026/05/23 06:32:38.481, 6, 0, 17508, 14987
2026/05/23 06:32:38.481, 7, 1, 11582, 20913
2026/05/23 06:32:39.568, 0, 3, 21794, 10701
2026/05/23 06:32:39.569, 1, 4, 20812, 11683
2026/05/23 06:32:39.569, 2, 2, 20812, 11683
2026/05/23 06:32:39.569, 3, 3, 20812, 11683
2026/05/23 06:32:39.569, 4, 4, 20812, 11683
2026/05/23 06:32:39.570, 5, 3, 17406, 15089
2026/05/23 06:32:39.570, 6, 0, 17508, 14987
2026/05/23 06:32:39.570, 7, 4, 11582, 20913
2026/05/23 06:32:40.659, 0, 15, 21794, 10701
2026/05/23 06:32:40.660, 1, 3, 20812, 11683
2026/05/23 06:32:40.660, 2, 3, 20812, 11683
2026/05/23 06:32:40.660, 3, 3, 20812, 11683
2026/05/23 06:32:40.661, 4, 3, 20812, 11683
2026/05/23 06:32:40.661, 5, 3, 17406, 15089
2026/05/23 06:32:40.661, 6, 0, 17508, 14987
2026/05/23 06:32:40.662, 7, 2, 11582, 20913
2026/05/23 06:32:41.772, 0, 13, 21794, 10701
2026/05/23 06:32:41.772, 1, 3, 20812, 11683
2026/05/23 06:32:41.773, 2, 3, 20812, 11683
2026/05/23 06:32:41.773, 3, 3, 20812, 11683
2026/05/23 06:32:41.773, 4, 2, 20812, 11683
2026/05/23 06:32:41.774, 5, 3, 17406, 15089
2026/05/23 06:32:41.774, 6, 0, 17508, 14987
2026/05/23 06:32:41.774, 7, 2, 11582, 20913
2026/05/23 06:32:42.880, 0, 3, 21794, 10701
2026/05/23 06:32:42.880, 1, 2, 20812, 11683
2026/05/23 06:32:42.881, 2, 3, 20812, 11683
2026/05/23 06:32:42.881, 3, 3, 20812, 11683
2026/05/23 06:32:42.881, 4, 3, 20812, 11683
2026/05/23 06:32:42.881, 5, 3, 17406, 15089
2026/05/23 06:32:42.882, 6, 0, 17508, 14987
2026/05/23 06:32:42.882, 7, 3, 11582, 20913
2026/05/23 06:32:44.078, 0, 0, 21794, 10701
2026/05/23 06:32:44.078, 1, 1, 20812, 11683
2026/05/23 06:32:44.078, 2, 2, 20812, 11683
2026/05/23 06:32:44.079, 3, 1, 20812, 11683
2026/05/23 06:32:44.079, 4, 2, 20812, 11683
2026/05/23 06:32:44.079, 5, 1, 17406, 15089
2026/05/23 06:32:44.079, 6, 0, 17508, 14987
2026/05/23 06:32:44.079, 7, 1, 11582, 20913
2026/05/23 06:32:45.204, 0, 8, 21794, 10701
2026/05/23 06:32:45.205, 1, 2, 20812, 11683
2026/05/23 06:32:45.205, 2, 2, 20812, 11683
2026/05/23 06:32:45.205, 3, 2, 20812, 11683
2026/05/23 06:32:45.205, 4, 2, 20812, 11683
2026/05/23 06:32:45.205, 5, 2, 17406, 15089
2026/05/23 06:32:45.206, 6, 0, 17508, 14987
2026/05/23 06:32:45.206, 7, 2, 11582, 20913
2026/05/23 06:32:46.333, 0, 3, 21794, 10701
2026/05/23 06:32:46.334, 1, 3, 20812, 11683
2026/05/23 06:32:46.334, 2, 3, 20812, 11683
2026/05/23 06:32:46.334, 3, 3, 20812, 11683
2026/05/23 06:32:46.335, 4, 3, 20812, 11683
2026/05/23 06:32:46.335, 5, 3, 17406, 15089
2026/05/23 06:32:46.335, 6, 0, 17508, 14987
2026/05/23 06:32:46.335, 7, 0, 11648, 20847
2026/05/23 06:32:47.475, 0, 3, 21794, 10701
2026/05/23 06:32:47.475, 1, 3, 20812, 11683
2026/05/23 06:32:47.476, 2, 3, 20812, 11683
2026/05/23 06:32:47.476, 3, 3, 20812, 11683
2026/05/23 06:32:47.476, 4, 3, 20812, 11683
2026/05/23 06:32:47.477, 5, 3, 17406, 15089
2026/05/23 06:32:47.477, 6, 0, 17508, 14987
2026/05/23 06:32:47.478, 7, 0, 11648, 20847
2026/05/23 06:32:48.615, 0, 4, 21794, 10701
2026/05/23 06:32:48.615, 1, 7, 20812, 11683
2026/05/23 06:32:48.616, 2, 3, 20812, 11683
2026/05/23 06:32:48.616, 3, 3, 20812, 11683
2026/05/23 06:32:48.616, 4, 3, 20812, 11683
2026/05/23 06:32:48.617, 5, 4, 17406, 15089
2026/05/23 06:32:48.617, 6, 0, 17508, 14987
2026/05/23 06:32:48.617, 7, 0, 11648, 20847
2026/05/23 06:32:49.734, 0, 4, 21794, 10701
2026/05/23 06:32:49.734, 1, 27, 20812, 11683
2026/05/23 06:32:49.735, 2, 3, 20812, 11683
2026/05/23 06:32:49.735, 3, 3, 20812, 11683
2026/05/23 06:32:49.736, 4, 3, 20812, 11683
2026/05/23 06:32:49.736, 5, 3, 17406, 15089
2026/05/23 06:32:49.736, 6, 0, 17508, 14987
2026/05/23 06:32:49.737, 7, 0, 11648, 20847
2026/05/23 06:32:50.835, 0, 18, 21794, 10701
2026/05/23 06:32:50.836, 1, 4, 20812, 11683
2026/05/23 06:32:50.837, 2, 3, 20812, 11683
2026/05/23 06:32:50.837, 3, 4, 20812, 11683
2026/05/23 06:32:50.838, 4, 2, 20812, 11683
2026/05/23 06:32:50.839, 5, 3, 17406, 15089
2026/05/23 06:32:50.839, 6, 0, 17508, 14987
2026/05/23 06:32:50.840, 7, 0, 11648, 20847
2026/05/23 06:32:51.948, 0, 26, 21794, 10701
2026/05/23 06:32:51.948, 1, 3, 20812, 11683
2026/05/23 06:32:51.949, 2, 3, 20812, 11683
2026/05/23 06:32:51.949, 3, 3, 20812, 11683
2026/05/23 06:32:51.949, 4, 3, 20812, 11683
2026/05/23 06:32:51.950, 5, 3, 17406, 15089
2026/05/23 06:32:51.950, 6, 0, 17508, 14987
2026/05/23 06:32:51.951, 7, 0, 11648, 20847
2026/05/23 06:32:53.080, 0, 0, 21904, 10591
2026/05/23 06:32:53.081, 1, 0, 20950, 11545
2026/05/23 06:32:53.081, 2, 3, 20812, 11683
2026/05/23 06:32:53.082, 3, 3, 20812, 11683
2026/05/23 06:32:53.082, 4, 3, 20812, 11683
2026/05/23 06:32:53.083, 5, 3, 17406, 15089
2026/05/23 06:32:53.083, 6, 0, 17508, 14987
2026/05/23 06:32:53.083, 7, 0, 11648, 20847
2026/05/23 06:32:54.177, 0, 0, 21904, 10591
2026/05/23 06:32:54.177, 1, 0, 20950, 11545
2026/05/23 06:32:54.177, 2, 3, 20812, 11683
2026/05/23 06:32:54.178, 3, 3, 20812, 11683
2026/05/23 06:32:54.178, 4, 3, 20812, 11683
2026/05/23 06:32:54.178, 5, 3, 17406, 15089
2026/05/23 06:32:54.178, 6, 0, 17508, 14987
2026/05/23 06:32:54.178, 7, 0, 11648, 20847
2026/05/23 06:32:55.269, 0, 0, 21904, 10591
2026/05/23 06:32:55.269, 1, 0, 20950, 11545
2026/05/23 06:32:55.270, 2, 3, 20812, 11683
2026/05/23 06:32:55.270, 3, 3, 20812, 11683
2026/05/23 06:32:55.270, 4, 3, 20812, 11683
2026/05/23 06:32:55.270, 5, 2, 17406, 15089
2026/05/23 06:32:55.271, 6, 0, 17508, 14987
2026/05/23 06:32:55.271, 7, 0, 11648, 20847
2026/05/23 06:32:56.402, 0, 0, 21904, 10591
2026/05/23 06:32:56.402, 1, 0, 20950, 11545
2026/05/23 06:32:56.402, 2, 3, 20812, 11683
2026/05/23 06:32:56.403, 3, 3, 20812, 11683
2026/05/23 06:32:56.403, 4, 3, 20812, 11683
2026/05/23 06:32:56.403, 5, 3, 17406, 15089
2026/05/23 06:32:56.403, 6, 0, 17508, 14987
2026/05/23 06:32:56.404, 7, 0, 11648, 20847
2026/05/23 06:32:57.532, 0, 0, 21904, 10591
2026/05/23 06:32:57.532, 1, 0, 20950, 11545
2026/05/23 06:32:57.532, 2, 3, 20812, 11683
2026/05/23 06:32:57.533, 3, 3, 20812, 11683
2026/05/23 06:32:57.533, 4, 3, 20812, 11683
2026/05/23 06:32:57.533, 5, 3, 17406, 15089
2026/05/23 06:32:57.533, 6, 0, 17508, 14987
2026/05/23 06:32:57.534, 7, 0, 11648, 20847
2026/05/23 06:32:58.670, 0, 0, 21904, 10591
2026/05/23 06:32:58.671, 1, 0, 20950, 11545
2026/05/23 06:32:58.671, 2, 3, 20812, 11683
2026/05/23 06:32:58.671, 3, 7, 20812, 11683
2026/05/23 06:32:58.671, 4, 4, 20812, 11683
2026/05/23 06:32:58.672, 5, 3, 17406, 15089
2026/05/23 06:32:58.672, 6, 0, 17508, 14987
2026/05/23 06:32:58.672, 7, 0, 11648, 20847
2026/05/23 06:32:59.804, 0, 0, 21904, 10591
2026/05/23 06:32:59.805, 1, 0, 20950, 11545
2026/05/23 06:32:59.805, 2, 3, 20812, 11683
2026/05/23 06:32:59.805, 3, 2, 20812, 11683
2026/05/23 06:32:59.805, 4, 3, 20812, 11683
2026/05/23 06:32:59.806, 5, 3, 17406, 15089
2026/05/23 06:32:59.806, 6, 0, 17508, 14987
2026/05/23 06:32:59.806, 7, 0, 11648, 20847
2026/05/23 06:33:00.918, 0, 0, 21904, 10591
2026/05/23 06:33:00.918, 1, 0, 20950, 11545
2026/05/23 06:33:00.919, 2, 3, 20812, 11683
2026/05/23 06:33:00.919, 3, 4, 20812, 11683
2026/05/23 06:33:00.919, 4, 4, 20812, 11683
2026/05/23 06:33:00.919, 5, 25, 17406, 15089
2026/05/23 06:33:00.920, 6, 0, 17508, 14987
2026/05/23 06:33:00.920, 7, 0, 11648, 20847
2026/05/23 06:33:02.014, 0, 0, 21904, 10591
2026/05/23 06:33:02.015, 1, 0, 20950, 11545
2026/05/23 06:33:02.015, 2, 3, 20812, 11683
2026/05/23 06:33:02.015, 3, 4, 20812, 11683
2026/05/23 06:33:02.015, 4, 4, 20812, 11683
2026/05/23 06:33:02.016, 5, 0, 17516, 14979
2026/05/23 06:33:02.016, 6, 0, 17508, 14987
2026/05/23 06:33:02.016, 7, 0, 11648, 20847
2026/05/23 06:33:03.126, 0, 0, 21904, 10591
2026/05/23 06:33:03.126, 1, 0, 20950, 11545
2026/05/23 06:33:03.127, 2, 3, 20812, 11683
2026/05/23 06:33:03.127, 3, 3, 20812, 11683
2026/05/23 06:33:03.127, 4, 4, 20812, 11683
2026/05/23 06:33:03.127, 5, 0, 17516, 14979
2026/05/23 06:33:03.128, 6, 0, 17508, 14987
2026/05/23 06:33:03.128, 7, 0, 11648, 20847
2026/05/23 06:33:04.238, 0, 0, 21904, 10591
2026/05/23 06:33:04.238, 1, 0, 20950, 11545
2026/05/23 06:33:04.239, 2, 4, 20812, 11683
2026/05/23 06:33:04.239, 3, 4, 20812, 11683
2026/05/23 06:33:04.239, 4, 3, 20812, 11683
2026/05/23 06:33:04.239, 5, 0, 17516, 14979
2026/05/23 06:33:04.240, 6, 0, 17508, 14987
2026/05/23 06:33:04.240, 7, 0, 11648, 20847
2026/05/23 06:33:05.370, 0, 0, 21904, 10591
2026/05/23 06:33:05.370, 1, 0, 20950, 11545
2026/05/23 06:33:05.371, 2, 4, 20812, 11683
2026/05/23 06:33:05.371, 3, 4, 20812, 11683
2026/05/23 06:33:05.371, 4, 3, 20812, 11683
2026/05/23 06:33:05.371, 5, 0, 17516, 14979
2026/05/23 06:33:05.371, 6, 0, 17508, 14987
2026/05/23 06:33:05.372, 7, 0, 11648, 20847
2026/05/23 06:33:06.475, 0, 0, 21904, 10591
2026/05/23 06:33:06.475, 1, 0, 20950, 11545
2026/05/23 06:33:06.475, 2, 4, 20812, 11683
2026/05/23 06:33:06.475, 3, 17, 20812, 11683
2026/05/23 06:33:06.476, 4, 4, 20812, 11683
2026/05/23 06:33:06.476, 5, 0, 17516, 14979
2026/05/23 06:33:06.476, 6, 0, 17508, 14987
2026/05/23 06:33:06.477, 7, 0, 11648, 20847
2026/05/23 06:33:07.590, 0, 0, 21904, 10591
2026/05/23 06:33:07.590, 1, 0, 20950, 11545
2026/05/23 06:33:07.590, 2, 4, 20812, 11683
2026/05/23 06:33:07.590, 3, 0, 20950, 11545
2026/05/23 06:33:07.591, 4, 4, 20812, 11683
2026/05/23 06:33:07.591, 5, 0, 17516, 14979
2026/05/23 06:33:07.591, 6, 0, 17508, 14987
2026/05/23 06:33:07.591, 7, 0, 11648, 20847
2026/05/23 06:33:08.712, 0, 0, 21904, 10591
2026/05/23 06:33:08.713, 1, 0, 20950, 11545
2026/05/23 06:33:08.713, 2, 4, 20812, 11683
2026/05/23 06:33:08.713, 3, 0, 20950, 11545
2026/05/23 06:33:08.713, 4, 4, 20812, 11683
2026/05/23 06:33:08.713, 5, 0, 17516, 14979
2026/05/23 06:33:08.714, 6, 0, 17508, 14987
2026/05/23 06:33:08.714, 7, 0, 11648, 20847
2026/05/23 06:33:09.862, 0, 0, 21904, 10591
2026/05/23 06:33:09.863, 1, 0, 20950, 11545
2026/05/23 06:33:09.864, 2, 4, 20812, 11683
2026/05/23 06:33:09.864, 3, 0, 20950, 11545
2026/05/23 06:33:09.865, 4, 1, 20950, 11545
2026/05/23 06:33:09.865, 5, 0, 17516, 14979
2026/05/23 06:33:09.866, 6, 0, 17508, 14987
2026/05/23 06:33:09.866, 7, 0, 11648, 20847
2026/05/23 06:33:10.957, 0, 0, 21904, 10591
2026/05/23 06:33:10.957, 1, 0, 20950, 11545
2026/05/23 06:33:10.958, 2, 4, 20812, 11683
2026/05/23 06:33:10.958, 3, 0, 20950, 11545
2026/05/23 06:33:10.959, 4, 0, 20950, 11545
2026/05/23 06:33:10.959, 5, 0, 17516, 14979
2026/05/23 06:33:10.959, 6, 0, 17508, 14987
2026/05/23 06:33:10.960, 7, 0, 11648, 20847
2026/05/23 06:33:12.096, 0, 0, 21904, 10591
2026/05/23 06:33:12.096, 1, 0, 20950, 11545
2026/05/23 06:33:12.096, 2, 4, 20812, 11683
2026/05/23 06:33:12.097, 3, 0, 20950, 11545
2026/05/23 06:33:12.097, 4, 0, 20950, 11545
2026/05/23 06:33:12.098, 5, 0, 17516, 14979
2026/05/23 06:33:12.098, 6, 0, 17508, 14987
2026/05/23 06:33:12.099, 7, 0, 11648, 20847
2026/05/23 06:33:13.191, 0, 0, 21904, 10591
2026/05/23 06:33:13.192, 1, 0, 20950, 11545
2026/05/23 06:33:13.192, 2, 5, 20812, 11683
2026/05/23 06:33:13.192, 3, 0, 20950, 11545
2026/05/23 06:33:13.192, 4, 0, 20950, 11545
2026/05/23 06:33:13.193, 5, 0, 17516, 14979
2026/05/23 06:33:13.193, 6, 0, 17508, 14987
2026/05/23 06:33:13.193, 7, 0, 11648, 20847
2026/05/23 06:33:14.271, 0, 0, 21904, 10591
2026/05/23 06:33:14.271, 1, 0, 20950, 11545
2026/05/23 06:33:14.272, 2, 3, 20812, 11683
2026/05/23 06:33:14.272, 3, 0, 20950, 11545
2026/05/23 06:33:14.273, 4, 0, 20950, 11545
2026/05/23 06:33:14.273, 5, 0, 17516, 14979
2026/05/23 06:33:14.273, 6, 0, 17508, 14987
2026/05/23 06:33:14.274, 7, 0, 11648, 20847
2026/05/23 06:33:15.373, 0, 13, 23852, 8643
2026/05/23 06:33:15.373, 1, 0, 20952, 11543
2026/05/23 06:33:15.374, 2, 0, 20952, 11543
2026/05/23 06:33:15.374, 3, 0, 20952, 11543
2026/05/23 06:33:15.374, 4, 0, 20952, 11543
2026/05/23 06:33:15.375, 5, 0, 17518, 14977
2026/05/23 06:33:15.375, 6, 0, 17510, 14985
2026/05/23 06:33:15.376, 7, 0, 11650, 20845
2026/05/23 06:33:16.516, 0, 46, 24124, 8371
2026/05/23 06:33:16.516, 1, 0, 23168, 9327
2026/05/23 06:33:16.516, 2, 0, 23168, 9327
2026/05/23 06:33:16.516, 3, 2, 23168, 9327
2026/05/23 06:33:16.517, 4, 2, 23168, 9327
2026/05/23 06:33:16.517, 5, 1, 19734, 12761
2026/05/23 06:33:16.517, 6, 19, 19728, 12767
2026/05/23 06:33:16.518, 7, 1, 13868, 18627
2026/05/23 06:33:17.615, 0, 89, 24124, 8371
2026/05/23 06:33:17.616, 1, 84, 23168, 9327
2026/05/23 06:33:17.616, 2, 84, 23168, 9327
2026/05/23 06:33:17.616, 3, 86, 23168, 9327
2026/05/23 06:33:17.617, 4, 85, 23168, 9327
2026/05/23 06:33:17.617, 5, 52, 19734, 12761
2026/05/23 06:33:17.618, 6, 60, 19728, 12767
2026/05/23 06:33:17.618, 7, 33, 13868, 18627
2026/05/23 06:33:18.714, 0, 80, 24124, 8371
2026/05/23 06:33:18.715, 1, 65, 23168, 9327
2026/05/23 06:33:18.715, 2, 64, 23168, 9327
2026/05/23 06:33:18.715, 3, 63, 23168, 9327
2026/05/23 06:33:18.716, 4, 63, 23168, 9327
2026/05/23 06:33:18.716, 5, 52, 19734, 12761
2026/05/23 06:33:18.717, 6, 50, 19728, 12767
2026/05/23 06:33:18.717, 7, 31, 13868, 18627
2026/05/23 06:33:19.809, 0, 78, 24124, 8371
2026/05/23 06:33:19.810, 1, 64, 23168, 9327
2026/05/23 06:33:19.810, 2, 68, 23168, 9327
2026/05/23 06:33:19.810, 3, 63, 23168, 9327
2026/05/23 06:33:19.811, 4, 62, 23168, 9327
2026/05/23 06:33:19.811, 5, 53, 19734, 12761
2026/05/23 06:33:19.811, 6, 71, 19728, 12767
2026/05/23 06:33:19.811, 7, 43, 13868, 18627
2026/05/23 06:33:20.924, 0, 86, 24124, 8371
2026/05/23 06:33:20.924, 1, 73, 23168, 9327
2026/05/23 06:33:20.924, 2, 88, 23168, 9327
2026/05/23 06:33:20.925, 3, 62, 23168, 9327
2026/05/23 06:33:20.925, 4, 62, 23168, 9327
2026/05/23 06:33:20.925, 5, 51, 19734, 12761
2026/05/23 06:33:20.925, 6, 73, 19728, 12767
2026/05/23 06:33:20.926, 7, 31, 13868, 18627
2026/05/23 06:33:22.040, 0, 77, 24124, 8371
2026/05/23 06:33:22.040, 1, 31, 23168, 9327
2026/05/23 06:33:22.041, 2, 32, 23168, 9327
2026/05/23 06:33:22.041, 3, 30, 23168, 9327
2026/05/23 06:33:22.041, 4, 31, 23168, 9327
2026/05/23 06:33:22.042, 5, 26, 19734, 12761
2026/05/23 06:33:22.042, 6, 51, 19728, 12767
2026/05/23 06:33:22.043, 7, 47, 13868, 18627
2026/05/23 06:33:23.160, 0, 44, 24124, 8371
2026/05/23 06:33:23.160, 1, 80, 23168, 9327
2026/05/23 06:33:23.160, 2, 61, 23168, 9327
2026/05/23 06:33:23.161, 3, 80, 23168, 9327
2026/05/23 06:33:23.161, 4, 69, 23168, 9327
2026/05/23 06:33:23.161, 5, 69, 19734, 12761
2026/05/23 06:33:23.161, 6, 25, 19728, 12767
2026/05/23 06:33:23.162, 7, 43, 13868, 18627
2026/05/23 06:33:24.286, 0, 60, 24124, 8371
2026/05/23 06:33:24.287, 1, 67, 23168, 9327
2026/05/23 06:33:24.287, 2, 66, 23168, 9327
2026/05/23 06:33:24.287, 3, 31, 23168, 9327
2026/05/23 06:33:24.288, 4, 62, 23168, 9327
2026/05/23 06:33:24.288, 5, 25, 19734, 12761
2026/05/23 06:33:24.288, 6, 23, 19728, 12767
2026/05/23 06:33:24.288, 7, 50, 13868, 18627
2026/05/23 06:33:25.400, 0, 46, 24124, 8371
2026/05/23 06:33:25.400, 1, 27, 23168, 9327
2026/05/23 06:33:25.401, 2, 32, 23168, 9327
2026/05/23 06:33:25.401, 3, 28, 23168, 9327
2026/05/23 06:33:25.401, 4, 36, 23168, 9327
2026/05/23 06:33:25.401, 5, 20, 19734, 12761
2026/05/23 06:33:25.402, 6, 24, 19728, 12767
2026/05/23 06:33:25.402, 7, 47, 13868, 18627
2026/05/23 06:33:26.495, 0, 23, 24124, 8371
2026/05/23 06:33:26.496, 1, 37, 23168, 9327
2026/05/23 06:33:26.496, 2, 42, 23168, 9327
2026/05/23 06:33:26.496, 3, 55, 23168, 9327
2026/05/23 06:33:26.496, 4, 24, 23168, 9327
2026/05/23 06:33:26.497, 5, 30, 19734, 12761
2026/05/23 06:33:26.497, 6, 36, 19728, 12767
2026/05/23 06:33:26.497, 7, 53, 13868, 18627
2026/05/23 06:33:27.619, 0, 0, 24124, 8371
2026/05/23 06:33:27.619, 1, 48, 23168, 9327
2026/05/23 06:33:27.620, 2, 35, 23168, 9327
2026/05/23 06:33:27.621, 3, 27, 23168, 9327
2026/05/23 06:33:27.621, 4, 61, 23168, 9327
2026/05/23 06:33:27.622, 5, 41, 19734, 12761
2026/05/23 06:33:27.623, 6, 16, 19728, 12767
2026/05/23 06:33:27.623, 7, 60, 13868, 18627
2026/05/23 06:33:28.720, 0, 0, 24124, 8371
2026/05/23 06:33:28.721, 1, 0, 23168, 9327
2026/05/23 06:33:28.721, 2, 0, 23168, 9327
2026/05/23 06:33:28.721, 3, 0, 23168, 9327
2026/05/23 06:33:28.721, 4, 0, 23168, 9327
2026/05/23 06:33:28.722, 5, 0, 19734, 12761
2026/05/23 06:33:28.722, 6, 0, 19728, 12767
2026/05/23 06:33:28.722, 7, 0, 13868, 18627
2026/05/23 06:33:29.809, 0, 0, 24124, 8371
2026/05/23 06:33:29.810, 1, 0, 23168, 9327
2026/05/23 06:33:29.810, 2, 0, 23168, 9327
2026/05/23 06:33:29.810, 3, 0, 23168, 9327
2026/05/23 06:33:29.810, 4, 0, 23168, 9327
2026/05/23 06:33:29.810, 5, 0, 19734, 12761
2026/05/23 06:33:29.811, 6, 0, 19728, 12767
2026/05/23 06:33:29.811, 7, 0, 13868, 18627
2026/05/23 06:33:30.898, 0, 0, 24124, 8371
2026/05/23 06:33:30.899, 1, 0, 23168, 9327
2026/05/23 06:33:30.899, 2, 0, 23168, 9327
2026/05/23 06:33:30.899, 3, 0, 23168, 9327
2026/05/23 06:33:30.899, 4, 0, 23168, 9327
2026/05/23 06:33:30.900, 5, 0, 19734, 12761
2026/05/23 06:33:30.900, 6, 0, 19728, 12767
2026/05/23 06:33:30.900, 7, 0, 13868, 18627
2026/05/23 06:33:32.007, 0, 0, 24124, 8371
2026/05/23 06:33:32.008, 1, 0, 23168, 9327
2026/05/23 06:33:32.008, 2, 0, 23168, 9327
2026/05/23 06:33:32.008, 3, 0, 23168, 9327
2026/05/23 06:33:32.008, 4, 0, 23168, 9327
2026/05/23 06:33:32.009, 5, 0, 19734, 12761
2026/05/23 06:33:32.009, 6, 0, 19728, 12767
2026/05/23 06:33:32.009, 7, 0, 13868, 18627
2026/05/23 06:33:33.703, 0, 100, 0, 32495
2026/05/23 06:33:33.703, 1, 100, 0, 32495
2026/05/23 06:33:33.704, 2, 100, 0, 32495
2026/05/23 06:33:33.704, 3, 100, 0, 32495
2026/05/23 06:33:33.704, 4, 100, 0, 32495
2026/05/23 06:33:33.705, 5, 100, 0, 32495
2026/05/23 06:33:33.705, 6, 53, 0, 32495
2026/05/23 06:33:33.706, 7, 0, 0, 32495
