2026/05/21 14:40:18.232, 0, 0, 0
2026/05/21 14:40:18.233, 1, 0, 0
2026/05/21 14:40:18.233, 2, 0, 0
2026/05/21 14:40:18.233, 3, 0, 0
2026/05/21 14:40:18.234, 4, 0, 0
2026/05/21 14:40:18.234, 5, 0, 0
2026/05/21 14:40:18.234, 6, 0, 0
2026/05/21 14:40:18.235, 7, 0, 0
2026/05/21 14:40:18.869, 0, 2, 4
2026/05/21 14:40:18.871, 1, 1, 4
2026/05/21 14:40:18.872, 2, 1, 4
2026/05/21 14:40:18.875, 3, 1, 4
2026/05/21 14:40:18.875, 4, 1, 4
2026/05/21 14:40:18.877, 5, 0, 4
2026/05/21 14:40:18.878, 6, 0, 4
2026/05/21 14:40:18.879, 7, 0, 4
2026/05/21 14:40:19.965, 0, 0, 16
2026/05/21 14:40:19.970, 1, 0, 16
2026/05/21 14:40:19.972, 2, 1, 16
2026/05/21 14:40:19.986, 3, 0, 16
2026/05/21 14:40:19.997, 4, 0, 16
2026/05/21 14:40:20.008, 5, 0, 16
2026/05/21 14:40:20.017, 6, 0, 16
2026/05/21 14:40:20.020, 7, 0, 16
2026/05/21 14:40:20.735, 0, 0, 62
2026/05/21 14:40:20.736, 1, 1, 312
2026/05/21 14:40:20.736, 2, 1, 20812
2026/05/21 14:40:20.738, 3, 0, 312
2026/05/21 14:40:20.741, 4, 0, 30
2026/05/21 14:40:20.741, 5, 1, 62
2026/05/21 14:40:20.742, 6, 0, 312
2026/05/21 14:40:20.742, 7, 1, 312
2026/05/21 14:40:21.353, 0, 11, 21794
2026/05/21 14:40:21.353, 1, 3, 20812
2026/05/21 14:40:21.354, 2, 2, 20812
2026/05/21 14:40:21.354, 3, 3, 20812
2026/05/21 14:40:21.354, 4, 3, 20812
2026/05/21 14:40:21.354, 5, 2, 17406
2026/05/21 14:40:21.355, 6, 15, 17386
2026/05/21 14:40:21.355, 7, 16, 11582
2026/05/21 14:40:21.944, 0, 2, 21794
2026/05/21 14:40:21.944, 1, 3, 20812
2026/05/21 14:40:21.944, 2, 2, 20812
2026/05/21 14:40:21.945, 3, 2, 20812
2026/05/21 14:40:21.945, 4, 3, 20812
2026/05/21 14:40:21.945, 5, 2, 17406
2026/05/21 14:40:21.945, 6, 3, 17386
2026/05/21 14:40:21.946, 7, 15, 11582
2026/05/21 14:40:22.532, 0, 29, 21794
2026/05/21 14:40:22.532, 1, 4, 20812
2026/05/21 14:40:22.532, 2, 3, 20812
2026/05/21 14:40:22.533, 3, 3, 20812
2026/05/21 14:40:22.533, 4, 3, 20812
2026/05/21 14:40:22.533, 5, 16, 17406
2026/05/21 14:40:22.533, 6, 18, 17386
2026/05/21 14:40:22.533, 7, 1, 11582
2026/05/21 14:40:23.122, 0, 28, 21794
2026/05/21 14:40:23.123, 1, 4, 20812
2026/05/21 14:40:23.123, 2, 3, 20812
2026/05/21 14:40:23.123, 3, 3, 20812
2026/05/21 14:40:23.123, 4, 4, 20812
2026/05/21 14:40:23.123, 5, 23, 17406
2026/05/21 14:40:23.124, 6, 27, 17386
2026/05/21 14:40:23.124, 7, 2, 11582
2026/05/21 14:40:23.748, 0, 29, 21794
2026/05/21 14:40:23.748, 1, 4, 20812
2026/05/21 14:40:23.749, 2, 2, 20812
2026/05/21 14:40:23.749, 3, 3, 20812
2026/05/21 14:40:23.749, 4, 4, 20812
2026/05/21 14:40:23.749, 5, 21, 17406
2026/05/21 14:40:23.750, 6, 25, 17386
2026/05/21 14:40:23.750, 7, 3, 11582
2026/05/21 14:40:24.344, 0, 28, 21794
2026/05/21 14:40:24.344, 1, 3, 20812
2026/05/21 14:40:24.344, 2, 3, 20812
2026/05/21 14:40:24.344, 3, 3, 20812
2026/05/21 14:40:24.345, 4, 3, 20812
2026/05/21 14:40:24.345, 5, 3, 17406
2026/05/21 14:40:24.345, 6, 22, 17386
2026/05/21 14:40:24.345, 7, 1, 11582
2026/05/21 14:40:24.940, 0, 29, 21794
2026/05/21 14:40:24.940, 1, 3, 20812
2026/05/21 14:40:24.940, 2, 2, 20812
2026/05/21 14:40:24.941, 3, 2, 20812
2026/05/21 14:40:24.941, 4, 4, 20812
2026/05/21 14:40:24.941, 5, 19, 17406
2026/05/21 14:40:24.941, 6, 27, 17386
2026/05/21 14:40:24.942, 7, 3, 11582
2026/05/21 14:40:25.566, 0, 29, 21794
2026/05/21 14:40:25.567, 1, 4, 20812
2026/05/21 14:40:25.567, 2, 7, 20812
2026/05/21 14:40:25.567, 3, 3, 20812
2026/05/21 14:40:25.567, 4, 4, 20812
2026/05/21 14:40:25.568, 5, 14, 17406
2026/05/21 14:40:25.568, 6, 7, 17386
2026/05/21 14:40:25.568, 7, 3, 11582
2026/05/21 14:40:26.164, 0, 31, 21794
2026/05/21 14:40:26.164, 1, 4, 20812
2026/05/21 14:40:26.165, 2, 3, 20812
2026/05/21 14:40:26.165, 3, 3, 20812
2026/05/21 14:40:26.166, 4, 4, 20812
2026/05/21 14:40:26.166, 5, 10, 17406
2026/05/21 14:40:26.166, 6, 4, 17386
2026/05/21 14:40:26.167, 7, 3, 11582
2026/05/21 14:40:26.771, 0, 27, 21794
2026/05/21 14:40:26.772, 1, 3, 20812
2026/05/21 14:40:26.772, 2, 1, 20812
2026/05/21 14:40:26.772, 3, 2, 20812
2026/05/21 14:40:26.773, 4, 3, 20812
2026/05/21 14:40:26.773, 5, 7, 17406
2026/05/21 14:40:26.773, 6, 3, 17386
2026/05/21 14:40:26.774, 7, 6, 11582
2026/05/21 14:40:27.404, 0, 28, 21794
2026/05/21 14:40:27.404, 1, 3, 20812
2026/05/21 14:40:27.405, 2, 1, 20812
2026/05/21 14:40:27.405, 3, 2, 20812
2026/05/21 14:40:27.406, 4, 3, 20812
2026/05/21 14:40:27.407, 5, 12, 17406
2026/05/21 14:40:27.407, 6, 3, 17386
2026/05/21 14:40:27.407, 7, 2, 11582
2026/05/21 14:40:28.022, 0, 24, 21794
2026/05/21 14:40:28.022, 1, 3, 20812
2026/05/21 14:40:28.023, 2, 2, 20812
2026/05/21 14:40:28.023, 3, 2, 20812
2026/05/21 14:40:28.023, 4, 3, 20812
2026/05/21 14:40:28.023, 5, 18, 17406
2026/05/21 14:40:28.024, 6, 2, 17386
2026/05/21 14:40:28.024, 7, 2, 11582
2026/05/21 14:40:28.648, 0, 4, 21794
2026/05/21 14:40:28.649, 1, 2, 20812
2026/05/21 14:40:28.649, 2, 2, 20812
2026/05/21 14:40:28.649, 3, 2, 20812
2026/05/21 14:40:28.649, 4, 2, 20812
2026/05/21 14:40:28.650, 5, 4, 17406
2026/05/21 14:40:28.650, 6, 2, 17386
2026/05/21 14:40:28.650, 7, 2, 11582
2026/05/21 14:40:29.239, 0, 22, 21794
2026/05/21 14:40:29.240, 1, 3, 20812
2026/05/21 14:40:29.240, 2, 2, 20812
2026/05/21 14:40:29.241, 3, 2, 20812
2026/05/21 14:40:29.241, 4, 3, 20812
2026/05/21 14:40:29.241, 5, 3, 17406
2026/05/21 14:40:29.242, 6, 2, 17386
2026/05/21 14:40:29.242, 7, 2, 11582
2026/05/21 14:40:29.809, 0, 6, 21794
2026/05/21 14:40:29.810, 1, 24, 20812
2026/05/21 14:40:29.810, 2, 3, 20812
2026/05/21 14:40:29.810, 3, 3, 20812
2026/05/21 14:40:29.810, 4, 3, 20812
2026/05/21 14:40:29.810, 5, 3, 17406
2026/05/21 14:40:29.811, 6, 2, 17386
2026/05/21 14:40:29.811, 7, 2, 11582
2026/05/21 14:40:30.438, 0, 1, 22226
2026/05/21 14:40:30.438, 1, 22, 20812
2026/05/21 14:40:30.439, 2, 3, 20812
2026/05/21 14:40:30.439, 3, 2, 20812
2026/05/21 14:40:30.439, 4, 3, 20812
2026/05/21 14:40:30.440, 5, 2, 17406
2026/05/21 14:40:30.441, 6, 2, 17386
2026/05/21 14:40:30.441, 7, 2, 11582
2026/05/21 14:40:31.015, 0, 0, 22226
2026/05/21 14:40:31.015, 1, 20, 20812
2026/05/21 14:40:31.015, 2, 3, 20812
2026/05/21 14:40:31.016, 3, 3, 20812
2026/05/21 14:40:31.016, 4, 3, 20812
2026/05/21 14:40:31.016, 5, 3, 17406
2026/05/21 14:40:31.016, 6, 2, 17386
2026/05/21 14:40:31.017, 7, 3, 11582
2026/05/21 14:40:31.650, 0, 0, 22226
2026/05/21 14:40:31.651, 1, 1, 20812
2026/05/21 14:40:31.651, 2, 3, 20812
2026/05/21 14:40:31.651, 3, 3, 20812
2026/05/21 14:40:31.651, 4, 2, 20812
2026/05/21 14:40:31.652, 5, 3, 17406
2026/05/21 14:40:31.652, 6, 2, 17386
2026/05/21 14:40:31.652, 7, 2, 11582
2026/05/21 14:40:32.224, 0, 0, 22226
2026/05/21 14:40:32.224, 1, 2, 20812
2026/05/21 14:40:32.225, 2, 2, 20812
2026/05/21 14:40:32.225, 3, 3, 20812
2026/05/21 14:40:32.225, 4, 3, 20812
2026/05/21 14:40:32.225, 5, 2, 17406
2026/05/21 14:40:32.225, 6, 2, 17386
2026/05/21 14:40:32.226, 7, 2, 11582
2026/05/21 14:40:32.852, 0, 0, 22226
2026/05/21 14:40:32.852, 1, 2, 20812
2026/05/21 14:40:32.852, 2, 3, 20812
2026/05/21 14:40:32.853, 3, 2, 20812
2026/05/21 14:40:32.853, 4, 3, 20812
2026/05/21 14:40:32.853, 5, 3, 17406
2026/05/21 14:40:32.853, 6, 10, 17386
2026/05/21 14:40:32.854, 7, 2, 11582
2026/05/21 14:40:33.424, 0, 0, 22226
2026/05/21 14:40:33.425, 1, 2, 20812
2026/05/21 14:40:33.425, 2, 2, 20812
2026/05/21 14:40:33.425, 3, 3, 20812
2026/05/21 14:40:33.425, 4, 8, 20812
2026/05/21 14:40:33.426, 5, 3, 17406
2026/05/21 14:40:33.426, 6, 2, 17386
2026/05/21 14:40:33.426, 7, 2, 11582
2026/05/21 14:40:34.029, 0, 0, 22226
2026/05/21 14:40:34.029, 1, 2, 20812
2026/05/21 14:40:34.030, 2, 3, 20812
2026/05/21 14:40:34.030, 3, 4, 20812
2026/05/21 14:40:34.030, 4, 14, 20812
2026/05/21 14:40:34.030, 5, 3, 17406
2026/05/21 14:40:34.030, 6, 8, 17386
2026/05/21 14:40:34.031, 7, 3, 11582
2026/05/21 14:40:34.645, 0, 0, 22226
2026/05/21 14:40:34.645, 1, 3, 20812
2026/05/21 14:40:34.645, 2, 3, 20812
2026/05/21 14:40:34.646, 3, 3, 20812
2026/05/21 14:40:34.646, 4, 4, 20812
2026/05/21 14:40:34.646, 5, 3, 17406
2026/05/21 14:40:34.647, 6, 18, 17386
2026/05/21 14:40:34.647, 7, 3, 11582
2026/05/21 14:40:35.280, 0, 0, 22226
2026/05/21 14:40:35.281, 1, 2, 20812
2026/05/21 14:40:35.281, 2, 2, 20812
2026/05/21 14:40:35.281, 3, 3, 20812
2026/05/21 14:40:35.282, 4, 1, 20812
2026/05/21 14:40:35.282, 5, 3, 17406
2026/05/21 14:40:35.282, 6, 16, 17386
2026/05/21 14:40:35.282, 7, 1, 11582
2026/05/21 14:40:35.918, 0, 0, 22226
2026/05/21 14:40:35.918, 1, 3, 20812
2026/05/21 14:40:35.919, 2, 3, 20812
2026/05/21 14:40:35.919, 3, 3, 20812
2026/05/21 14:40:35.919, 4, 3, 20812
2026/05/21 14:40:35.920, 5, 4, 17406
2026/05/21 14:40:35.920, 6, 15, 17386
2026/05/21 14:40:35.920, 7, 2, 11582
2026/05/21 14:40:36.506, 0, 0, 22226
2026/05/21 14:40:36.506, 1, 18, 20812
2026/05/21 14:40:36.507, 2, 4, 20812
2026/05/21 14:40:36.507, 3, 11, 20812
2026/05/21 14:40:36.508, 4, 8, 20812
2026/05/21 14:40:36.508, 5, 3, 17406
2026/05/21 14:40:36.509, 6, 12, 17716
2026/05/21 14:40:36.509, 7, 1, 11582
2026/05/21 14:40:37.127, 0, 0, 22226
2026/05/21 14:40:37.127, 1, 1, 20812
2026/05/21 14:40:37.128, 2, 3, 20812
2026/05/21 14:40:37.128, 3, 9, 20812
2026/05/21 14:40:37.128, 4, 4, 20812
2026/05/21 14:40:37.129, 5, 3, 17406
2026/05/21 14:40:37.129, 6, 0, 17866
2026/05/21 14:40:37.129, 7, 2, 11582
2026/05/21 14:40:37.738, 0, 0, 22226
2026/05/21 14:40:37.739, 1, 16, 20812
2026/05/21 14:40:37.739, 2, 4, 20812
2026/05/21 14:40:37.739, 3, 10, 20812
2026/05/21 14:40:37.740, 4, 4, 20812
2026/05/21 14:40:37.740, 5, 4, 17406
2026/05/21 14:40:37.740, 6, 0, 17866
2026/05/21 14:40:37.741, 7, 1, 11582
2026/05/21 14:40:38.350, 0, 0, 22226
2026/05/21 14:40:38.350, 1, 4, 20812
2026/05/21 14:40:38.350, 2, 4, 20812
2026/05/21 14:40:38.350, 3, 12, 20812
2026/05/21 14:40:38.351, 4, 3, 20812
2026/05/21 14:40:38.351, 5, 3, 17406
2026/05/21 14:40:38.351, 6, 0, 17866
2026/05/21 14:40:38.351, 7, 1, 11582
2026/05/21 14:40:38.957, 0, 0, 22226
2026/05/21 14:40:38.958, 1, 4, 20812
2026/05/21 14:40:38.958, 2, 4, 20812
2026/05/21 14:40:38.958, 3, 3, 20812
2026/05/21 14:40:38.958, 4, 4, 20812
2026/05/21 14:40:38.959, 5, 3, 17406
2026/05/21 14:40:38.959, 6, 0, 17866
2026/05/21 14:40:38.959, 7, 1, 11582
2026/05/21 14:40:39.533, 0, 0, 22226
2026/05/21 14:40:39.533, 1, 3, 20812
2026/05/21 14:40:39.533, 2, 4, 20812
2026/05/21 14:40:39.534, 3, 3, 20812
2026/05/21 14:40:39.534, 4, 3, 20812
2026/05/21 14:40:39.534, 5, 3, 17406
2026/05/21 14:40:39.534, 6, 0, 17866
2026/05/21 14:40:39.534, 7, 2, 11582
2026/05/21 14:40:40.131, 0, 0, 22226
2026/05/21 14:40:40.132, 1, 10, 20812
2026/05/21 14:40:40.132, 2, 4, 20812
2026/05/21 14:40:40.132, 3, 3, 20812
2026/05/21 14:40:40.132, 4, 3, 20812
2026/05/21 14:40:40.132, 5, 2, 17406
2026/05/21 14:40:40.133, 6, 0, 17866
2026/05/21 14:40:40.133, 7, 3, 11582
2026/05/21 14:40:40.746, 0, 0, 22226
2026/05/21 14:40:40.746, 1, 4, 20812
2026/05/21 14:40:40.747, 2, 3, 20812
2026/05/21 14:40:40.747, 3, 3, 20812
2026/05/21 14:40:40.747, 4, 3, 20812
2026/05/21 14:40:40.748, 5, 3, 17406
2026/05/21 14:40:40.748, 6, 0, 17866
2026/05/21 14:40:40.748, 7, 1, 11582
2026/05/21 14:40:41.367, 0, 0, 22226
2026/05/21 14:40:41.368, 1, 3, 20812
2026/05/21 14:40:41.368, 2, 3, 20812
2026/05/21 14:40:41.369, 3, 3, 20812
2026/05/21 14:40:41.369, 4, 3, 20812
2026/05/21 14:40:41.369, 5, 3, 17406
2026/05/21 14:40:41.370, 6, 0, 17866
2026/05/21 14:40:41.370, 7, 3, 11582
2026/05/21 14:40:41.977, 0, 0, 22226
2026/05/21 14:40:41.978, 1, 3, 20812
2026/05/21 14:40:41.978, 2, 3, 20812
2026/05/21 14:40:41.979, 3, 3, 20812
2026/05/21 14:40:41.980, 4, 3, 20812
2026/05/21 14:40:41.980, 5, 3, 17406
2026/05/21 14:40:41.981, 6, 0, 17866
2026/05/21 14:40:41.982, 7, 3, 11582
2026/05/21 14:40:42.590, 0, 0, 22226
2026/05/21 14:40:42.590, 1, 4, 20812
2026/05/21 14:40:42.591, 2, 3, 20812
2026/05/21 14:40:42.591, 3, 3, 20812
2026/05/21 14:40:42.591, 4, 3, 20812
2026/05/21 14:40:42.591, 5, 3, 17406
2026/05/21 14:40:42.592, 6, 0, 17866
2026/05/21 14:40:42.592, 7, 3, 11582
2026/05/21 14:40:43.192, 0, 0, 22226
2026/05/21 14:40:43.192, 1, 3, 20812
2026/05/21 14:40:43.193, 2, 3, 20812
2026/05/21 14:40:43.193, 3, 3, 20812
2026/05/21 14:40:43.193, 4, 3, 20812
2026/05/21 14:40:43.193, 5, 3, 17406
2026/05/21 14:40:43.194, 6, 0, 17866
2026/05/21 14:40:43.194, 7, 3, 11582
2026/05/21 14:40:43.792, 0, 0, 22226
2026/05/21 14:40:43.793, 1, 4, 20812
2026/05/21 14:40:43.793, 2, 3, 20812
2026/05/21 14:40:43.793, 3, 3, 20812
2026/05/21 14:40:43.793, 4, 4, 20812
2026/05/21 14:40:43.793, 5, 3, 17406
2026/05/21 14:40:43.794, 6, 0, 17866
2026/05/21 14:40:43.794, 7, 1, 11582
2026/05/21 14:40:44.382, 0, 0, 22226
2026/05/21 14:40:44.383, 1, 3, 20812
2026/05/21 14:40:44.384, 2, 3, 20812
2026/05/21 14:40:44.384, 3, 4, 20812
2026/05/21 14:40:44.385, 4, 12, 20812
2026/05/21 14:40:44.386, 5, 4, 17406
2026/05/21 14:40:44.386, 6, 0, 17866
2026/05/21 14:40:44.387, 7, 2, 11582
2026/05/21 14:40:44.968, 0, 0, 22226
2026/05/21 14:40:44.968, 1, 3, 20812
2026/05/21 14:40:44.968, 2, 3, 20812
2026/05/21 14:40:44.969, 3, 13, 20812
2026/05/21 14:40:44.969, 4, 3, 20812
2026/05/21 14:40:44.969, 5, 3, 17406
2026/05/21 14:40:44.969, 6, 0, 17866
2026/05/21 14:40:44.970, 7, 3, 11582
2026/05/21 14:40:45.585, 0, 0, 22226
2026/05/21 14:40:45.586, 1, 8, 20812
2026/05/21 14:40:45.586, 2, 3, 20812
2026/05/21 14:40:45.586, 3, 3, 20812
2026/05/21 14:40:45.587, 4, 3, 20812
2026/05/21 14:40:45.587, 5, 3, 17406
2026/05/21 14:40:45.587, 6, 0, 17866
2026/05/21 14:40:45.587, 7, 1, 11582
2026/05/21 14:40:46.184, 0, 0, 22226
2026/05/21 14:40:46.184, 1, 5, 20812
2026/05/21 14:40:46.185, 2, 3, 20812
2026/05/21 14:40:46.185, 3, 3, 20812
2026/05/21 14:40:46.185, 4, 3, 20812
2026/05/21 14:40:46.185, 5, 3, 17406
2026/05/21 14:40:46.186, 6, 0, 17866
2026/05/21 14:40:46.186, 7, 1, 11582
2026/05/21 14:40:46.775, 0, 0, 22226
2026/05/21 14:40:46.776, 1, 1, 20812
2026/05/21 14:40:46.776, 2, 3, 20812
2026/05/21 14:40:46.776, 3, 3, 20812
2026/05/21 14:40:46.777, 4, 2, 20812
2026/05/21 14:40:46.777, 5, 3, 17406
2026/05/21 14:40:46.777, 6, 0, 17866
2026/05/21 14:40:46.777, 7, 3, 11582
2026/05/21 14:40:47.372, 0, 0, 22226
2026/05/21 14:40:47.372, 1, 2, 20812
2026/05/21 14:40:47.372, 2, 4, 20812
2026/05/21 14:40:47.373, 3, 3, 20812
2026/05/21 14:40:47.373, 4, 4, 20812
2026/05/21 14:40:47.373, 5, 26, 17406
2026/05/21 14:40:47.373, 6, 0, 17866
2026/05/21 14:40:47.373, 7, 3, 11582
2026/05/21 14:40:47.986, 0, 0, 22226
2026/05/21 14:40:47.987, 1, 1, 20812
2026/05/21 14:40:47.987, 2, 3, 20812
2026/05/21 14:40:47.988, 3, 4, 20812
2026/05/21 14:40:47.988, 4, 3, 20812
2026/05/21 14:40:47.988, 5, 0, 17836
2026/05/21 14:40:47.989, 6, 0, 17866
2026/05/21 14:40:47.989, 7, 2, 11582
2026/05/21 14:40:48.571, 0, 0, 22226
2026/05/21 14:40:48.572, 1, 3, 20812
2026/05/21 14:40:48.572, 2, 6, 20812
2026/05/21 14:40:48.572, 3, 4, 20812
2026/05/21 14:40:48.573, 4, 4, 20812
2026/05/21 14:40:48.573, 5, 0, 17836
2026/05/21 14:40:48.573, 6, 0, 17866
2026/05/21 14:40:48.574, 7, 1, 11582
2026/05/21 14:40:49.200, 0, 0, 22226
2026/05/21 14:40:49.200, 1, 1, 20812
2026/05/21 14:40:49.201, 2, 6, 20812
2026/05/21 14:40:49.201, 3, 3, 20812
2026/05/21 14:40:49.202, 4, 4, 20812
2026/05/21 14:40:49.202, 5, 0, 17836
2026/05/21 14:40:49.202, 6, 0, 17866
2026/05/21 14:40:49.203, 7, 1, 11582
2026/05/21 14:40:49.814, 0, 0, 22226
2026/05/21 14:40:49.815, 1, 3, 20812
2026/05/21 14:40:49.816, 2, 7, 20812
2026/05/21 14:40:49.816, 3, 3, 20812
2026/05/21 14:40:49.817, 4, 3, 20812
2026/05/21 14:40:49.817, 5, 0, 17836
2026/05/21 14:40:49.818, 6, 0, 17866
2026/05/21 14:40:49.819, 7, 3, 11582
2026/05/21 14:40:50.440, 0, 0, 22226
2026/05/21 14:40:50.441, 1, 1, 20812
2026/05/21 14:40:50.441, 2, 4, 20812
2026/05/21 14:40:50.441, 3, 3, 20812
2026/05/21 14:40:50.441, 4, 3, 20812
2026/05/21 14:40:50.442, 5, 0, 17836
2026/05/21 14:40:50.442, 6, 0, 17866
2026/05/21 14:40:50.442, 7, 2, 11582
2026/05/21 14:40:51.041, 0, 0, 22226
2026/05/21 14:40:51.042, 1, 2, 20812
2026/05/21 14:40:51.043, 2, 3, 20812
2026/05/21 14:40:51.043, 3, 3, 20812
2026/05/21 14:40:51.043, 4, 4, 20812
2026/05/21 14:40:51.044, 5, 0, 17836
2026/05/21 14:40:51.044, 6, 0, 17866
2026/05/21 14:40:51.045, 7, 2, 11582
2026/05/21 14:40:51.657, 0, 0, 22226
2026/05/21 14:40:51.658, 1, 4, 20812
2026/05/21 14:40:51.659, 2, 3, 20812
2026/05/21 14:40:51.660, 3, 3, 20812
2026/05/21 14:40:51.660, 4, 3, 20812
2026/05/21 14:40:51.661, 5, 0, 17836
2026/05/21 14:40:51.662, 6, 0, 17866
2026/05/21 14:40:51.663, 7, 3, 11582
2026/05/21 14:40:52.269, 0, 0, 22226
2026/05/21 14:40:52.269, 1, 3, 20812
2026/05/21 14:40:52.270, 2, 4, 20812
2026/05/21 14:40:52.270, 3, 4, 20812
2026/05/21 14:40:52.270, 4, 4, 20812
2026/05/21 14:40:52.270, 5, 0, 17836
2026/05/21 14:40:52.270, 6, 0, 17866
2026/05/21 14:40:52.271, 7, 1, 11582
2026/05/21 14:40:52.862, 0, 0, 22226
2026/05/21 14:40:52.863, 1, 3, 20812
2026/05/21 14:40:52.863, 2, 4, 20812
2026/05/21 14:40:52.863, 3, 3, 20812
2026/05/21 14:40:52.864, 4, 3, 20812
2026/05/21 14:40:52.864, 5, 0, 17836
2026/05/21 14:40:52.864, 6, 0, 17866
2026/05/21 14:40:52.864, 7, 3, 11582
2026/05/21 14:40:53.472, 0, 0, 22226
2026/05/21 14:40:53.472, 1, 3, 20812
2026/05/21 14:40:53.473, 2, 3, 20812
2026/05/21 14:40:53.473, 3, 3, 20812
2026/05/21 14:40:53.473, 4, 3, 20812
2026/05/21 14:40:53.473, 5, 0, 17836
2026/05/21 14:40:53.473, 6, 0, 17866
2026/05/21 14:40:53.474, 7, 3, 11582
2026/05/21 14:40:54.113, 0, 0, 22226
2026/05/21 14:40:54.114, 1, 3, 20812
2026/05/21 14:40:54.114, 2, 3, 20812
2026/05/21 14:40:54.115, 3, 2, 20812
2026/05/21 14:40:54.115, 4, 3, 20812
2026/05/21 14:40:54.115, 5, 0, 17836
2026/05/21 14:40:54.116, 6, 0, 17866
2026/05/21 14:40:54.116, 7, 3, 11582
2026/05/21 14:40:54.724, 0, 0, 22226
2026/05/21 14:40:54.724, 1, 9, 20812
2026/05/21 14:40:54.725, 2, 3, 20812
2026/05/21 14:40:54.726, 3, 3, 20812
2026/05/21 14:40:54.726, 4, 4, 20812
2026/05/21 14:40:54.727, 5, 0, 17836
2026/05/21 14:40:54.727, 6, 0, 17866
2026/05/21 14:40:54.728, 7, 3, 11582
2026/05/21 14:40:55.335, 0, 0, 22226
2026/05/21 14:40:55.335, 1, 2, 20812
2026/05/21 14:40:55.335, 2, 3, 20812
2026/05/21 14:40:55.336, 3, 3, 20812
2026/05/21 14:40:55.336, 4, 3, 20812
2026/05/21 14:40:55.336, 5, 0, 17836
2026/05/21 14:40:55.336, 6, 0, 17866
2026/05/21 14:40:55.337, 7, 2, 11582
2026/05/21 14:40:55.937, 0, 0, 22226
2026/05/21 14:40:55.938, 1, 3, 20812
2026/05/21 14:40:55.938, 2, 3, 20812
2026/05/21 14:40:55.938, 3, 3, 20812
2026/05/21 14:40:55.938, 4, 8, 20812
2026/05/21 14:40:55.939, 5, 0, 17836
2026/05/21 14:40:55.939, 6, 0, 17866
2026/05/21 14:40:55.939, 7, 2, 11582
2026/05/21 14:40:56.528, 0, 0, 22226
2026/05/21 14:40:56.528, 1, 3, 20812
2026/05/21 14:40:56.529, 2, 3, 20812
2026/05/21 14:40:56.529, 3, 3, 20812
2026/05/21 14:40:56.529, 4, 2, 20812
2026/05/21 14:40:56.529, 5, 0, 17836
2026/05/21 14:40:56.530, 6, 0, 17866
2026/05/21 14:40:56.530, 7, 3, 11582
2026/05/21 14:40:57.141, 0, 0, 22226
2026/05/21 14:40:57.141, 1, 3, 20812
2026/05/21 14:40:57.142, 2, 3, 20812
2026/05/21 14:40:57.142, 3, 3, 20812
2026/05/21 14:40:57.142, 4, 2, 20812
2026/05/21 14:40:57.142, 5, 0, 17836
2026/05/21 14:40:57.142, 6, 0, 17866
2026/05/21 14:40:57.143, 7, 2, 11582
2026/05/21 14:40:57.746, 0, 0, 22226
2026/05/21 14:40:57.747, 1, 3, 20812
2026/05/21 14:40:57.747, 2, 3, 20812
2026/05/21 14:40:57.748, 3, 3, 20812
2026/05/21 14:40:57.748, 4, 2, 20812
2026/05/21 14:40:57.748, 5, 0, 17836
2026/05/21 14:40:57.750, 6, 0, 17866
2026/05/21 14:40:57.750, 7, 2, 11582
2026/05/21 14:40:58.396, 0, 0, 22226
2026/05/21 14:40:58.397, 1, 2, 20812
2026/05/21 14:40:58.397, 2, 3, 20812
2026/05/21 14:40:58.397, 3, 3, 20812
2026/05/21 14:40:58.397, 4, 3, 20812
2026/05/21 14:40:58.398, 5, 0, 17836
2026/05/21 14:40:58.398, 6, 0, 17866
2026/05/21 14:40:58.398, 7, 3, 11582
2026/05/21 14:40:59.010, 0, 0, 22226
2026/05/21 14:40:59.011, 1, 3, 20812
2026/05/21 14:40:59.011, 2, 2, 20812
2026/05/21 14:40:59.011, 3, 3, 20812
2026/05/21 14:40:59.011, 4, 3, 20812
2026/05/21 14:40:59.012, 5, 0, 17836
2026/05/21 14:40:59.012, 6, 0, 17866
2026/05/21 14:40:59.012, 7, 1, 11582
2026/05/21 14:40:59.649, 0, 0, 22226
2026/05/21 14:40:59.650, 1, 3, 20812
2026/05/21 14:40:59.650, 2, 3, 20812
2026/05/21 14:40:59.650, 3, 3, 20812
2026/05/21 14:40:59.650, 4, 2, 20812
2026/05/21 14:40:59.651, 5, 0, 17836
2026/05/21 14:40:59.651, 6, 0, 17866
2026/05/21 14:40:59.651, 7, 6, 11582
2026/05/21 14:41:00.251, 0, 0, 22226
2026/05/21 14:41:00.251, 1, 3, 20812
2026/05/21 14:41:00.251, 2, 3, 20812
2026/05/21 14:41:00.251, 3, 3, 20812
2026/05/21 14:41:00.252, 4, 3, 20812
2026/05/21 14:41:00.252, 5, 0, 17836
2026/05/21 14:41:00.252, 6, 0, 17866
2026/05/21 14:41:00.252, 7, 2, 11582
2026/05/21 14:41:00.847, 0, 0, 22226
2026/05/21 14:41:00.848, 1, 3, 20812
2026/05/21 14:41:00.848, 2, 4, 20812
2026/05/21 14:41:00.848, 3, 4, 20812
2026/05/21 14:41:00.849, 4, 3, 20812
2026/05/21 14:41:00.849, 5, 0, 17836
2026/05/21 14:41:00.849, 6, 0, 17866
2026/05/21 14:41:00.850, 7, 0, 11838
2026/05/21 14:41:01.450, 0, 0, 22226
2026/05/21 14:41:01.450, 1, 4, 20812
2026/05/21 14:41:01.451, 2, 4, 20812
2026/05/21 14:41:01.451, 3, 4, 20812
2026/05/21 14:41:01.451, 4, 3, 20812
2026/05/21 14:41:01.451, 5, 0, 17836
2026/05/21 14:41:01.452, 6, 0, 17866
2026/05/21 14:41:01.452, 7, 0, 11838
2026/05/21 14:41:02.064, 0, 0, 22226
2026/05/21 14:41:02.065, 1, 3, 20812
2026/05/21 14:41:02.065, 2, 3, 20812
2026/05/21 14:41:02.065, 3, 4, 20812
2026/05/21 14:41:02.065, 4, 3, 20812
2026/05/21 14:41:02.066, 5, 0, 17836
2026/05/21 14:41:02.066, 6, 0, 17866
2026/05/21 14:41:02.066, 7, 0, 11838
2026/05/21 14:41:02.682, 0, 0, 22226
2026/05/21 14:41:02.682, 1, 3, 20812
2026/05/21 14:41:02.683, 2, 4, 20812
2026/05/21 14:41:02.683, 3, 4, 20812
2026/05/21 14:41:02.683, 4, 3, 20812
2026/05/21 14:41:02.684, 5, 0, 17836
2026/05/21 14:41:02.684, 6, 0, 17866
2026/05/21 14:41:02.685, 7, 0, 11838
2026/05/21 14:41:03.275, 0, 0, 22226
2026/05/21 14:41:03.276, 1, 4, 20812
2026/05/21 14:41:03.276, 2, 4, 20812
2026/05/21 14:41:03.277, 3, 4, 20812
2026/05/21 14:41:03.277, 4, 3, 20812
2026/05/21 14:41:03.278, 5, 0, 17836
2026/05/21 14:41:03.279, 6, 0, 17866
2026/05/21 14:41:03.279, 7, 0, 11838
2026/05/21 14:41:03.882, 0, 0, 22226
2026/05/21 14:41:03.882, 1, 4, 20812
2026/05/21 14:41:03.883, 2, 3, 20812
2026/05/21 14:41:03.883, 3, 3, 20812
2026/05/21 14:41:03.883, 4, 3, 20812
2026/05/21 14:41:03.883, 5, 0, 17836
2026/05/21 14:41:03.884, 6, 0, 17866
2026/05/21 14:41:03.884, 7, 0, 11838
2026/05/21 14:41:04.479, 0, 0, 22226
2026/05/21 14:41:04.479, 1, 3, 20812
2026/05/21 14:41:04.479, 2, 3, 20812
2026/05/21 14:41:04.480, 3, 3, 20812
2026/05/21 14:41:04.480, 4, 3, 20812
2026/05/21 14:41:04.480, 5, 0, 17836
2026/05/21 14:41:04.480, 6, 0, 17866
2026/05/21 14:41:04.480, 7, 0, 11838
2026/05/21 14:41:05.075, 0, 0, 22226
2026/05/21 14:41:05.076, 1, 16, 20812
2026/05/21 14:41:05.076, 2, 4, 20812
2026/05/21 14:41:05.077, 3, 4, 20812
2026/05/21 14:41:05.077, 4, 3, 20812
2026/05/21 14:41:05.078, 5, 0, 17836
2026/05/21 14:41:05.078, 6, 0, 17866
2026/05/21 14:41:05.079, 7, 0, 11838
2026/05/21 14:41:05.695, 0, 0, 22226
2026/05/21 14:41:05.695, 1, 1, 21354
2026/05/21 14:41:05.695, 2, 4, 20812
2026/05/21 14:41:05.696, 3, 4, 20812
2026/05/21 14:41:05.696, 4, 3, 20812
2026/05/21 14:41:05.696, 5, 0, 17836
2026/05/21 14:41:05.697, 6, 0, 17866
2026/05/21 14:41:05.697, 7, 0, 11838
2026/05/21 14:41:06.307, 0, 0, 22226
2026/05/21 14:41:06.308, 1, 0, 21354
2026/05/21 14:41:06.308, 2, 4, 20812
2026/05/21 14:41:06.308, 3, 4, 20812
2026/05/21 14:41:06.309, 4, 4, 20812
2026/05/21 14:41:06.309, 5, 0, 17836
2026/05/21 14:41:06.309, 6, 0, 17866
2026/05/21 14:41:06.310, 7, 0, 11838
2026/05/21 14:41:06.922, 0, 0, 22226
2026/05/21 14:41:06.922, 1, 0, 21354
2026/05/21 14:41:06.922, 2, 4, 20812
2026/05/21 14:41:06.923, 3, 4, 20812
2026/05/21 14:41:06.923, 4, 4, 20812
2026/05/21 14:41:06.923, 5, 0, 17836
2026/05/21 14:41:06.923, 6, 0, 17866
2026/05/21 14:41:06.923, 7, 0, 11838
2026/05/21 14:41:07.539, 0, 0, 22226
2026/05/21 14:41:07.539, 1, 0, 21354
2026/05/21 14:41:07.539, 2, 4, 20812
2026/05/21 14:41:07.540, 3, 4, 20812
2026/05/21 14:41:07.540, 4, 3, 20812
2026/05/21 14:41:07.540, 5, 0, 17836
2026/05/21 14:41:07.540, 6, 0, 17866
2026/05/21 14:41:07.540, 7, 0, 11838
2026/05/21 14:41:08.136, 0, 0, 22226
2026/05/21 14:41:08.136, 1, 0, 21354
2026/05/21 14:41:08.137, 2, 4, 20812
2026/05/21 14:41:08.137, 3, 4, 20812
2026/05/21 14:41:08.137, 4, 3, 20812
2026/05/21 14:41:08.138, 5, 0, 17836
2026/05/21 14:41:08.138, 6, 0, 17866
2026/05/21 14:41:08.138, 7, 0, 11838
2026/05/21 14:41:08.768, 0, 0, 22226
2026/05/21 14:41:08.769, 1, 0, 21354
2026/05/21 14:41:08.770, 2, 4, 20812
2026/05/21 14:41:08.771, 3, 4, 20812
2026/05/21 14:41:08.771, 4, 3, 20812
2026/05/21 14:41:08.772, 5, 0, 17836
2026/05/21 14:41:08.773, 6, 0, 17866
2026/05/21 14:41:08.773, 7, 0, 11838
2026/05/21 14:41:09.362, 0, 0, 22226
2026/05/21 14:41:09.362, 1, 0, 21354
2026/05/21 14:41:09.362, 2, 4, 20812
2026/05/21 14:41:09.363, 3, 4, 20812
2026/05/21 14:41:09.363, 4, 4, 20812
2026/05/21 14:41:09.363, 5, 0, 17836
2026/05/21 14:41:09.363, 6, 0, 17866
2026/05/21 14:41:09.363, 7, 0, 11838
2026/05/21 14:41:09.964, 0, 0, 22226
2026/05/21 14:41:09.964, 1, 0, 21354
2026/05/21 14:41:09.964, 2, 4, 20812
2026/05/21 14:41:09.965, 3, 4, 20812
2026/05/21 14:41:09.965, 4, 4, 20812
2026/05/21 14:41:09.965, 5, 0, 17836
2026/05/21 14:41:09.965, 6, 0, 17866
2026/05/21 14:41:09.965, 7, 0, 11838
2026/05/21 14:41:10.576, 0, 0, 22226
2026/05/21 14:41:10.576, 1, 0, 21354
2026/05/21 14:41:10.577, 2, 4, 20812
2026/05/21 14:41:10.577, 3, 4, 20812
2026/05/21 14:41:10.577, 4, 4, 20812
2026/05/21 14:41:10.577, 5, 0, 17836
2026/05/21 14:41:10.578, 6, 0, 17866
2026/05/21 14:41:10.578, 7, 0, 11838
2026/05/21 14:41:11.174, 0, 0, 22226
2026/05/21 14:41:11.175, 1, 0, 21354
2026/05/21 14:41:11.175, 2, 4, 20812
2026/05/21 14:41:11.175, 3, 4, 20812
2026/05/21 14:41:11.175, 4, 4, 20812
2026/05/21 14:41:11.175, 5, 0, 17836
2026/05/21 14:41:11.176, 6, 0, 17866
2026/05/21 14:41:11.176, 7, 0, 11838
2026/05/21 14:41:11.753, 0, 0, 22226
2026/05/21 14:41:11.753, 1, 0, 21354
2026/05/21 14:41:11.754, 2, 4, 20812
2026/05/21 14:41:11.754, 3, 4, 20812
2026/05/21 14:41:11.754, 4, 3, 20812
2026/05/21 14:41:11.754, 5, 0, 17836
2026/05/21 14:41:11.754, 6, 0, 17866
2026/05/21 14:41:11.755, 7, 0, 11838
2026/05/21 14:41:12.327, 0, 0, 22226
2026/05/21 14:41:12.328, 1, 0, 21354
2026/05/21 14:41:12.328, 2, 4, 20812
2026/05/21 14:41:12.328, 3, 3, 20812
2026/05/21 14:41:12.328, 4, 4, 20812
2026/05/21 14:41:12.329, 5, 0, 17836
2026/05/21 14:41:12.329, 6, 0, 17866
2026/05/21 14:41:12.329, 7, 0, 11838
2026/05/21 14:41:12.922, 0, 0, 22226
2026/05/21 14:41:12.922, 1, 0, 21354
2026/05/21 14:41:12.923, 2, 4, 20812
2026/05/21 14:41:12.923, 3, 7, 21354
2026/05/21 14:41:12.923, 4, 4, 20812
2026/05/21 14:41:12.924, 5, 0, 17836
2026/05/21 14:41:12.924, 6, 0, 17866
2026/05/21 14:41:12.924, 7, 0, 11838
2026/05/21 14:41:13.527, 0, 0, 22226
2026/05/21 14:41:13.527, 1, 0, 21354
2026/05/21 14:41:13.528, 2, 4, 20812
2026/05/21 14:41:13.528, 3, 0, 21354
2026/05/21 14:41:13.528, 4, 4, 20812
2026/05/21 14:41:13.529, 5, 0, 17836
2026/05/21 14:41:13.529, 6, 0, 17866
2026/05/21 14:41:13.529, 7, 0, 11838
2026/05/21 14:41:14.125, 0, 0, 22226
2026/05/21 14:41:14.125, 1, 0, 21354
2026/05/21 14:41:14.125, 2, 4, 20812
2026/05/21 14:41:14.125, 3, 0, 21354
2026/05/21 14:41:14.126, 4, 5, 21226
2026/05/21 14:41:14.126, 5, 0, 17836
2026/05/21 14:41:14.126, 6, 0, 17866
2026/05/21 14:41:14.127, 7, 0, 11838
2026/05/21 14:41:14.700, 0, 0, 22226
2026/05/21 14:41:14.700, 1, 0, 21354
2026/05/21 14:41:14.701, 2, 5, 20812
2026/05/21 14:41:14.701, 3, 0, 21354
2026/05/21 14:41:14.701, 4, 0, 21354
2026/05/21 14:41:14.701, 5, 0, 17836
2026/05/21 14:41:14.702, 6, 0, 17866
2026/05/21 14:41:14.702, 7, 0, 11838
2026/05/21 14:41:15.299, 0, 0, 22226
2026/05/21 14:41:15.300, 1, 0, 21354
2026/05/21 14:41:15.300, 2, 4, 20812
2026/05/21 14:41:15.300, 3, 0, 21354
2026/05/21 14:41:15.301, 4, 0, 21354
2026/05/21 14:41:15.301, 5, 0, 17836
2026/05/21 14:41:15.301, 6, 0, 17866
2026/05/21 14:41:15.301, 7, 0, 11838
2026/05/21 14:41:15.902, 0, 0, 22226
2026/05/21 14:41:15.902, 1, 0, 21354
2026/05/21 14:41:15.903, 2, 3, 21180
2026/05/21 14:41:15.903, 3, 0, 21354
2026/05/21 14:41:15.903, 4, 0, 21354
2026/05/21 14:41:15.903, 5, 0, 17836
2026/05/21 14:41:15.904, 6, 0, 17866
2026/05/21 14:41:15.904, 7, 0, 11838
2026/05/21 14:41:16.534, 0, 10, 24020
2026/05/21 14:41:16.534, 1, 0, 21356
2026/05/21 14:41:16.534, 2, 0, 21356
2026/05/21 14:41:16.535, 3, 0, 21356
2026/05/21 14:41:16.535, 4, 0, 21356
2026/05/21 14:41:16.536, 5, 0, 17838
2026/05/21 14:41:16.536, 6, 0, 17868
2026/05/21 14:41:16.536, 7, 0, 11840
2026/05/21 14:41:17.123, 0, 9, 24290
2026/05/21 14:41:17.123, 1, 5, 23418
2026/05/21 14:41:17.124, 2, 0, 23148
2026/05/21 14:41:17.124, 3, 0, 21356
2026/05/21 14:41:17.124, 4, 0, 21356
2026/05/21 14:41:17.124, 5, 0, 17838
2026/05/21 14:41:17.125, 6, 0, 17868
2026/05/21 14:41:17.125, 7, 0, 11840
2026/05/21 14:41:17.717, 0, 12, 24290
2026/05/21 14:41:17.718, 1, 13, 23418
2026/05/21 14:41:17.718, 2, 13, 23418
2026/05/21 14:41:17.718, 3, 17, 23418
2026/05/21 14:41:17.718, 4, 16, 23418
2026/05/21 14:41:17.719, 5, 7, 19900
2026/05/21 14:41:17.719, 6, 7, 19930
2026/05/21 14:41:17.719, 7, 8, 13902
2026/05/21 14:41:18.316, 0, 0, 24290
2026/05/21 14:41:18.316, 1, 0, 23418
2026/05/21 14:41:18.317, 2, 0, 23418
2026/05/21 14:41:18.317, 3, 0, 23418
2026/05/21 14:41:18.317, 4, 0, 23418
2026/05/21 14:41:18.317, 5, 0, 19900
2026/05/21 14:41:18.318, 6, 0, 19930
2026/05/21 14:41:18.318, 7, 0, 13902
2026/05/21 14:41:18.953, 0, 12, 24290
2026/05/21 14:41:18.954, 1, 12, 23418
2026/05/21 14:41:18.954, 2, 6, 23418
2026/05/21 14:41:18.954, 3, 12, 23418
2026/05/21 14:41:18.954, 4, 12, 23418
2026/05/21 14:41:18.955, 5, 9, 19900
2026/05/21 14:41:18.955, 6, 9, 19930
2026/05/21 14:41:18.955, 7, 6, 13902
2026/05/21 14:41:19.554, 0, 14, 24290
2026/05/21 14:41:19.555, 1, 13, 23418
2026/05/21 14:41:19.555, 2, 13, 23418
2026/05/21 14:41:19.556, 3, 13, 23418
2026/05/21 14:41:19.556, 4, 13, 23418
2026/05/21 14:41:19.556, 5, 11, 19900
2026/05/21 14:41:19.557, 6, 10, 19930
2026/05/21 14:41:19.557, 7, 8, 13902
2026/05/21 14:41:20.161, 0, 12, 24290
2026/05/21 14:41:20.161, 1, 13, 23418
2026/05/21 14:41:20.161, 2, 13, 23418
2026/05/21 14:41:20.162, 3, 16, 23418
2026/05/21 14:41:20.162, 4, 14, 23418
2026/05/21 14:41:20.162, 5, 13, 19900
2026/05/21 14:41:20.162, 6, 12, 19930
2026/05/21 14:41:20.162, 7, 10, 13902
2026/05/21 14:41:20.736, 0, 8, 24290
2026/05/21 14:41:20.736, 1, 4, 23418
2026/05/21 14:41:20.736, 2, 4, 23418
2026/05/21 14:41:20.737, 3, 4, 23418
2026/05/21 14:41:20.737, 4, 4, 23418
2026/05/21 14:41:20.737, 5, 0, 19900
2026/05/21 14:41:20.737, 6, 0, 19930
2026/05/21 14:41:20.737, 7, 1, 13902
2026/05/21 14:41:21.334, 0, 12, 24290
2026/05/21 14:41:21.334, 1, 13, 23418
2026/05/21 14:41:21.334, 2, 17, 23418
2026/05/21 14:41:21.334, 3, 13, 23418
2026/05/21 14:41:21.335, 4, 12, 23418
2026/05/21 14:41:21.335, 5, 11, 19900
2026/05/21 14:41:21.335, 6, 10, 19930
2026/05/21 14:41:21.336, 7, 6, 13902
2026/05/21 14:41:21.931, 0, 13, 24290
2026/05/21 14:41:21.932, 1, 13, 23418
2026/05/21 14:41:21.932, 2, 13, 23418
2026/05/21 14:41:21.932, 3, 13, 23418
2026/05/21 14:41:21.933, 4, 13, 23418
2026/05/21 14:41:21.933, 5, 11, 19900
2026/05/21 14:41:21.933, 6, 10, 19930
2026/05/21 14:41:21.934, 7, 8, 13902
2026/05/21 14:41:22.542, 0, 12, 24290
2026/05/21 14:41:22.542, 1, 15, 23418
2026/05/21 14:41:22.543, 2, 13, 23418
2026/05/21 14:41:22.543, 3, 14, 23418
2026/05/21 14:41:22.543, 4, 13, 23418
2026/05/21 14:41:22.544, 5, 12, 19900
2026/05/21 14:41:22.544, 6, 13, 19930
2026/05/21 14:41:22.545, 7, 10, 13902
2026/05/21 14:41:23.130, 0, 9, 24290
2026/05/21 14:41:23.131, 1, 11, 23418
2026/05/21 14:41:23.132, 2, 5, 23418
2026/05/21 14:41:23.133, 3, 0, 23418
2026/05/21 14:41:23.134, 4, 0, 23418
2026/05/21 14:41:23.134, 5, 6, 19900
2026/05/21 14:41:23.135, 6, 5, 19930
2026/05/21 14:41:23.135, 7, 0, 13902
2026/05/21 14:41:23.737, 0, 12, 24290
2026/05/21 14:41:23.737, 1, 17, 23418
2026/05/21 14:41:23.737, 2, 13, 23418
2026/05/21 14:41:23.737, 3, 13, 23418
2026/05/21 14:41:23.738, 4, 13, 23418
2026/05/21 14:41:23.738, 5, 12, 19900
2026/05/21 14:41:23.738, 6, 14, 19930
2026/05/21 14:41:23.738, 7, 6, 13902
2026/05/21 14:41:24.332, 0, 12, 24290
2026/05/21 14:41:24.332, 1, 13, 23418
2026/05/21 14:41:24.333, 2, 16, 23418
2026/05/21 14:41:24.333, 3, 13, 23418
2026/05/21 14:41:24.333, 4, 13, 23418
2026/05/21 14:41:24.333, 5, 11, 19900
2026/05/21 14:41:24.333, 6, 10, 19930
2026/05/21 14:41:24.334, 7, 10, 13902
2026/05/21 14:41:24.922, 0, 12, 24290
2026/05/21 14:41:24.922, 1, 8, 23418
2026/05/21 14:41:24.922, 2, 9, 23418
2026/05/21 14:41:24.923, 3, 13, 23418
2026/05/21 14:41:24.923, 4, 13, 23418
2026/05/21 14:41:24.923, 5, 7, 19900
2026/05/21 14:41:24.923, 6, 4, 19930
2026/05/21 14:41:24.923, 7, 7, 13902
2026/05/21 14:41:25.517, 0, 14, 24290
2026/05/21 14:41:25.517, 1, 13, 23418
2026/05/21 14:41:25.518, 2, 13, 23418
2026/05/21 14:41:25.518, 3, 13, 23418
2026/05/21 14:41:25.518, 4, 13, 23418
2026/05/21 14:41:25.518, 5, 14, 19900
2026/05/21 14:41:25.519, 6, 10, 19930
2026/05/21 14:41:25.519, 7, 7, 13902
2026/05/21 14:41:26.112, 0, 14, 24290
2026/05/21 14:41:26.112, 1, 13, 23418
2026/05/21 14:41:26.112, 2, 13, 23418
2026/05/21 14:41:26.113, 3, 16, 23418
2026/05/21 14:41:26.113, 4, 17, 23418
2026/05/21 14:41:26.113, 5, 11, 19900
2026/05/21 14:41:26.114, 6, 10, 19930
2026/05/21 14:41:26.114, 7, 8, 13902
2026/05/21 14:41:26.717, 0, 12, 24290
2026/05/21 14:41:26.717, 1, 13, 23418
2026/05/21 14:41:26.719, 2, 13, 23418
2026/05/21 14:41:26.719, 3, 13, 23418
2026/05/21 14:41:26.720, 4, 13, 23418
2026/05/21 14:41:26.720, 5, 11, 19900
2026/05/21 14:41:26.721, 6, 10, 19930
2026/05/21 14:41:26.722, 7, 10, 13902
2026/05/21 14:41:27.322, 0, 5, 24290
2026/05/21 14:41:27.322, 1, 0, 23418
2026/05/21 14:41:27.323, 2, 0, 23418
2026/05/21 14:41:27.323, 3, 6, 23418
2026/05/21 14:41:27.323, 4, 6, 23418
2026/05/21 14:41:27.323, 5, 0, 19900
2026/05/21 14:41:27.324, 6, 0, 19930
2026/05/21 14:41:27.324, 7, 0, 13902
2026/05/21 14:41:27.913, 0, 16, 24290
2026/05/21 14:41:27.913, 1, 12, 23418
2026/05/21 14:41:27.913, 2, 14, 23418
2026/05/21 14:41:27.914, 3, 13, 23418
2026/05/21 14:41:27.914, 4, 13, 23418
2026/05/21 14:41:27.914, 5, 11, 19900
2026/05/21 14:41:27.914, 6, 10, 19930
2026/05/21 14:41:27.914, 7, 6, 13902
2026/05/21 14:41:28.505, 0, 12, 24290
2026/05/21 14:41:28.506, 1, 12, 23418
2026/05/21 14:41:28.506, 2, 13, 23418
2026/05/21 14:41:28.506, 3, 13, 23418
2026/05/21 14:41:28.506, 4, 14, 23418
2026/05/21 14:41:28.506, 5, 11, 19900
2026/05/21 14:41:28.507, 6, 10, 19930
2026/05/21 14:41:28.507, 7, 10, 13902
2026/05/21 14:41:29.094, 0, 12, 24290
2026/05/21 14:41:29.094, 1, 13, 23418
2026/05/21 14:41:29.095, 2, 16, 23418
2026/05/21 14:41:29.095, 3, 13, 23418
2026/05/21 14:41:29.095, 4, 13, 23418
2026/05/21 14:41:29.095, 5, 11, 19900
2026/05/21 14:41:29.096, 6, 11, 19930
2026/05/21 14:41:29.096, 7, 10, 13902
2026/05/21 14:41:29.701, 0, 12, 24290
2026/05/21 14:41:29.702, 1, 12, 23418
2026/05/21 14:41:29.702, 2, 13, 23418
2026/05/21 14:41:29.702, 3, 17, 23418
2026/05/21 14:41:29.702, 4, 13, 23418
2026/05/21 14:41:29.702, 5, 12, 19900
2026/05/21 14:41:29.703, 6, 13, 19930
2026/05/21 14:41:29.703, 7, 8, 13902
2026/05/21 14:41:30.345, 0, 12, 24290
2026/05/21 14:41:30.346, 1, 16, 23418
2026/05/21 14:41:30.346, 2, 13, 23418
2026/05/21 14:41:30.347, 3, 14, 23418
2026/05/21 14:41:30.347, 4, 15, 23418
2026/05/21 14:41:30.347, 5, 11, 19900
2026/05/21 14:41:30.348, 6, 14, 19930
2026/05/21 14:41:30.349, 7, 6, 13902
2026/05/21 14:41:30.957, 0, 14, 24290
2026/05/21 14:41:30.957, 1, 13, 23418
2026/05/21 14:41:30.958, 2, 16, 23418
2026/05/21 14:41:30.958, 3, 13, 23418
2026/05/21 14:41:30.958, 4, 13, 23418
2026/05/21 14:41:30.958, 5, 11, 19900
2026/05/21 14:41:30.958, 6, 10, 19930
2026/05/21 14:41:30.959, 7, 10, 13902
2026/05/21 14:41:31.556, 0, 5, 24290
2026/05/21 14:41:31.556, 1, 6, 23418
2026/05/21 14:41:31.557, 2, 6, 23418
2026/05/21 14:41:31.557, 3, 6, 23418
2026/05/21 14:41:31.557, 4, 0, 23418
2026/05/21 14:41:31.557, 5, 0, 19900
2026/05/21 14:41:31.558, 6, 0, 19930
2026/05/21 14:41:31.558, 7, 0, 13902
2026/05/21 14:41:32.160, 0, 16, 24290
2026/05/21 14:41:32.160, 1, 13, 23418
2026/05/21 14:41:32.160, 2, 16, 23418
2026/05/21 14:41:32.160, 3, 13, 23418
2026/05/21 14:41:32.161, 4, 17, 23418
2026/05/21 14:41:32.161, 5, 11, 19900
2026/05/21 14:41:32.161, 6, 10, 19930
2026/05/21 14:41:32.161, 7, 8, 13902
2026/05/21 14:41:32.753, 0, 12, 24290
2026/05/21 14:41:32.754, 1, 13, 23418
2026/05/21 14:41:32.754, 2, 15, 23418
2026/05/21 14:41:32.754, 3, 13, 23418
2026/05/21 14:41:32.755, 4, 14, 23418
2026/05/21 14:41:32.755, 5, 12, 19900
2026/05/21 14:41:32.755, 6, 10, 19930
2026/05/21 14:41:32.755, 7, 10, 13902
2026/05/21 14:41:33.321, 0, 11, 24290
2026/05/21 14:41:33.321, 1, 13, 23418
2026/05/21 14:41:33.322, 2, 13, 23418
2026/05/21 14:41:33.322, 3, 13, 23418
2026/05/21 14:41:33.322, 4, 13, 23418
2026/05/21 14:41:33.322, 5, 11, 19900
2026/05/21 14:41:33.322, 6, 10, 19930
2026/05/21 14:41:33.323, 7, 10, 13902
2026/05/21 14:41:33.892, 0, 12, 24290
2026/05/21 14:41:33.892, 1, 10, 23418
2026/05/21 14:41:33.892, 2, 10, 23418
2026/05/21 14:41:33.893, 3, 10, 23418
2026/05/21 14:41:33.893, 4, 12, 23418
2026/05/21 14:41:33.893, 5, 9, 19900
2026/05/21 14:41:33.893, 6, 9, 19930
2026/05/21 14:41:33.893, 7, 6, 13902
2026/05/21 14:41:34.462, 0, 16, 24290
2026/05/21 14:41:34.462, 1, 13, 23418
2026/05/21 14:41:34.462, 2, 14, 23418
2026/05/21 14:41:34.462, 3, 13, 23418
2026/05/21 14:41:34.463, 4, 13, 23418
2026/05/21 14:41:34.463, 5, 11, 19900
2026/05/21 14:41:34.463, 6, 14, 19930
2026/05/21 14:41:34.463, 7, 6, 13902
2026/05/21 14:41:35.051, 0, 12, 24290
2026/05/21 14:41:35.051, 1, 13, 23418
2026/05/21 14:41:35.052, 2, 13, 23418
2026/05/21 14:41:35.052, 3, 13, 23418
2026/05/21 14:41:35.052, 4, 16, 23418
2026/05/21 14:41:35.052, 5, 13, 19900
2026/05/21 14:41:35.052, 6, 10, 19930
2026/05/21 14:41:35.053, 7, 10, 13902
2026/05/21 14:41:35.649, 0, 0, 24290
2026/05/21 14:41:35.649, 1, 0, 23418
2026/05/21 14:41:35.650, 2, 0, 23418
2026/05/21 14:41:35.650, 3, 0, 23418
2026/05/21 14:41:35.650, 4, 4, 23418
2026/05/21 14:41:35.651, 5, 0, 19900
2026/05/21 14:41:35.651, 6, 0, 19930
2026/05/21 14:41:35.651, 7, 0, 13902
2026/05/21 14:41:36.252, 0, 12, 24290
2026/05/21 14:41:36.253, 1, 13, 23418
2026/05/21 14:41:36.253, 2, 13, 23418
2026/05/21 14:41:36.253, 3, 13, 23418
2026/05/21 14:41:36.254, 4, 17, 23418
2026/05/21 14:41:36.254, 5, 13, 19900
2026/05/21 14:41:36.255, 6, 10, 19930
2026/05/21 14:41:36.255, 7, 8, 13902
2026/05/21 14:41:36.854, 0, 12, 24290
2026/05/21 14:41:36.854, 1, 13, 23418
2026/05/21 14:41:36.855, 2, 13, 23418
2026/05/21 14:41:36.855, 3, 15, 23418
2026/05/21 14:41:36.855, 4, 15, 23418
2026/05/21 14:41:36.855, 5, 10, 19900
2026/05/21 14:41:36.856, 6, 14, 19930
2026/05/21 14:41:36.856, 7, 8, 13902
2026/05/21 14:41:37.435, 0, 15, 24290
2026/05/21 14:41:37.435, 1, 13, 23418
2026/05/21 14:41:37.436, 2, 15, 23418
2026/05/21 14:41:37.437, 3, 13, 23418
2026/05/21 14:41:37.437, 4, 13, 23418
2026/05/21 14:41:37.438, 5, 11, 19900
2026/05/21 14:41:37.438, 6, 10, 19930
2026/05/21 14:41:37.438, 7, 10, 13902
2026/05/21 14:41:38.040, 0, 8, 24290
2026/05/21 14:41:38.040, 1, 10, 23418
2026/05/21 14:41:38.041, 2, 11, 23418
2026/05/21 14:41:38.041, 3, 11, 23418
2026/05/21 14:41:38.041, 4, 12, 23418
2026/05/21 14:41:38.041, 5, 9, 19900
2026/05/21 14:41:38.041, 6, 12, 19930
2026/05/21 14:41:38.042, 7, 4, 13902
2026/05/21 14:41:38.620, 0, 12, 24290
2026/05/21 14:41:38.620, 1, 13, 23418
2026/05/21 14:41:38.620, 2, 13, 23418
2026/05/21 14:41:38.621, 3, 13, 23418
2026/05/21 14:41:38.621, 4, 14, 23418
2026/05/21 14:41:38.621, 5, 10, 19900
2026/05/21 14:41:38.621, 6, 10, 19930
2026/05/21 14:41:38.621, 7, 7, 13902
2026/05/21 14:41:39.214, 0, 12, 24290
2026/05/21 14:41:39.214, 1, 14, 23418
2026/05/21 14:41:39.215, 2, 13, 23418
2026/05/21 14:41:39.215, 3, 13, 23418
2026/05/21 14:41:39.215, 4, 13, 23418
2026/05/21 14:41:39.215, 5, 11, 19900
2026/05/21 14:41:39.215, 6, 14, 19930
2026/05/21 14:41:39.216, 7, 10, 13902
2026/05/21 14:41:39.808, 0, 8, 24290
2026/05/21 14:41:39.808, 1, 0, 23418
2026/05/21 14:41:39.808, 2, 0, 23418
2026/05/21 14:41:39.808, 3, 0, 23418
2026/05/21 14:41:39.809, 4, 8, 23418
2026/05/21 14:41:39.809, 5, 11, 19900
2026/05/21 14:41:39.809, 6, 7, 19930
2026/05/21 14:41:39.809, 7, 3, 13902
2026/05/21 14:41:40.399, 0, 12, 24290
2026/05/21 14:41:40.399, 1, 17, 23418
2026/05/21 14:41:40.399, 2, 13, 23418
2026/05/21 14:41:40.400, 3, 17, 23418
2026/05/21 14:41:40.400, 4, 15, 23418
2026/05/21 14:41:40.400, 5, 14, 19900
2026/05/21 14:41:40.400, 6, 10, 19930
2026/05/21 14:41:40.400, 7, 6, 13902
2026/05/21 14:41:40.978, 0, 12, 24290
2026/05/21 14:41:40.979, 1, 14, 23418
2026/05/21 14:41:40.979, 2, 13, 23418
2026/05/21 14:41:40.979, 3, 17, 23418
2026/05/21 14:41:40.979, 4, 13, 23418
2026/05/21 14:41:40.980, 5, 12, 19900
2026/05/21 14:41:40.980, 6, 14, 19930
2026/05/21 14:41:40.980, 7, 8, 13902
2026/05/21 14:41:41.599, 0, 13, 24290
2026/05/21 14:41:41.600, 1, 13, 23418
2026/05/21 14:41:41.601, 2, 13, 23418
2026/05/21 14:41:41.601, 3, 13, 23418
2026/05/21 14:41:41.602, 4, 13, 23418
2026/05/21 14:41:41.602, 5, 11, 19900
2026/05/21 14:41:41.603, 6, 11, 19930
2026/05/21 14:41:41.604, 7, 10, 13902
2026/05/21 14:41:42.185, 0, 8, 24290
2026/05/21 14:41:42.186, 1, 8, 23418
2026/05/21 14:41:42.186, 2, 11, 23418
2026/05/21 14:41:42.186, 3, 6, 23418
2026/05/21 14:41:42.186, 4, 0, 23418
2026/05/21 14:41:42.187, 5, 10, 19900
2026/05/21 14:41:42.187, 6, 12, 19930
2026/05/21 14:41:42.187, 7, 4, 13902
2026/05/21 14:41:42.788, 0, 14, 24290
2026/05/21 14:41:42.788, 1, 17, 23418
2026/05/21 14:41:42.788, 2, 13, 23418
2026/05/21 14:41:42.788, 3, 15, 23418
2026/05/21 14:41:42.789, 4, 13, 23418
2026/05/21 14:41:42.789, 5, 11, 19900
2026/05/21 14:41:42.789, 6, 13, 19930
2026/05/21 14:41:42.789, 7, 6, 13902
2026/05/21 14:41:43.359, 0, 15, 24290
2026/05/21 14:41:43.360, 1, 13, 23418
2026/05/21 14:41:43.360, 2, 15, 23418
2026/05/21 14:41:43.360, 3, 13, 23418
2026/05/21 14:41:43.360, 4, 13, 23418
2026/05/21 14:41:43.361, 5, 11, 19900
2026/05/21 14:41:43.361, 6, 10, 19930
2026/05/21 14:41:43.361, 7, 10, 13902
2026/05/21 14:41:43.959, 0, 8, 24290
2026/05/21 14:41:43.959, 1, 4, 23418
2026/05/21 14:41:43.959, 2, 0, 23418
2026/05/21 14:41:43.959, 3, 4, 23418
2026/05/21 14:41:43.960, 4, 8, 23418
2026/05/21 14:41:43.960, 5, 11, 19900
2026/05/21 14:41:43.960, 6, 9, 19930
2026/05/21 14:41:43.960, 7, 3, 13902
2026/05/21 14:41:44.534, 0, 16, 24290
2026/05/21 14:41:44.534, 1, 13, 23418
2026/05/21 14:41:44.534, 2, 14, 23418
2026/05/21 14:41:44.535, 3, 13, 23418
2026/05/21 14:41:44.535, 4, 17, 23418
2026/05/21 14:41:44.535, 5, 11, 19900
2026/05/21 14:41:44.535, 6, 10, 19930
2026/05/21 14:41:44.536, 7, 8, 13902
2026/05/21 14:41:45.137, 0, 12, 24290
2026/05/21 14:41:45.137, 1, 13, 23418
2026/05/21 14:41:45.138, 2, 14, 23418
2026/05/21 14:41:45.138, 3, 13, 23418
2026/05/21 14:41:45.138, 4, 17, 23418
2026/05/21 14:41:45.138, 5, 11, 19900
2026/05/21 14:41:45.139, 6, 10, 19930
2026/05/21 14:41:45.139, 7, 8, 13902
2026/05/21 14:41:45.715, 0, 12, 24290
2026/05/21 14:41:45.716, 1, 13, 23418
2026/05/21 14:41:45.716, 2, 13, 23418
2026/05/21 14:41:45.716, 3, 13, 23418
2026/05/21 14:41:45.716, 4, 13, 23418
2026/05/21 14:41:45.716, 5, 11, 19900
2026/05/21 14:41:45.717, 6, 13, 19930
2026/05/21 14:41:45.717, 7, 10, 13902
2026/05/21 14:41:46.308, 0, 0, 24290
2026/05/21 14:41:46.308, 1, 6, 23418
2026/05/21 14:41:46.308, 2, 6, 23418
2026/05/21 14:41:46.308, 3, 6, 23418
2026/05/21 14:41:46.309, 4, 0, 23418
2026/05/21 14:41:46.309, 5, 0, 19900
2026/05/21 14:41:46.309, 6, 0, 19930
2026/05/21 14:41:46.309, 7, 1, 13902
2026/05/21 14:41:46.897, 0, 12, 24290
2026/05/21 14:41:46.897, 1, 13, 23418
2026/05/21 14:41:46.897, 2, 15, 23418
2026/05/21 14:41:46.897, 3, 13, 23418
2026/05/21 14:41:46.898, 4, 13, 23418
2026/05/21 14:41:46.898, 5, 11, 19900
2026/05/21 14:41:46.898, 6, 14, 19930
2026/05/21 14:41:46.898, 7, 6, 13902
2026/05/21 14:41:47.513, 0, 15, 24290
2026/05/21 14:41:47.513, 1, 13, 23418
2026/05/21 14:41:47.514, 2, 16, 23418
2026/05/21 14:41:47.514, 3, 13, 23418
2026/05/21 14:41:47.514, 4, 13, 23418
2026/05/21 14:41:47.515, 5, 11, 19900
2026/05/21 14:41:47.515, 6, 10, 19930
2026/05/21 14:41:47.515, 7, 10, 13902
2026/05/21 14:41:48.146, 0, 12, 24290
2026/05/21 14:41:48.146, 1, 5, 23418
2026/05/21 14:41:48.146, 2, 4, 23418
2026/05/21 14:41:48.147, 3, 7, 23418
2026/05/21 14:41:48.147, 4, 13, 23418
2026/05/21 14:41:48.147, 5, 11, 19900
2026/05/21 14:41:48.147, 6, 11, 19930
2026/05/21 14:41:48.147, 7, 10, 13902
2026/05/21 14:41:48.719, 0, 14, 24290
2026/05/21 14:41:48.719, 1, 13, 23418
2026/05/21 14:41:48.719, 2, 16, 23418
2026/05/21 14:41:48.719, 3, 13, 23418
2026/05/21 14:41:48.719, 4, 12, 23418
2026/05/21 14:41:48.720, 5, 11, 19900
2026/05/21 14:41:48.720, 6, 14, 19930
2026/05/21 14:41:48.720, 7, 6, 13902
2026/05/21 14:41:49.311, 0, 16, 24290
2026/05/21 14:41:49.311, 1, 13, 23418
2026/05/21 14:41:49.311, 2, 13, 23418
2026/05/21 14:41:49.312, 3, 13, 23418
2026/05/21 14:41:49.312, 4, 13, 23418
2026/05/21 14:41:49.312, 5, 11, 19900
2026/05/21 14:41:49.312, 6, 10, 19930
2026/05/21 14:41:49.312, 7, 6, 13902
2026/05/21 14:41:49.890, 0, 12, 24290
2026/05/21 14:41:49.890, 1, 13, 23418
2026/05/21 14:41:49.891, 2, 13, 23418
2026/05/21 14:41:49.891, 3, 13, 23418
2026/05/21 14:41:49.891, 4, 13, 23418
2026/05/21 14:41:49.892, 5, 11, 19900
2026/05/21 14:41:49.892, 6, 11, 19930
2026/05/21 14:41:49.892, 7, 10, 13902
2026/05/21 14:41:50.500, 0, 0, 24290
2026/05/21 14:41:50.501, 1, 6, 23418
2026/05/21 14:41:50.501, 2, 6, 23418
2026/05/21 14:41:50.503, 3, 4, 23418
2026/05/21 14:41:50.503, 4, 0, 23418
2026/05/21 14:41:50.504, 5, 0, 19900
2026/05/21 14:41:50.505, 6, 0, 19930
2026/05/21 14:41:50.506, 7, 0, 13902
2026/05/21 14:41:51.127, 0, 12, 24290
2026/05/21 14:41:51.128, 1, 13, 23418
2026/05/21 14:41:51.128, 2, 13, 23418
2026/05/21 14:41:51.128, 3, 13, 23418
2026/05/21 14:41:51.128, 4, 15, 23418
2026/05/21 14:41:51.129, 5, 11, 19900
2026/05/21 14:41:51.129, 6, 10, 19930
2026/05/21 14:41:51.129, 7, 6, 13902
2026/05/21 14:41:51.721, 0, 12, 24290
2026/05/21 14:41:51.721, 1, 13, 23418
2026/05/21 14:41:51.721, 2, 13, 23418
2026/05/21 14:41:51.722, 3, 13, 23418
2026/05/21 14:41:51.722, 4, 13, 23418
2026/05/21 14:41:51.722, 5, 11, 19900
2026/05/21 14:41:51.722, 6, 10, 19930
2026/05/21 14:41:51.723, 7, 10, 13902
2026/05/21 14:41:52.351, 0, 16, 24290
2026/05/21 14:41:52.352, 1, 9, 23418
2026/05/21 14:41:52.352, 2, 5, 23418
2026/05/21 14:41:52.352, 3, 9, 23418
2026/05/21 14:41:52.352, 4, 13, 23418
2026/05/21 14:41:52.352, 5, 11, 19900
2026/05/21 14:41:52.353, 6, 11, 19930
2026/05/21 14:41:52.353, 7, 10, 13902
2026/05/21 14:41:52.946, 0, 98, 24290
2026/05/21 14:41:52.946, 1, 94, 23418
2026/05/21 14:41:52.946, 2, 93, 23418
2026/05/21 14:41:52.947, 3, 93, 23418
2026/05/21 14:41:52.947, 4, 91, 23418
2026/05/21 14:41:52.947, 5, 79, 19900
2026/05/21 14:41:52.947, 6, 79, 19930
2026/05/21 14:41:52.947, 7, 47, 13902
2026/05/21 14:41:53.536, 0, 91, 24290
2026/05/21 14:41:53.536, 1, 71, 23418
2026/05/21 14:41:53.536, 2, 72, 23418
2026/05/21 14:41:53.536, 3, 72, 23418
2026/05/21 14:41:53.537, 4, 72, 23418
2026/05/21 14:41:53.537, 5, 76, 19900
2026/05/21 14:41:53.537, 6, 67, 19930
2026/05/21 14:41:53.537, 7, 39, 13902
2026/05/21 14:41:54.109, 0, 98, 24290
2026/05/21 14:41:54.110, 1, 93, 23418
2026/05/21 14:41:54.110, 2, 93, 23418
2026/05/21 14:41:54.110, 3, 93, 23418
2026/05/21 14:41:54.110, 4, 93, 23418
2026/05/21 14:41:54.111, 5, 78, 19900
2026/05/21 14:41:54.111, 6, 76, 19930
2026/05/21 14:41:54.111, 7, 47, 13902
2026/05/21 14:41:54.711, 0, 98, 24290
2026/05/21 14:41:54.712, 1, 94, 23418
2026/05/21 14:41:54.712, 2, 94, 23418
2026/05/21 14:41:54.712, 3, 94, 23418
2026/05/21 14:41:54.713, 4, 93, 23418
2026/05/21 14:41:54.713, 5, 78, 19900
2026/05/21 14:41:54.713, 6, 77, 19930
2026/05/21 14:41:54.714, 7, 47, 13902
2026/05/21 14:41:55.313, 0, 45, 24290
2026/05/21 14:41:55.314, 1, 90, 23418
2026/05/21 14:41:55.314, 2, 73, 23418
2026/05/21 14:41:55.314, 3, 90, 23418
2026/05/21 14:41:55.315, 4, 71, 23418
2026/05/21 14:41:55.315, 5, 61, 19900
2026/05/21 14:41:55.315, 6, 59, 19930
2026/05/21 14:41:55.316, 7, 36, 13902
2026/05/21 14:41:55.901, 0, 98, 24290
2026/05/21 14:41:55.902, 1, 93, 23418
2026/05/21 14:41:55.903, 2, 94, 23418
2026/05/21 14:41:55.903, 3, 93, 23418
2026/05/21 14:41:55.903, 4, 92, 23418
2026/05/21 14:41:55.903, 5, 78, 19900
2026/05/21 14:41:55.904, 6, 77, 19930
2026/05/21 14:41:55.904, 7, 46, 13902
2026/05/21 14:41:56.508, 0, 98, 24290
2026/05/21 14:41:56.509, 1, 93, 23418
2026/05/21 14:41:56.509, 2, 94, 23418
2026/05/21 14:41:56.510, 3, 93, 23418
2026/05/21 14:41:56.511, 4, 93, 23418
2026/05/21 14:41:56.511, 5, 78, 19900
2026/05/21 14:41:56.512, 6, 77, 19930
2026/05/21 14:41:56.512, 7, 47, 13902
2026/05/21 14:41:57.106, 0, 69, 24290
2026/05/21 14:41:57.106, 1, 73, 23418
2026/05/21 14:41:57.107, 2, 73, 23418
2026/05/21 14:41:57.107, 3, 73, 23418
2026/05/21 14:41:57.107, 4, 57, 23418
2026/05/21 14:41:57.107, 5, 59, 19900
2026/05/21 14:41:57.107, 6, 50, 19930
2026/05/21 14:41:57.108, 7, 29, 13902
2026/05/21 14:41:57.701, 0, 98, 24290
2026/05/21 14:41:57.702, 1, 93, 23418
2026/05/21 14:41:57.702, 2, 93, 23418
2026/05/21 14:41:57.702, 3, 93, 23418
2026/05/21 14:41:57.703, 4, 93, 23418
2026/05/21 14:41:57.703, 5, 78, 19900
2026/05/21 14:41:57.703, 6, 77, 19930
2026/05/21 14:41:57.703, 7, 47, 13902
2026/05/21 14:41:58.296, 0, 98, 24290
2026/05/21 14:41:58.296, 1, 93, 23418
2026/05/21 14:41:58.296, 2, 93, 23418
2026/05/21 14:41:58.296, 3, 93, 23418
2026/05/21 14:41:58.297, 4, 93, 23418
2026/05/21 14:41:58.297, 5, 78, 19900
2026/05/21 14:41:58.297, 6, 77, 19930
2026/05/21 14:41:58.297, 7, 47, 13902
2026/05/21 14:41:58.893, 0, 82, 24290
2026/05/21 14:41:58.894, 1, 70, 23418
2026/05/21 14:41:58.894, 2, 69, 23418
2026/05/21 14:41:58.894, 3, 70, 23418
2026/05/21 14:41:58.894, 4, 76, 23418
2026/05/21 14:41:58.895, 5, 59, 19900
2026/05/21 14:41:58.895, 6, 74, 19930
2026/05/21 14:41:58.895, 7, 44, 13902
2026/05/21 14:41:59.516, 0, 98, 24290
2026/05/21 14:41:59.517, 1, 93, 23418
2026/05/21 14:41:59.518, 2, 93, 23418
2026/05/21 14:41:59.518, 3, 93, 23418
2026/05/21 14:41:59.519, 4, 93, 23418
2026/05/21 14:41:59.520, 5, 78, 19900
2026/05/21 14:41:59.521, 6, 77, 19930
2026/05/21 14:41:59.521, 7, 48, 13902
2026/05/21 14:42:00.103, 0, 98, 24290
2026/05/21 14:42:00.104, 1, 93, 23418
2026/05/21 14:42:00.104, 2, 93, 23418
2026/05/21 14:42:00.104, 3, 93, 23418
2026/05/21 14:42:00.106, 4, 93, 23418
2026/05/21 14:42:00.106, 5, 78, 19900
2026/05/21 14:42:00.106, 6, 76, 19930
2026/05/21 14:42:00.107, 7, 47, 13902
2026/05/21 14:42:00.707, 0, 41, 24290
2026/05/21 14:42:00.707, 1, 71, 23418
2026/05/21 14:42:00.708, 2, 73, 23418
2026/05/21 14:42:00.708, 3, 71, 23418
2026/05/21 14:42:00.709, 4, 73, 23418
2026/05/21 14:42:00.709, 5, 64, 19900
2026/05/21 14:42:00.709, 6, 59, 19930
2026/05/21 14:42:00.710, 7, 36, 13902
2026/05/21 14:42:01.291, 0, 98, 24290
2026/05/21 14:42:01.291, 1, 92, 23418
2026/05/21 14:42:01.291, 2, 92, 23418
2026/05/21 14:42:01.292, 3, 92, 23418
2026/05/21 14:42:01.292, 4, 92, 23418
2026/05/21 14:42:01.292, 5, 77, 19900
2026/05/21 14:42:01.292, 6, 76, 19930
2026/05/21 14:42:01.293, 7, 47, 13902
2026/05/21 14:42:01.893, 0, 98, 24290
2026/05/21 14:42:01.894, 1, 93, 23418
2026/05/21 14:42:01.894, 2, 93, 23418
2026/05/21 14:42:01.895, 3, 93, 23418
2026/05/21 14:42:01.896, 4, 93, 23418
2026/05/21 14:42:01.896, 5, 78, 19900
2026/05/21 14:42:01.896, 6, 76, 19930
2026/05/21 14:42:01.897, 7, 47, 13902
2026/05/21 14:42:02.517, 0, 39, 24290
2026/05/21 14:42:02.517, 1, 88, 23418
2026/05/21 14:42:02.518, 2, 72, 23418
2026/05/21 14:42:02.518, 3, 87, 23418
2026/05/21 14:42:02.518, 4, 71, 23418
2026/05/21 14:42:02.518, 5, 60, 19900
2026/05/21 14:42:02.518, 6, 60, 19930
2026/05/21 14:42:02.519, 7, 36, 13902
2026/05/21 14:42:03.111, 0, 98, 24290
2026/05/21 14:42:03.111, 1, 93, 23418
2026/05/21 14:42:03.111, 2, 93, 23418
2026/05/21 14:42:03.112, 3, 93, 23418
2026/05/21 14:42:03.112, 4, 93, 23418
2026/05/21 14:42:03.112, 5, 78, 19900
2026/05/21 14:42:03.112, 6, 77, 19930
2026/05/21 14:42:03.113, 7, 48, 13902
2026/05/21 14:42:03.718, 0, 98, 24290
2026/05/21 14:42:03.719, 1, 93, 23418
2026/05/21 14:42:03.719, 2, 93, 23418
2026/05/21 14:42:03.719, 3, 93, 23418
2026/05/21 14:42:03.719, 4, 93, 23418
2026/05/21 14:42:03.720, 5, 78, 19900
2026/05/21 14:42:03.720, 6, 77, 19930
2026/05/21 14:42:03.720, 7, 47, 13902
2026/05/21 14:42:04.313, 0, 60, 24290
2026/05/21 14:42:04.313, 1, 73, 23418
2026/05/21 14:42:04.313, 2, 73, 23418
2026/05/21 14:42:04.314, 3, 73, 23418
2026/05/21 14:42:04.314, 4, 73, 23418
2026/05/21 14:42:04.314, 5, 60, 19900
2026/05/21 14:42:04.314, 6, 59, 19930
2026/05/21 14:42:04.314, 7, 36, 13902
2026/05/21 14:42:04.905, 0, 98, 24290
2026/05/21 14:42:04.905, 1, 94, 23418
2026/05/21 14:42:04.906, 2, 94, 23418
2026/05/21 14:42:04.906, 3, 94, 23418
2026/05/21 14:42:04.906, 4, 94, 23418
2026/05/21 14:42:04.906, 5, 78, 19900
2026/05/21 14:42:04.907, 6, 77, 19930
2026/05/21 14:42:04.907, 7, 47, 13902
2026/05/21 14:42:05.502, 0, 98, 24290
2026/05/21 14:42:05.502, 1, 94, 23418
2026/05/21 14:42:05.502, 2, 94, 23418
2026/05/21 14:42:05.503, 3, 94, 23418
2026/05/21 14:42:05.503, 4, 93, 23418
2026/05/21 14:42:05.503, 5, 78, 19900
2026/05/21 14:42:05.503, 6, 77, 19930
2026/05/21 14:42:05.504, 7, 47, 13902
2026/05/21 14:42:06.096, 0, 91, 24290
2026/05/21 14:42:06.096, 1, 72, 23418
2026/05/21 14:42:06.096, 2, 71, 23418
2026/05/21 14:42:06.097, 3, 72, 23418
2026/05/21 14:42:06.097, 4, 71, 23418
2026/05/21 14:42:06.097, 5, 61, 19900
2026/05/21 14:42:06.097, 6, 68, 19930
2026/05/21 14:42:06.098, 7, 40, 13902
2026/05/21 14:42:06.694, 0, 95, 24290
2026/05/21 14:42:06.694, 1, 97, 23418
2026/05/21 14:42:06.694, 2, 95, 23418
2026/05/21 14:42:06.694, 3, 97, 23418
2026/05/21 14:42:06.695, 4, 96, 23418
2026/05/21 14:42:06.695, 5, 80, 19900
2026/05/21 14:42:06.695, 6, 79, 19930
2026/05/21 14:42:06.695, 7, 48, 13902
2026/05/21 14:42:07.288, 0, 98, 24290
2026/05/21 14:42:07.288, 1, 93, 23418
2026/05/21 14:42:07.288, 2, 93, 23418
2026/05/21 14:42:07.289, 3, 93, 23418
2026/05/21 14:42:07.289, 4, 93, 23418
2026/05/21 14:42:07.289, 5, 78, 19900
2026/05/21 14:42:07.290, 6, 76, 19930
2026/05/21 14:42:07.290, 7, 47, 13902
2026/05/21 14:42:07.882, 0, 39, 24290
2026/05/21 14:42:07.882, 1, 71, 23418
2026/05/21 14:42:07.883, 2, 83, 23418
2026/05/21 14:42:07.883, 3, 71, 23418
2026/05/21 14:42:07.883, 4, 71, 23418
2026/05/21 14:42:07.884, 5, 60, 19900
2026/05/21 14:42:07.884, 6, 60, 19930
2026/05/21 14:42:07.884, 7, 37, 13902
2026/05/21 14:42:08.476, 0, 98, 24290
2026/05/21 14:42:08.477, 1, 93, 23418
2026/05/21 14:42:08.477, 2, 93, 23418
2026/05/21 14:42:08.477, 3, 93, 23418
2026/05/21 14:42:08.477, 4, 92, 23418
2026/05/21 14:42:08.478, 5, 78, 19900
2026/05/21 14:42:08.478, 6, 76, 19930
2026/05/21 14:42:08.479, 7, 47, 13902
2026/05/21 14:42:09.071, 0, 33, 24290
2026/05/21 14:42:09.072, 1, 85, 23418
2026/05/21 14:42:09.072, 2, 93, 23418
2026/05/21 14:42:09.072, 3, 86, 23418
2026/05/21 14:42:09.072, 4, 80, 23418
2026/05/21 14:42:09.072, 5, 15, 19900
2026/05/21 14:42:09.073, 6, 23, 19930
2026/05/21 14:42:09.073, 7, 56, 13902
2026/05/21 14:42:09.686, 0, 98, 24290
2026/05/21 14:42:09.687, 1, 93, 23418
2026/05/21 14:42:09.687, 2, 93, 23418
2026/05/21 14:42:09.687, 3, 94, 23418
2026/05/21 14:42:09.688, 4, 93, 23418
2026/05/21 14:42:09.688, 5, 78, 19900
2026/05/21 14:42:09.688, 6, 76, 19930
2026/05/21 14:42:09.689, 7, 47, 13902
2026/05/21 14:42:10.285, 0, 98, 24290
2026/05/21 14:42:10.286, 1, 93, 23418
2026/05/21 14:42:10.286, 2, 93, 23418
2026/05/21 14:42:10.286, 3, 93, 23418
2026/05/21 14:42:10.286, 4, 91, 23418
2026/05/21 14:42:10.287, 5, 78, 19900
2026/05/21 14:42:10.287, 6, 33, 19930
2026/05/21 14:42:10.287, 7, 50, 13902
2026/05/21 14:42:10.909, 0, 98, 24290
2026/05/21 14:42:10.910, 1, 94, 23418
2026/05/21 14:42:10.911, 2, 94, 23418
2026/05/21 14:42:10.911, 3, 94, 23418
2026/05/21 14:42:10.912, 4, 93, 23418
2026/05/21 14:42:10.913, 5, 78, 19900
2026/05/21 14:42:10.914, 6, 77, 19930
2026/05/21 14:42:10.914, 7, 47, 13902
2026/05/21 14:42:11.534, 0, 98, 24290
2026/05/21 14:42:11.535, 1, 93, 23418
2026/05/21 14:42:11.535, 2, 94, 23418
2026/05/21 14:42:11.535, 3, 93, 23418
2026/05/21 14:42:11.535, 4, 93, 23418
2026/05/21 14:42:11.535, 5, 78, 19900
2026/05/21 14:42:11.536, 6, 77, 19930
2026/05/21 14:42:11.536, 7, 47, 13902
2026/05/21 14:42:12.131, 0, 26, 24290
2026/05/21 14:42:12.131, 1, 95, 23418
2026/05/21 14:42:12.131, 2, 88, 23418
2026/05/21 14:42:12.131, 3, 94, 23418
2026/05/21 14:42:12.131, 4, 94, 23418
2026/05/21 14:42:12.132, 5, 61, 19900
2026/05/21 14:42:12.132, 6, 51, 19930
2026/05/21 14:42:12.132, 7, 47, 13902
2026/05/21 14:42:12.722, 0, 98, 24290
2026/05/21 14:42:12.722, 1, 93, 23418
2026/05/21 14:42:12.723, 2, 94, 23418
2026/05/21 14:42:12.723, 3, 94, 23418
2026/05/21 14:42:12.723, 4, 93, 23418
2026/05/21 14:42:12.723, 5, 78, 19900
2026/05/21 14:42:12.723, 6, 77, 19930
2026/05/21 14:42:12.724, 7, 47, 13902
2026/05/21 14:42:13.315, 0, 13, 24290
2026/05/21 14:42:13.315, 1, 90, 23418
2026/05/21 14:42:13.315, 2, 78, 23418
2026/05/21 14:42:13.315, 3, 88, 23418
2026/05/21 14:42:13.316, 4, 93, 23418
2026/05/21 14:42:13.316, 5, 52, 19900
2026/05/21 14:42:13.316, 6, 43, 19930
2026/05/21 14:42:13.316, 7, 70, 13902
2026/05/21 14:42:13.886, 0, 98, 24290
2026/05/21 14:42:13.886, 1, 93, 23418
2026/05/21 14:42:13.887, 2, 93, 23418
2026/05/21 14:42:13.887, 3, 93, 23418
2026/05/21 14:42:13.887, 4, 93, 23418
2026/05/21 14:42:13.887, 5, 78, 19900
2026/05/21 14:42:13.887, 6, 76, 19930
2026/05/21 14:42:13.888, 7, 47, 13902
2026/05/21 14:42:14.465, 0, 0, 24290
2026/05/21 14:42:14.466, 1, 80, 23418
2026/05/21 14:42:14.466, 2, 68, 23418
2026/05/21 14:42:14.466, 3, 78, 23418
2026/05/21 14:42:14.467, 4, 82, 23418
2026/05/21 14:42:14.467, 5, 43, 19900
2026/05/21 14:42:14.467, 6, 77, 19930
2026/05/21 14:42:14.468, 7, 47, 13902
2026/05/21 14:42:15.069, 0, 98, 24290
2026/05/21 14:42:15.069, 1, 93, 23418
2026/05/21 14:42:15.070, 2, 93, 23418
2026/05/21 14:42:15.071, 3, 94, 23418
2026/05/21 14:42:15.071, 4, 93, 23418
2026/05/21 14:42:15.072, 5, 79, 19900
2026/05/21 14:42:15.072, 6, 77, 19930
2026/05/21 14:42:15.072, 7, 47, 13902
2026/05/21 14:42:15.673, 0, 0, 24290
2026/05/21 14:42:15.673, 1, 75, 23418
2026/05/21 14:42:15.673, 2, 64, 23418
2026/05/21 14:42:15.675, 3, 73, 23418
2026/05/21 14:42:15.676, 4, 78, 23418
2026/05/21 14:42:15.676, 5, 40, 19900
2026/05/21 14:42:15.676, 6, 31, 19930
2026/05/21 14:42:15.677, 7, 79, 13902
2026/05/21 14:42:16.321, 0, 98, 24290
2026/05/21 14:42:16.321, 1, 94, 23418
2026/05/21 14:42:16.321, 2, 93, 23418
2026/05/21 14:42:16.322, 3, 92, 23418
2026/05/21 14:42:16.322, 4, 92, 23418
2026/05/21 14:42:16.322, 5, 77, 19900
2026/05/21 14:42:16.322, 6, 60, 19930
2026/05/21 14:42:16.323, 7, 37, 13902
2026/05/21 14:42:16.908, 0, 0, 24290
2026/05/21 14:42:16.908, 1, 0, 23418
2026/05/21 14:42:16.908, 2, 0, 23418
2026/05/21 14:42:16.908, 3, 0, 23418
2026/05/21 14:42:16.909, 4, 0, 23418
2026/05/21 14:42:16.909, 5, 30, 19900
2026/05/21 14:42:16.909, 6, 22, 19930
2026/05/21 14:42:16.909, 7, 84, 13902
2026/05/21 14:42:17.511, 0, 98, 24290
2026/05/21 14:42:17.512, 1, 94, 23418
2026/05/21 14:42:17.512, 2, 94, 23418
2026/05/21 14:42:17.512, 3, 94, 23418
2026/05/21 14:42:17.512, 4, 93, 23418
2026/05/21 14:42:17.513, 5, 78, 19900
2026/05/21 14:42:17.513, 6, 77, 19930
2026/05/21 14:42:17.513, 7, 47, 13902
2026/05/21 14:42:18.104, 0, 0, 24290
2026/05/21 14:42:18.105, 1, 0, 23418
2026/05/21 14:42:18.105, 2, 0, 23418
2026/05/21 14:42:18.105, 3, 0, 23418
2026/05/21 14:42:18.105, 4, 0, 23418
2026/05/21 14:42:18.106, 5, 20, 19900
2026/05/21 14:42:18.106, 6, 12, 19930
2026/05/21 14:42:18.106, 7, 90, 13902
2026/05/21 14:42:18.697, 0, 98, 24290
2026/05/21 14:42:18.698, 1, 93, 23418
2026/05/21 14:42:18.698, 2, 93, 23418
2026/05/21 14:42:18.698, 3, 93, 23418
2026/05/21 14:42:18.699, 4, 93, 23418
2026/05/21 14:42:18.699, 5, 78, 19900
2026/05/21 14:42:18.699, 6, 77, 19930
2026/05/21 14:42:18.699, 7, 46, 13902
2026/05/21 14:42:19.288, 0, 0, 24290
2026/05/21 14:42:19.288, 1, 0, 23418
2026/05/21 14:42:19.288, 2, 0, 23418
2026/05/21 14:42:19.288, 3, 0, 23418
2026/05/21 14:42:19.289, 4, 0, 23418
2026/05/21 14:42:19.289, 5, 10, 19900
2026/05/21 14:42:19.289, 6, 4, 19930
2026/05/21 14:42:19.289, 7, 96, 13902
2026/05/21 14:42:19.899, 0, 98, 24290
2026/05/21 14:42:19.899, 1, 93, 23418
2026/05/21 14:42:19.900, 2, 93, 23418
2026/05/21 14:42:19.900, 3, 93, 23418
2026/05/21 14:42:19.900, 4, 93, 23418
2026/05/21 14:42:19.900, 5, 79, 19900
2026/05/21 14:42:19.900, 6, 77, 19930
2026/05/21 14:42:19.901, 7, 47, 13902
2026/05/21 14:42:20.530, 0, 0, 24290
2026/05/21 14:42:20.530, 1, 0, 23418
2026/05/21 14:42:20.530, 2, 0, 23418
2026/05/21 14:42:20.531, 3, 0, 23418
2026/05/21 14:42:20.531, 4, 0, 23418
2026/05/21 14:42:20.531, 5, 15, 19900
2026/05/21 14:42:20.531, 6, 20, 19930
2026/05/21 14:42:20.531, 7, 58, 13902
2026/05/21 14:42:21.144, 0, 98, 24290
2026/05/21 14:42:21.144, 1, 92, 23418
2026/05/21 14:42:21.144, 2, 91, 23418
2026/05/21 14:42:21.145, 3, 92, 23418
2026/05/21 14:42:21.145, 4, 91, 23418
2026/05/21 14:42:21.145, 5, 77, 19900
2026/05/21 14:42:21.146, 6, 76, 19930
2026/05/21 14:42:21.146, 7, 46, 13902
2026/05/21 14:42:21.748, 0, 88, 24290
2026/05/21 14:42:21.749, 1, 88, 23418
2026/05/21 14:42:21.749, 2, 6, 23418
2026/05/21 14:42:21.749, 3, 90, 23418
2026/05/21 14:42:21.750, 4, 84, 23418
2026/05/21 14:42:21.750, 5, 22, 19900
2026/05/21 14:42:21.750, 6, 28, 19930
2026/05/21 14:42:21.751, 7, 54, 13902
2026/05/21 14:42:22.352, 0, 98, 24290
2026/05/21 14:42:22.352, 1, 93, 23418
2026/05/21 14:42:22.353, 2, 92, 23418
2026/05/21 14:42:22.353, 3, 93, 23418
2026/05/21 14:42:22.354, 4, 93, 23418
2026/05/21 14:42:22.355, 5, 77, 19900
2026/05/21 14:42:22.356, 6, 76, 19930
2026/05/21 14:42:22.356, 7, 46, 13902
2026/05/21 14:42:22.943, 0, 97, 24290
2026/05/21 14:42:22.944, 1, 94, 23418
2026/05/21 14:42:22.944, 2, 94, 23418
2026/05/21 14:42:22.945, 3, 94, 23418
2026/05/21 14:42:22.946, 4, 93, 23418
2026/05/21 14:42:22.947, 5, 28, 19900
2026/05/21 14:42:22.947, 6, 34, 19930
2026/05/21 14:42:22.947, 7, 49, 13902
2026/05/21 14:42:23.545, 0, 98, 24290
2026/05/21 14:42:23.545, 1, 94, 23418
2026/05/21 14:42:23.546, 2, 93, 23418
2026/05/21 14:42:23.546, 3, 94, 23418
2026/05/21 14:42:23.546, 4, 93, 23418
2026/05/21 14:42:23.546, 5, 77, 19900
2026/05/21 14:42:23.546, 6, 77, 19930
2026/05/21 14:42:23.547, 7, 47, 13902
2026/05/21 14:42:24.171, 0, 98, 24290
2026/05/21 14:42:24.172, 1, 94, 23418
2026/05/21 14:42:24.172, 2, 94, 23418
2026/05/21 14:42:24.172, 3, 94, 23418
2026/05/21 14:42:24.172, 4, 94, 23418
2026/05/21 14:42:24.173, 5, 79, 19900
2026/05/21 14:42:24.173, 6, 77, 19930
2026/05/21 14:42:24.173, 7, 44, 13902
2026/05/21 14:42:24.765, 0, 74, 24290
2026/05/21 14:42:24.765, 1, 96, 23418
2026/05/21 14:42:24.765, 2, 94, 23418
2026/05/21 14:42:24.765, 3, 96, 23418
2026/05/21 14:42:24.765, 4, 96, 23418
2026/05/21 14:42:24.766, 5, 79, 19900
2026/05/21 14:42:24.766, 6, 78, 19930
2026/05/21 14:42:24.766, 7, 48, 13902
2026/05/21 14:42:25.340, 0, 98, 24290
2026/05/21 14:42:25.340, 1, 93, 23418
2026/05/21 14:42:25.341, 2, 93, 23418
2026/05/21 14:42:25.341, 3, 93, 23418
2026/05/21 14:42:25.341, 4, 93, 23418
2026/05/21 14:42:25.341, 5, 78, 19900
2026/05/21 14:42:25.341, 6, 76, 19930
2026/05/21 14:42:25.342, 7, 39, 13902
2026/05/21 14:42:25.934, 0, 61, 24290
2026/05/21 14:42:25.934, 1, 87, 23418
2026/05/21 14:42:25.934, 2, 93, 23418
2026/05/21 14:42:25.935, 3, 85, 23418
2026/05/21 14:42:25.935, 4, 90, 23418
2026/05/21 14:42:25.935, 5, 78, 19900
2026/05/21 14:42:25.935, 6, 77, 19930
2026/05/21 14:42:25.935, 7, 48, 13902
2026/05/21 14:42:26.501, 0, 0, 24290
2026/05/21 14:42:26.501, 1, 0, 23418
2026/05/21 14:42:26.501, 2, 0, 23418
2026/05/21 14:42:26.502, 3, 0, 23418
2026/05/21 14:42:26.502, 4, 0, 23418
2026/05/21 14:42:26.502, 5, 0, 19900
2026/05/21 14:42:26.502, 6, 0, 19930
2026/05/21 14:42:26.502, 7, 0, 13902
